track_id,genre,corpus,file_path,estimated_key,mode,key_correlation,tempo_bpm,beat_count,mean_ibi_sec,ibi_std_sec,mean_beat_strength,rms_mean,rms_std,lufs_integrated,dynamic_range_db,spectral_centroid_mean,spectral_bandwidth_mean,spectral_flux_mean,log_attack_time_ms,mfcc_1_mean,mfcc_2_mean,mfcc_3_mean,mfcc_4_mean,mfcc_5_mean,mfcc_6_mean,mfcc_7_mean,mfcc_8_mean,mfcc_9_mean,mfcc_10_mean,mfcc_11_mean,mfcc_12_mean,mfcc_13_mean,onsets_per_second,textural_grain_mean,ssm_mean_affinity,chroma_C,chroma_C#,chroma_D,chroma_D#,chroma_E,chroma_F,chroma_F#,chroma_G,chroma_G#,chroma_A,chroma_A#,chroma_B
1maQdXRvqcu58cRPJGPZDC,compas,caribbean,../data/raw/audio/compas/1maQdXRvqcu58cRPJGPZDC.m4a,G,minor,0.60269263869737,129.19921875,62,0.4819092227054756,0.0438265999800015,5.093006610870361,0.2887127697467804,0.184071734547615,-11.604259517213915,115.00780487060548,1572.7348295088702,1859.5251763459323,1.2230818271636963,35.64625850340136,-87.90455627441406,111.89524841308594,-4.389725685119629,21.17277717590332,2.7247469425201416,6.457137107849121,-1.8049523830413816,0.9308454394340516,-1.2101045846939087,-2.029106378555298,-6.834020137786865,-6.702653884887695,-8.586038589477539,3.3,0.0061430325731635,0.0213491781207555,0.4399217665195465,0.30649739503860474,0.6351073384284973,0.34116482734680176,0.5232594013214111,0.5933125615119934,0.5405905246734619,0.7195823788642883,0.4568941593170166,0.5342950820922852,0.4707179069519043,0.3130842447280884
7fQLUCOYcafUT9ZppkUjCj,compas,caribbean,../data/raw/audio/compas/7fQLUCOYcafUT9ZppkUjCj.m4a,C#,major,0.4441368753048992,117.45383522727272,59,0.5056345296739385,0.0202441122916333,4.205978870391846,0.2962603569030761,0.097005657851696,-10.811776825874883,26.078304290771484,2838.903008895669,2854.513721010549,1.455910086631775,31.42857142857143,-2.708890199661255,79.38307189941406,7.509683132171631,5.906636714935303,6.428208827972412,2.0825376510620117,-0.2007642835378646,5.286302089691162,-7.552994251251221,7.566379070281982,0.5606318712234497,-0.393010675907135,-0.6409908533096313,4.633333333333334,0.034318882972002,0.0173163917276377,0.4287168085575104,0.6749270558357239,0.5528202056884766,0.8334376215934753,0.7583574652671814,0.8695448040962219,0.7225573062896729,0.5479682683944702,0.6310498714447021,0.3622766137123108,0.42084336280822754,0.26692792773246765
5vy8UHH3N8G7gJeKdMZhto,compas,caribbean,../data/raw/audio/compas/5vy8UHH3N8G7gJeKdMZhto.m4a,F,minor,0.6343763675552532,129.19921875,61,0.4682690854119425,0.0147872203558063,4.702586650848389,0.1097849532961845,0.0433545112609863,-18.90418953816804,31.918800354003903,3052.200812543232,3097.9319598969114,1.424876689910889,103.26530612244898,-129.56346130371094,67.29096221923828,28.077903747558594,18.86799430847168,16.04329490661621,12.841760635375977,0.1814197301864624,-0.2920214831829071,-8.977023124694824,1.1269168853759766,-6.678824424743652,0.3751928508281708,-8.027570724487305,5.5,0.0228389259427785,0.0195712763342468,0.7183013558387756,0.3741459846496582,0.2505466341972351,0.23555073142051697,0.38147372007369995,0.4947851896286011,0.24039165675640106,0.328314870595932,0.3841143846511841,0.2654171884059906,0.4411723017692566,0.3497096598148346
5gdTDWskPEc1QlJ4mukqBd,compas,caribbean,../data/raw/audio/compas/5gdTDWskPEc1QlJ4mukqBd.m4a,F,minor,0.3892017759806703,129.19921875,62,0.471631537861046,0.0160327617866849,4.573917865753174,0.3021198809146881,0.2322048544883728,-11.699440580415256,31.856555938720703,1458.1304854670211,1695.5787465272776,1.480063557624817,79.22902494331066,-124.8067398071289,132.2290496826172,-28.077898025512695,-2.273902654647827,-1.99806010723114,-5.319056987762451,8.310647010803223,-4.012506484985352,-13.020326614379885,23.58782196044922,-0.729799211025238,-2.89139986038208,-0.4206998944282532,4.433333333333334,0.0047059338539838,0.0177697602294153,0.38055887818336487,0.37088555097579956,0.38287991285324097,0.5700158476829529,0.6869989037513733,0.8692100644111633,0.7695344090461731,0.6292883157730103,0.5125906467437744,0.3509924113750458,0.3868435025215149,0.26155519485473633
4hMEtRcqIwQN236DnzSJ9D,compas,caribbean,../data/raw/audio/compas/4hMEtRcqIwQN236DnzSJ9D.m4a,F,minor,0.7314170772394307,95.703125,47,0.6314818101153505,0.0157779587880131,5.678310871124268,0.1836559623479843,0.0847847759723663,-15.637931625853192,25.710756301879883,2036.687040297135,2317.823088816807,1.6696219444274902,41.043083900226755,-115.42684173583984,111.93585205078124,6.014123916625977,15.042397499084473,13.317602157592772,-4.839951992034912,-5.423968315124512,0.0968040227890014,-19.452791213989254,5.570528030395508,-14.13884735107422,-5.146481990814209,-2.4238030910491943,4.233333333333333,0.0145721947774291,0.0193993627118492,0.722180187702179,0.40799015760421753,0.2932470142841339,0.3693573474884033,0.26577064394950867,0.574678897857666,0.28176718950271606,0.39503416419029236,0.40460705757141113,0.31099456548690796,0.4770587086677551,0.3051234483718872
28UIO1DJniieh8KdJrWu38,compas,caribbean,../data/raw/audio/compas/28UIO1DJniieh8KdJrWu38.m4a,C,major,0.843652959458629,103.359375,52,0.5741247610155173,0.0315502110647068,5.193140029907227,0.1208082064986229,0.0438365973532199,-18.303344571976204,25.390182495117188,2701.2480984881586,2611.793384199065,1.4959064722061155,8.344671201814059,-95.50638580322266,68.18631744384766,-12.1165189743042,19.6732120513916,10.205842971801758,19.30763816833496,3.5601348876953125,6.14976692199707,-6.986945629119873,1.440194010734558,-6.807140827178955,-0.6977685689926147,-3.986449718475342,6.433333333333334,0.0295567400753498,0.0183777070314277,0.7430970668792725,0.5274941921234131,0.6733435988426208,0.5815014243125916,0.7496441602706909,0.7107977271080017,0.5879902243614197,0.6950423121452332,0.5407877564430237,0.6942455768585205,0.5444372296333313,0.6739367246627808
2w8po8PRgHeArH9vFedgu5,compas,caribbean,../data/raw/audio/compas/2w8po8PRgHeArH9vFedgu5.m4a,A,major,0.7033360495525663,107.666015625,54,0.5542121251016129,0.0251294767968045,5.038376331329346,0.2331538647413253,0.0564473643898963,-13.587129903852386,26.939666748046875,2595.860370302042,2805.9442217299156,1.5889679193496704,110.61224489795916,-49.65753936767578,78.21702575683594,23.8761043548584,32.2937126159668,3.904564380645752,9.664331436157228,-1.6059695482254028,6.502159595489502,-1.5703935623168943,4.430172920227051,1.576577067375183,2.2264723777770996,-0.434497594833374,6.1,0.0230555310845375,0.0198275148536863,0.39793258905410767,0.47310781478881836,0.4369756281375885,0.31277647614479065,0.4353642761707306,0.354220449924469,0.4034043550491333,0.3380489647388458,0.49696746468544006,0.625449538230896,0.47474661469459534,0.4586011469364166
4dqYIcB0YWsaWamg7sy8yT,compas,caribbean,../data/raw/audio/compas/4dqYIcB0YWsaWamg7sy8yT.m4a,E,minor,0.8111917031617069,143.5546875,69,0.4237641723356009,0.0204511692467941,5.888646125793457,0.1767295151948928,0.0731012448668479,-15.362292154053344,47.4010124206543,2140.2576860901004,2404.326380775894,1.7249698638916016,201.5419501133787,-102.92581939697266,91.3310546875,13.258248329162598,41.70368194580078,2.8839683532714844,12.463680267333984,2.1026618480682373,3.204421281814575,-4.180811405181885,3.995871543884278,-2.9711709022521973,4.487774848937988,-3.1490235328674316,4.766666666666667,0.0128685031086206,0.0196678053029013,0.5935731530189514,0.5197127461433411,0.5886000394821167,0.5721133351325989,0.7246713042259216,0.4661167562007904,0.5406476855278015,0.6009985208511353,0.5944588780403137,0.5674688816070557,0.47437912225723267,0.5918625593185425
3nAd0WfZ6L6JpSUVkSneD4,compas,caribbean,../data/raw/audio/compas/3nAd0WfZ6L6JpSUVkSneD4.m4a,C,major,0.6389528171599405,143.5546875,72,0.4159969339848616,0.0216095082514926,4.89362096786499,0.203008085489273,0.0612942278385162,-14.643295280565155,25.815879821777344,1779.842083607421,2206.2225576395754,1.7531107664108276,129.297052154195,-100.59925079345705,112.74557495117188,12.080732345581056,31.765424728393555,2.0802533626556396,9.444405555725098,-2.874403238296509,6.622539520263672,-6.314327239990234,4.9968037605285645,-3.878550291061402,0.1507993340492248,-4.942763805389404,5.9,0.0076081613078713,0.0195962787540498,0.6825200915336609,0.5406590104103088,0.5868620872497559,0.5189610719680786,0.6767508387565613,0.4559709429740906,0.3774983584880829,0.5325785279273987,0.4356181025505066,0.4778898358345032,0.4052204191684723,0.5567773580551147
2DwGRZehHXB56Vvo8XVZrE,compas,caribbean,../data/raw/audio/compas/2DwGRZehHXB56Vvo8XVZrE.m4a,D,major,0.5529760539658,99.38401442307692,49,0.5940438397581255,0.0114475920217194,7.764579772949219,0.2266560345888137,0.1043947041034698,-13.494036890269571,28.81815719604492,2571.487774068397,2713.383462076794,1.8199656009674072,180.5442176870748,-61.74644470214844,78.51509857177734,12.156501770019531,24.309572219848633,10.824642181396484,14.128771781921388,1.088899850845337,4.570184230804443,-8.582149505615234,0.1087542548775672,-1.806953191757202,0.3705865740776062,-2.274228572845459,5.233333333333333,0.0230259820818901,0.0193419588882675,0.41348692774772644,0.47717413306236267,0.6270602941513062,0.4673158526420593,0.6107755303382874,0.5061967968940735,0.7001278400421143,0.795638918876648,0.7217772603034973,0.7378859519958496,0.4564932584762573,0.4191259741783142
0s25z8PjpKE196nyAvMdwL,compas,caribbean,../data/raw/audio/compas/0s25z8PjpKE196nyAvMdwL.m4a,F#,major,0.7165962409882641,172.265625,83,0.3463171284774072,0.0189131395243675,4.063792705535889,0.0461332723498344,0.0231755934655666,-25.38723275567339,40.74878692626953,2121.082560055384,1965.6164885440992,1.3390552997589111,23.6734693877551,-209.50970458984375,103.71253204345705,-38.170021057128906,50.126258850097656,-18.725317001342773,16.35443878173828,-22.396169662475582,2.488475561141968,-16.132349014282227,4.244891166687012,-5.923946857452393,2.330787897109986,-14.61258602142334,3.8666666666666663,0.0078596621751785,0.0190612148311602,0.4811391532421112,0.44974714517593384,0.3780975043773651,0.4544035792350769,0.288498193025589,0.44642436504364014,0.5449888706207275,0.3548226058483124,0.488931804895401,0.31888166069984436,0.43972915410995483,0.4503301978111267
4crPoq823VZmAnigUrjLz3,compas,caribbean,../data/raw/audio/compas/4crPoq823VZmAnigUrjLz3.m4a,C,minor,0.6251809352995497,112.34714673913044,54,0.5450117657125743,0.0124380706252308,4.958690643310547,0.280166745185852,0.0821377038955688,-11.783370194905856,23.041749954223633,2119.353264568174,2458.7633149771204,1.7567191123962402,36.55328798185941,-53.49153900146485,95.22089385986328,10.428985595703123,30.67690086364746,11.035507202148438,7.235041618347168,-1.2719346284866333,6.4980316162109375,-6.492621421813965,4.156828880310059,-1.4003562927246094,1.5594903230667114,-3.0265772342681885,6.566666666666666,0.0120432339608669,0.0181021433956987,0.7364625930786133,0.6621206402778625,0.6862859725952148,0.6187328696250916,0.4314613938331604,0.4465443193912506,0.47502806782722473,0.6594913005828857,0.48036906123161316,0.41674739122390747,0.45706602931022644,0.5754489898681641
4GXkqACWesUbbksmHyy0ij,compas,caribbean,../data/raw/audio/compas/4GXkqACWesUbbksmHyy0ij.m4a,F#,minor,0.3804475420092085,123.046875,62,0.4803866027285231,0.0107530825004493,10.051647186279297,0.237244501709938,0.1048632934689521,-14.596450616348289,29.03140640258789,1875.9797200179091,2310.942050376105,1.980542778968811,234.42176870748295,-85.64813995361328,107.33921813964844,0.2884814441204071,27.88100242614746,4.562719345092773,17.501060485839844,2.938948154449463,2.4638800621032715,8.662897109985352,14.484912872314451,4.478489398956299,6.977726459503174,1.2371017932891846,4.366666666666666,0.0162941981106996,0.0164623875436073,0.2982737421989441,0.2831171452999115,0.3788149952888489,0.3800419270992279,0.6553118228912354,0.8613076210021973,0.8852764964103699,0.6538383960723877,0.5381844639778137,0.6260159611701965,0.3760974109172821,0.3558785915374756
11aYR5P0rt3S8xoTQAFnsh,compas,caribbean,../data/raw/audio/compas/11aYR5P0rt3S8xoTQAFnsh.m4a,C,minor,0.4340370567444885,117.45383522727272,59,0.501631089217296,0.012892072875611,6.2739434242248535,0.2300809770822525,0.0769874155521392,-13.57075659389086,26.884113311767575,2237.0544582639254,2493.846251575244,1.6274288892745972,219.13832199546485,-47.06241607666016,94.537841796875,9.03205680847168,25.230560302734375,-9.238523483276367,11.888586044311523,-2.7286746501922607,2.417156457901001,-3.500068426132202,0.8417848944664001,3.963766574859619,8.835990905761719,-0.655345618724823,4.966666666666667,0.0166729763150215,0.0181285784415844,0.7642263770103455,0.7632953524589539,0.7875760793685913,0.648825466632843,0.5314577221870422,0.5164785385131836,0.4330471158027649,0.6231395602226257,0.3649440109729767,0.44181427359580994,0.41511857509613037,0.3938226103782654
2aFUdYM6WFHBWLskha77u0,compas,caribbean,../data/raw/audio/compas/2aFUdYM6WFHBWLskha77u0.m4a,G#,minor,0.8515316840537273,99.38401442307692,47,0.6173479246771172,0.0475808560707308,5.064764976501465,0.2469522505998611,0.0963986217975616,-13.32260437952292,31.86340713500977,1580.5317728534535,2490.2086327196307,1.456271052360535,40.86167800453515,-139.19342041015625,115.69744110107422,52.46785354614258,26.615724563598633,24.21819496154785,4.552436828613281,-3.5709714889526367,3.2143683433532715,0.5352216362953186,-5.723602771759033,-8.034972190856934,-0.6615504026412964,-10.910752296447754,4.166666666666667,0.0036795227788388,0.0205173373856689,0.21917414665222168,0.34570181369781494,0.2897293269634247,0.5580160021781921,0.34094664454460144,0.2297702431678772,0.3694103956222534,0.3277600109577179,0.60882568359375,0.26927801966667175,0.27254509925842285,0.365224152803421
66MNPmfZD8UyECxytEDlok,compas,caribbean,../data/raw/audio/compas/66MNPmfZD8UyECxytEDlok.m4a,C,major,0.8229542460646493,112.34714673913044,53,0.5429897087039944,0.0328865157908084,4.865695476531982,0.0958448871970176,0.0328888781368732,-20.36313674498085,27.268375396728516,2549.8734935597786,2474.539033527916,1.5413585901260376,86.48526077097506,-123.6655044555664,74.44583892822266,-3.572274684906006,41.2200927734375,5.860604763031006,2.064737319946289,-3.7720677852630615,5.967653274536133,-10.163453102111816,2.898653984069824,-2.2198736667633057,1.4288359880447388,-3.426649808883667,6.133333333333334,0.0253424681723117,0.0187487007002301,0.7089245915412903,0.42687106132507324,0.4884093701839447,0.31776854395866394,0.40481242537498474,0.5170187950134277,0.3947274386882782,0.4830363690853119,0.3390091061592102,0.4052489995956421,0.40382149815559387,0.43129825592041016
7DtOdp6zc9DV1Z7vAiirrm,compas,caribbean,../data/raw/audio/compas/7DtOdp6zc9DV1Z7vAiirrm.m4a,A,minor,0.541826185534973,135.99917763157896,66,0.4397502180359323,0.0190507819640632,6.5529022216796875,0.1248106360435485,0.0506207086145877,-18.69082675879375,30.102170944213867,3135.3559664321547,3091.626885181145,1.8988152742385864,53.560090702947846,-127.13655853271484,53.036136627197266,16.42245101928711,24.22734642028809,22.027915954589844,8.263410568237305,8.983447074890137,7.066112995147705,-5.419243812561035,8.015822410583496,2.48470687866211,10.129252433776855,-5.688134670257568,5.766666666666667,0.0364545881748199,0.0188044486445431,0.571550726890564,0.3757195770740509,0.3950366973876953,0.3434450924396515,0.47417834401130676,0.5496805310249329,0.4987436830997467,0.7435976266860962,0.6681270599365234,0.7857785820960999,0.5120461583137512,0.4857783317565918
7mMolOiriMDBnr5n0xgMRv,compas,caribbean,../data/raw/audio/compas/7mMolOiriMDBnr5n0xgMRv.m4a,E,minor,0.5889848407607403,99.38401442307692,49,0.6095238095238095,0.0290249433106576,5.676891326904297,0.2823425233364105,0.1881849616765976,-11.749889598561891,108.35208892822266,1692.5025171319826,1949.9953814230007,1.2051446437835691,45.17006802721089,-68.5784912109375,103.89287567138672,-21.81154441833496,21.981813430786133,-2.5063915252685547,11.091435432434082,-11.124971389770508,4.3007636070251465,-4.628269195556641,-4.763467788696289,-3.646923542022705,-1.6070111989974976,-4.5019965171813965,3.966666666666667,0.0066766827367246,0.022523057544731,0.24501179158687592,0.3397219181060791,0.39560121297836304,0.30945324897766113,0.6760904788970947,0.463487833738327,0.7098013162612915,0.6438487768173218,0.45423898100852966,0.5447929501533508,0.3189235329627991,0.5098667740821838
2DOhcFKSE5fqVwnmZGrE1x,compas,caribbean,../data/raw/audio/compas/2DOhcFKSE5fqVwnmZGrE1x.m4a,F#,major,0.7165962409882641,172.265625,83,0.3463171284774072,0.0189131395243675,4.063792705535889,0.0461332723498344,0.0231755934655666,-25.38723275567339,40.74878692626953,2121.082560055384,1965.6164885440992,1.3390552997589111,23.6734693877551,-209.50970458984375,103.71253204345705,-38.170021057128906,50.126258850097656,-18.725317001342773,16.35443878173828,-22.396169662475582,2.488475561141968,-16.132349014282227,4.244891166687012,-5.923946857452393,2.330787897109986,-14.61258602142334,3.8666666666666663,0.0078596621751785,0.0190612148311602,0.4811391532421112,0.44974714517593384,0.3780975043773651,0.4544035792350769,0.288498193025589,0.44642436504364014,0.5449888706207275,0.3548226058483124,0.488931804895401,0.31888166069984436,0.43972915410995483,0.4503301978111267
4ZvUXzOIQUJu7iTPTJ3L3o,compas,caribbean,../data/raw/audio/compas/4ZvUXzOIQUJu7iTPTJ3L3o.m4a,C#,minor,0.6313514833962467,117.45383522727272,43,0.4997818810063709,0.0254554047718792,5.716477870941162,0.268543928861618,0.0883102566003799,-13.411166860541094,21.41393661499023,2022.5846225714135,2456.4009320470086,1.445839762687683,79.54648526077098,-50.43141174316406,99.73690032958984,14.72893238067627,30.103818893432617,3.5304524898529053,13.224759101867676,2.043152332305908,5.413766384124756,-4.024575710296631,3.719512939453125,-2.8991458415985107,3.1986935138702393,0.8649828433990479,4.833333333333333,0.0137480068951845,0.0192022655277927,0.5553210973739624,0.7832103967666626,0.5428501963615417,0.5596882104873657,0.5851753354072571,0.463809609413147,0.5697731971740723,0.43642887473106384,0.5957245826721191,0.3666760325431824,0.23410969972610474,0.22119520604610443
1ZB5B5ybM3KwNkQyPBeKgA,compas,caribbean,../data/raw/audio/compas/1ZB5B5ybM3KwNkQyPBeKgA.m4a,D#,major,0.5865876468424742,135.99917763157896,67,0.4454009482580911,0.0197645044058444,5.1566877365112305,0.2768043577671051,0.079645961523056,-12.147772652811629,27.05537796020508,2504.1585038475832,2666.120912245291,1.5926026105880735,63.40136054421769,-24.928991317749023,76.7080078125,-0.5556602478027344,21.259729385375977,2.2598352432250977,8.625908851623535,1.084172606468201,3.2488348484039307,-5.375560283660889,13.75441837310791,9.433337211608888,2.368924856185913,2.0394906997680664,5.0,0.021727081388235,0.0231673425179124,0.36021918058395386,0.3489924967288971,0.31645044684410095,0.5328969359397888,0.34105363488197327,0.5278863906860352,0.3598235845565796,0.4173213541507721,0.6145779490470886,0.6028069257736206,0.6715845465660095,0.3143533766269684
6ow8GAPTFe4sqwbsZe7bgd,compas,caribbean,../data/raw/audio/compas/6ow8GAPTFe4sqwbsZe7bgd.m4a,E,minor,0.7478819808406661,123.046875,62,0.4811479127169993,0.0266349715192218,5.566576957702637,0.1888332962989807,0.0816980674862861,-15.32148638546243,29.172863006591797,2205.675845119715,2579.364666446263,1.752535700798035,4.081632653061225,-109.31208038330078,97.55634307861328,32.011653900146484,22.865896224975582,0.4843076467514038,6.620685577392578,-7.896149635314941,7.019010543823242,-5.346365451812744,5.717063903808594,3.4576940536499023,4.3700785636901855,-2.531087875366211,5.366666666666666,0.0134698254987597,0.0197758689952179,0.5460609197616577,0.4312659204006195,0.6302075982093811,0.5466482639312744,0.6694328784942627,0.5314491391181946,0.5854263305664062,0.6905205249786377,0.5134538412094116,0.5885815024375916,0.593647837638855,0.6179473400115967
4SRYGZsbHrmH7E9xMVz4Wm,compas,caribbean,../data/raw/audio/compas/4SRYGZsbHrmH7E9xMVz4Wm.m4a,B,major,0.5842686994495687,123.046875,60,0.4801414351051155,0.0162459140313798,3.642531394958496,0.298039823770523,0.0714728981256485,-10.14464825227307,23.907548904418945,3438.75398357971,2935.7630683181796,1.1568535566329956,256.4172335600907,35.789390563964844,50.21791458129883,-3.449497699737549,17.70896339416504,9.77159595489502,9.011693000793455,-2.453122615814209,8.226622581481934,-0.801081120967865,9.48100757598877,0.927053928375244,6.317541599273682,0.5642092823982239,3.8666666666666663,0.0765809342265129,0.0201453082909104,0.3702651262283325,0.41903823614120483,0.36138916015625,0.5968078374862671,0.547585666179657,0.48434028029441833,0.7147899270057678,0.4750889241695404,0.6525252461433411,0.5224553346633911,0.5168496966362,0.5205917358398438
72Hur8MTRFb0vTIPxZAvPD,compas,caribbean,../data/raw/audio/compas/72Hur8MTRFb0vTIPxZAvPD.m4a,C#,major,0.7844164012440511,117.45383522727272,59,0.514442098678552,0.0349768749882353,7.476820468902588,0.1698918342590332,0.0839464366436004,-15.068852554770736,33.62644958496094,2124.1296822000186,2309.2362118407514,2.031677484512329,8.253968253968255,-105.36012268066406,98.4015121459961,-17.784908294677734,-6.90272331237793,-3.2375028133392334,7.8099541664123535,4.069826602935791,-2.1025140285491943,-5.762250900268555,6.78403902053833,-1.0534255504608154,-4.640933990478516,-0.8273411989212036,4.666666666666667,0.0161805897951126,0.018494849802675,0.5085597634315491,0.6366972923278809,0.5366056561470032,0.643243670463562,0.510897159576416,0.6069566011428833,0.678978681564331,0.5190929174423218,0.6761940717697144,0.4652957022190094,0.5271031260490417,0.48109006881713867
2LLC986CtUQiGb8xrxXpBC,compas,caribbean,../data/raw/audio/compas/2LLC986CtUQiGb8xrxXpBC.m4a,F#,major,0.7242753795058944,172.265625,84,0.342144632953583,0.0135271257781342,3.988736867904663,0.0447493232786655,0.0224837735295295,-25.66530859782534,40.4986686706543,2122.2825986078115,1967.7640656811695,1.3378100395202637,5.98639455782313,-212.46543884277344,103.57638549804688,-37.97039413452149,50.00595474243164,-18.631603240966797,16.285091400146484,-22.307693481445312,2.4637413024902344,-16.084562301635742,4.2115020751953125,-5.89741325378418,2.3097078800201416,-14.637126922607422,3.966666666666667,0.0079674748703837,0.01918476098908,0.47719189524650574,0.44837692379951477,0.3744049370288849,0.45476585626602173,0.2843110263347626,0.4403907060623169,0.5454875826835632,0.3480808138847351,0.488591730594635,0.3133649528026581,0.4369215965270996,0.4459061324596405
7wNcauA9rPbdrzd71yvtPR,compas,caribbean,../data/raw/audio/compas/7wNcauA9rPbdrzd71yvtPR.m4a,D#,major,0.5308507877717169,99.38401442307692,50,0.6060882039890787,0.0308493319226805,6.840646743774414,0.273281455039978,0.0827885866165161,-12.30386841166134,27.98330307006836,2666.7497520708025,2808.820140562875,1.7981935739517212,14.240362811791384,-38.19029235839844,72.84437561035156,7.040369987487793,21.376502990722656,6.2108378410339355,6.1074323654174805,1.021804690361023,-1.7007886171340942,-10.854987144470217,9.077532768249512,9.85890769958496,1.014327883720398,0.8986037969589233,5.733333333333333,0.02601501904428,0.0216267027017874,0.38605061173439026,0.3468405306339264,0.3200330138206482,0.4949490427970886,0.3508380651473999,0.5585902333259583,0.35905203223228455,0.39478784799575806,0.5913858413696289,0.5897040367126465,0.6717579364776611,0.33566799759864807
70HQUSkmOiDpOmNOlrNhf0,compas,caribbean,../data/raw/audio/compas/70HQUSkmOiDpOmNOlrNhf0.m4a,C#,major,0.805529673035683,143.5546875,69,0.4285447512338269,0.0115646944665873,6.255270481109619,0.1208596974611282,0.0465128235518932,-18.62467296142527,176.27308654785156,2903.7561879825766,2976.6300118495856,1.4967780113220217,276.0997732426304,-118.18181610107422,64.95182800292969,21.519580841064453,31.43054580688477,13.673262596130373,7.485611438751221,-0.5606741309165955,1.394424557685852,-2.8360891342163086,8.061538696289062,1.990728735923767,6.592464923858643,-2.7352664470672607,4.266666666666667,0.0294494275003671,0.0212300237088094,0.4072168171405792,0.6444846987724304,0.39977148175239563,0.58122718334198,0.3417978882789612,0.4359065592288971,0.512489378452301,0.36442843079566956,0.5867429375648499,0.3556821048259735,0.45484107732772827,0.49224257469177246
0luMzwvDZz5b6qtG5PkB22,compas,caribbean,../data/raw/audio/compas/0luMzwvDZz5b6qtG5PkB22.m4a,D,major,0.6666902313158248,172.265625,83,0.3488656600851723,0.0050970632155301,6.307790756225586,0.2331250607967376,0.1007228568196296,-13.341184959674852,25.07166290283203,2316.0850019261434,2715.63329965187,1.7371327877044678,171.42857142857142,-68.05201721191406,91.00281524658205,13.391350746154783,14.558221817016602,9.19249153137207,0.6559080481529236,-3.1931779384613037,-1.0614631175994873,-9.157241821289062,-2.311711549758911,-8.278465270996094,0.5808849334716797,-4.195206165313721,5.466666666666667,0.0149150229990482,0.0189230712610518,0.3347325623035431,0.4568108320236206,0.6064541935920715,0.43317854404449463,0.6018373370170593,0.554866373538971,0.7457714676856995,0.6796324253082275,0.5723186135292053,0.6893141269683838,0.36454951763153076,0.46419236063957214
0I03sESN9fvEBT2Yxkpauu,compas,caribbean,../data/raw/audio/compas/0I03sESN9fvEBT2Yxkpauu.m4a,A,minor,0.541826185534973,135.99917763157896,66,0.4397502180359323,0.0190507819640632,6.5529022216796875,0.1248106360435485,0.0506207086145877,-18.69082675879375,30.102170944213867,3135.3559664321547,3091.626885181145,1.8988152742385864,53.560090702947846,-127.13655853271484,53.036136627197266,16.42245101928711,24.22734642028809,22.027915954589844,8.263410568237305,8.983447074890137,7.066112995147705,-5.419243812561035,8.015822410583496,2.48470687866211,10.129252433776855,-5.688134670257568,5.766666666666667,0.0364545881748199,0.0188044486445431,0.571550726890564,0.3757195770740509,0.3950366973876953,0.3434450924396515,0.47417834401130676,0.5496805310249329,0.4987436830997467,0.7435976266860962,0.6681270599365234,0.7857785820960999,0.5120461583137512,0.4857783317565918
7D3DFAxOY8tfLNbi6O0mwZ,compas,caribbean,../data/raw/audio/compas/7D3DFAxOY8tfLNbi6O0mwZ.m4a,G,minor,0.60269263869737,129.19921875,62,0.4819092227054756,0.0438265999800015,5.093006610870361,0.2887127697467804,0.184071734547615,-11.604259517213915,115.00780487060548,1572.7348295088702,1859.5251763459323,1.2230818271636963,35.64625850340136,-87.90455627441406,111.89524841308594,-4.389725685119629,21.17277717590332,2.7247469425201416,6.457137107849121,-1.8049523830413816,0.9308454394340516,-1.2101045846939087,-2.029106378555298,-6.834020137786865,-6.702653884887695,-8.586038589477539,3.3,0.0061430325731635,0.0213491781207555,0.4399217665195465,0.30649739503860474,0.6351073384284973,0.34116482734680176,0.5232594013214111,0.5933125615119934,0.5405905246734619,0.7195823788642883,0.4568941593170166,0.5342950820922852,0.4707179069519043,0.3130842447280884
2M7tsbIA4VNtWjXJaIw5c3,compas,caribbean,../data/raw/audio/compas/2M7tsbIA4VNtWjXJaIw5c3.m4a,D,minor,0.9231495547249876,151.99908088235293,74,0.4001466157239151,0.0098142469402879,5.117009162902832,0.2334626317024231,0.0654375031590461,-13.588865204213704,19.639223098754883,1972.1095174020104,2616.496385481988,1.4946331977844238,14.19501133786848,-90.22190856933594,98.87506103515624,36.01647186279297,23.180936813354492,11.226370811462402,10.19438362121582,4.0151567459106445,-1.8138670921325684,-11.37407398223877,-1.7791855335235596,-2.0251383781433105,5.733330249786377,-5.968667507171631,4.4,0.0068082478828728,0.0208488743344554,0.4426496624946594,0.4152573049068451,0.703865647315979,0.41119691729545593,0.5105516910552979,0.5696579813957214,0.3676152527332306,0.520095944404602,0.34701719880104065,0.6334406733512878,0.45250988006591797,0.31177231669425964
1HtbpdUHGB42LmP4DBvD0J,compas,caribbean,../data/raw/audio/compas/1HtbpdUHGB42LmP4DBvD0J.m4a,D,minor,0.5561359926139973,123.046875,60,0.4947031015796149,0.0264417462331597,6.313497543334961,0.2460290044546127,0.1083518639206886,-13.01452573094923,34.400917053222656,2707.3350509948245,2822.6154465176896,1.9446197748184204,156.14512471655328,-72.359375,77.27804565429688,16.419525146484375,13.72648811340332,15.725153923034668,10.291308403015137,-3.198798179626465,7.3366780281066895,0.2243378162384033,0.175275444984436,3.366276264190674,-0.1129795461893081,-0.56171715259552,4.733333333333333,0.0325004979968071,0.0202142413326541,0.5543220639228821,0.48198649287223816,0.594603419303894,0.4259949326515198,0.43535834550857544,0.47809410095214844,0.4673764705657959,0.46994760632514954,0.39713025093078613,0.40156668424606323,0.5016874074935913,0.34570324420928955
0iMLWtTEhvDDAGkQx9urx7,compas,caribbean,../data/raw/audio/compas/0iMLWtTEhvDDAGkQx9urx7.m4a,C#,minor,0.8127482461933541,112.34714673913044,56,0.5323702329416615,0.0253800662724449,6.665741443634033,0.2739975750446319,0.1066514104604721,-12.814343805748416,32.364715576171875,2307.8011419619406,2628.1934803833065,2.0111734867095947,171.56462585034012,-87.3082275390625,87.80170440673828,36.385746002197266,33.59148406982422,9.62952995300293,10.07807445526123,4.842606067657471,14.947835922241213,-12.35594081878662,6.537159442901611,7.214211940765381,4.084934234619141,6.60473108291626,4.366666666666666,0.0176752973347902,0.0216781393016223,0.360494464635849,0.5326095223426819,0.32838019728660583,0.4326475262641907,0.4063352644443512,0.2511684000492096,0.355238139629364,0.3039836585521698,0.5403005480766296,0.3471956253051758,0.35064896941185,0.3799459636211395
00eEvIf9gSOahDmGrkRabR,compas,caribbean,../data/raw/audio/compas/00eEvIf9gSOahDmGrkRabR.m4a,D,minor,0.6145996634740096,172.265625,83,0.3488656600851723,0.0062554337047726,5.040515422821045,0.3280407190322876,0.0919927358627319,-11.227536134154604,21.15593719482422,2286.5507808350244,2721.080957833824,1.4447864294052124,296.19047619047615,-25.47452735900879,95.03468322753906,15.346973419189451,10.17276668548584,3.2607014179229736,8.43533992767334,-1.2881617546081543,0.3791732788085937,-2.660743474960327,5.490847587585449,-3.1415090560913086,-3.438713788986206,-2.9236130714416504,4.4,0.0174250993877649,0.0214039369102838,0.6065294146537781,0.5225343108177185,0.7351608872413635,0.4975263178348541,0.4760229289531708,0.43087106943130493,0.3129226267337799,0.5386379957199097,0.36974868178367615,0.5163873434066772,0.4162593483924866,0.27104470133781433
3WlGJxoZLaykhlL03bA9hc,compas,caribbean,../data/raw/audio/compas/3WlGJxoZLaykhlL03bA9hc.m4a,E,minor,0.7413806734876339,143.5546875,73,0.4102191987906274,0.0204780751513994,3.485658884048462,0.1661908626556396,0.0711650550365448,-14.950013290261923,29.61304473876953,2286.1740819696715,2427.640190784142,1.46197509765625,48.48072562358277,-78.21186828613281,101.8759536743164,-3.736833095550537,13.526623725891112,10.012602806091309,-0.7485459446907043,-7.491215705871582,8.146461486816406,-11.72148895263672,7.728520393371582,-5.436478614807129,1.1540285348892212,-3.184843063354492,5.366666666666666,0.0189857929944992,0.0187433164993765,0.4452816843986511,0.35739508271217346,0.4145122468471527,0.37906405329704285,0.5739756226539612,0.35790324211120605,0.5233230590820312,0.3911721110343933,0.3334355354309082,0.36675864458084106,0.3182522654533386,0.5516793727874756
0a9ccbWaagKhxLy6uDmDxz,compas,caribbean,../data/raw/audio/compas/0a9ccbWaagKhxLy6uDmDxz.m4a,A,major,0.5327889382760688,112.34714673913044,54,0.5454498780644332,0.0116079105726092,4.794539928436279,0.2424871027469635,0.0918608680367469,-12.229569719805356,21.62386131286621,3122.399107474833,2861.666322489993,1.4182977676391602,23.764172335600907,-17.54854393005371,54.83268356323242,5.306515693664551,19.762989044189453,-3.397300958633423,2.7726080417633057,-4.558166027069092,0.197920948266983,-6.6115336418151855,-2.304234266281128,-8.825881004333496,-1.2682065963745115,-4.9042067527771,5.633333333333334,0.0387704856693744,0.0183016515568817,0.3114667236804962,0.45242857933044434,0.6052313446998596,0.5053800344467163,0.7667003273963928,0.579489529132843,0.590387761592865,0.4678424894809723,0.41885289549827576,0.5268238186836243,0.38186752796173096,0.4487169086933136
0jD8tRXfyxA05jXfsLLOHg,compas,caribbean,../data/raw/audio/compas/0jD8tRXfyxA05jXfsLLOHg.m4a,A,minor,0.8446206834285558,112.34714673913044,54,0.5454498780644333,0.0116079105726091,5.556793212890625,0.1734237372875213,0.0575954504311084,-15.88464373490009,29.00738525390625,2498.2809909621556,2691.842302858905,1.5477644205093384,234.3764172335601,-77.01493835449219,87.53443908691406,22.10942649841309,25.99402236938477,-2.948324203491211,9.145846366882324,-5.4793381690979,-0.2108543515205383,-17.89562225341797,7.921350479125977,6.099164009094238,3.726722002029419,-4.071515083312988,6.2,0.0238757170736789,0.0191437004179734,0.7383242845535278,0.47100403904914856,0.5688036680221558,0.45793071389198303,0.6447674632072449,0.5171158909797668,0.496067613363266,0.6236022710800171,0.4909135103225708,0.768338680267334,0.6237869262695312,0.5956219434738159
4tMDplWclTGxKxrnOGJy8J,compas,caribbean,../data/raw/audio/compas/4tMDplWclTGxKxrnOGJy8J.m4a,D,major,0.7989297466843169,123.046875,61,0.4972940287226002,0.0285305333869389,4.180696964263916,0.2049533575773239,0.0622671023011207,-14.25340759338192,25.82077407836914,2560.224948596443,2716.2672757566493,1.5780705213546753,146.25850340136054,-60.0619010925293,83.56177520751953,12.542521476745604,29.784629821777344,10.962448120117188,9.623456954956056,0.1523617058992386,-7.416971206665039,-3.1495583057403564,4.9413557052612305,-2.3707892894744873,-2.494203805923462,-8.011228561401367,4.533333333333333,0.0195169541984796,0.0192232966279392,0.5061444044113159,0.6761804819107056,0.776857316493988,0.5036647319793701,0.5891450643539429,0.5237576365470886,0.6501479744911194,0.6206482648849487,0.5010657906532288,0.6771721243858337,0.40911534428596497,0.4606371819972992
14kLFobPERs6WKa2jOalp5,compas,caribbean,../data/raw/audio/compas/14kLFobPERs6WKa2jOalp5.m4a,C#,major,0.5968232788469574,112.34714673913044,55,0.5357789535567313,0.0087702964338943,5.506879806518555,0.2978044748306274,0.0775523111224174,-11.367930633609337,21.888280868530273,2603.5184298463055,2839.8086955028957,1.7178137302398682,16.462585034013607,-28.698894500732425,84.5118408203125,24.537689208984375,13.27518081665039,3.1473090648651123,8.33009147644043,-6.296543121337891,7.233253479003906,-4.803456783294678,9.351462364196776,0.0763197839260101,4.378875255584717,-1.8049691915512085,5.266666666666667,0.0245244447141885,0.0202155580565403,0.5112020373344421,0.6172857284545898,0.44953685998916626,0.5855914354324341,0.5341693162918091,0.739290714263916,0.5975969433784485,0.4052182137966156,0.4702269434928894,0.3434169888496399,0.46476489305496216,0.36044079065322876
6PtvYwIwjxzdiGp75CpSEq,compas,caribbean,../data/raw/audio/compas/6PtvYwIwjxzdiGp75CpSEq.m4a,B,major,0.8772402094576859,151.99908088235293,69,0.399861277844471,0.0131144011701639,2.6314125061035156,0.177797794342041,0.0725569278001785,-14.514569905246214,29.590791702270508,2312.525757254866,2470.9464602666844,1.1060551404953003,177.55102040816325,-94.92611694335938,101.99778747558594,-2.186165571212769,3.288602113723755,16.196044921875,13.286873817443848,-4.9914398193359375,11.562912940979004,0.0048351935110986,4.1886491775512695,0.5980692505836487,-5.042521953582764,-1.709053874015808,4.233333333333333,0.0148080764338374,0.0204024966122636,0.11494565010070801,0.2550697922706604,0.08582428842782974,0.18590466678142548,0.36080119013786316,0.1579657942056656,0.5511016249656677,0.14811691641807556,0.291089802980423,0.1325506865978241,0.2798548936843872,0.4896773099899292
0xIEnoTzcsczU2dT9lDncp,compas,caribbean,../data/raw/audio/compas/0xIEnoTzcsczU2dT9lDncp.m4a,C,major,0.708484174627058,112.34714673913044,54,0.5450117657125744,0.0132307028823295,4.5263495445251465,0.0942709594964981,0.0318907462060451,-20.735701272433474,29.389501571655273,2389.2683802722067,2503.6937893877375,1.551746845245361,0.8616780045351474,-127.68109893798828,83.92362976074219,3.306743860244751,32.762081146240234,2.35072922706604,10.275012016296388,1.3326570987701416,3.6314890384674072,-5.868470191955566,2.9613406658172607,-0.7989839911460876,4.351316928863525,0.8674879670143127,4.933333333333334,0.0199470911175012,0.019201292858432,0.6377065777778625,0.5110620856285095,0.6001107692718506,0.4819906949996948,0.5305728316307068,0.599187433719635,0.5848711133003235,0.6221047043800354,0.47167760133743286,0.4596402645111084,0.4381277859210968,0.5119866132736206
15eypk00X8pfkLSz0Xiky2,compas,caribbean,../data/raw/audio/compas/15eypk00X8pfkLSz0Xiky2.m4a,E,major,0.662283899016905,99.38401442307692,50,0.5975584247304364,0.0327626660777681,2.987241744995117,0.1656469851732254,0.0603126510977745,-15.829174040727374,29.253328323364254,2597.1289348923337,2934.975986315308,1.2079297304153442,239.6371882086168,-93.0260009765625,85.11241149902344,15.843400955200195,7.975449085235596,23.33773422241211,16.53166389465332,-6.948000907897949,6.602734088897705,-14.109453201293944,2.0387284755706787,-3.9299137592315674,5.517360687255859,-2.7327449321746826,5.766666666666667,0.0147710544988513,0.0198852488005923,0.28031104803085327,0.42492666840553284,0.45161673426628113,0.40044865012168884,0.49801474809646606,0.32488715648651123,0.3537743389606476,0.3021458685398102,0.35918015241622925,0.3901214003562927,0.3577868640422821,0.4322459101676941
79MRKo4YHKkIGAsplt7TSz,compas,caribbean,../data/raw/audio/compas/79MRKo4YHKkIGAsplt7TSz.m4a,G#,minor,0.616979594201241,112.34714673913044,56,0.5399694908266337,0.0226723379098212,5.297957897186279,0.1559378802776336,0.0853040665388107,-16.79762227503182,25.746074676513672,2175.0841354668537,2584.303293232375,1.5247745513916016,157.41496598639458,-92.418212890625,100.58961486816406,13.517457008361816,13.494832992553713,-4.36312198638916,1.4200656414031982,-2.999929189682007,3.4185211658477783,-6.437185764312744,5.218469619750977,-6.736101150512695,-2.0494801998138428,-6.328465461730957,4.766666666666667,0.0148855717852711,0.0183337844068774,0.39430734515190125,0.5390728712081909,0.4284357726573944,0.5871572494506836,0.6371093392372131,0.5705590844154358,0.7002007365226746,0.5403857827186584,0.7861472964286804,0.6624460816383362,0.6620622277259827,0.6175141334533691
3yTE6IOdcYLlV6TnCzjPA1,compas,caribbean,../data/raw/audio/compas/3yTE6IOdcYLlV6TnCzjPA1.m4a,C,major,0.7801129031229397,161.4990234375,81,0.3657142857142857,0.0100545353001734,7.689033508300781,0.2926449477672577,0.0922249779105186,-11.03458552198764,24.213695526123047,2817.0917778974253,2884.223434420041,1.7869491577148438,238.14058956916105,-7.994261741638184,80.25949096679688,10.527400970458984,7.381707668304443,5.834961891174316,9.186071395874023,-4.868291854858398,8.229832649230957,-2.152097225189209,4.83024263381958,2.185455322265625,8.0110445022583,-2.116560935974121,4.866666666666666,0.0372453704476356,0.0198038157235288,0.6249368190765381,0.42137637734413147,0.5053285956382751,0.4287410378456116,0.6902152895927429,0.6280734539031982,0.4722084105014801,0.590600311756134,0.37358343601226807,0.39683806896209717,0.30013757944107056,0.3608907461166382
0Fk2JzsQIhZvfm5AC0FRKG,compas,caribbean,../data/raw/audio/compas/0Fk2JzsQIhZvfm5AC0FRKG.m4a,A,major,0.6055047626650552,112.34714673913044,55,0.525458973712942,0.0265487484965205,5.658705711364746,0.2011994421482086,0.0844607055187225,-14.983959217362733,34.56161117553711,2341.4008055384106,2885.189399844005,1.620136260986328,11.65532879818594,-107.5237045288086,80.48471069335938,22.463459014892575,21.80532455444336,13.069269180297852,1.3165203332901,-1.4573324918746948,-0.989181399345398,-2.870447874069214,2.783853054046631,0.0351355597376823,2.1572420597076416,-1.86096715927124,4.4,0.0144337592646479,0.0208102241665963,0.5118322968482971,0.5950523614883423,0.6697033643722534,0.5464510917663574,0.7172110676765442,0.588450014591217,0.6130378246307373,0.3718886375427246,0.47161421179771423,0.5624557137489319,0.4544939398765564,0.5470213294029236
2IH54r0aMHxytdDwgrF9AF,compas,caribbean,../data/raw/audio/compas/2IH54r0aMHxytdDwgrF9AF.m4a,E,minor,0.7413806734876339,143.5546875,73,0.4102191987906274,0.0204780751513994,3.485658884048462,0.1661908626556396,0.0711650550365448,-14.950013290261923,29.61304473876953,2286.1740819696715,2427.640190784142,1.46197509765625,48.48072562358277,-78.21186828613281,101.8759536743164,-3.736833095550537,13.526623725891112,10.012602806091309,-0.7485459446907043,-7.491215705871582,8.146461486816406,-11.72148895263672,7.728520393371582,-5.436478614807129,1.1540285348892212,-3.184843063354492,5.366666666666666,0.0189857929944992,0.0187433164993765,0.4452816843986511,0.35739508271217346,0.4145122468471527,0.37906405329704285,0.5739756226539612,0.35790324211120605,0.5233230590820312,0.3911721110343933,0.3334355354309082,0.36675864458084106,0.3182522654533386,0.5516793727874756
0o1aJCYLo904JH0xyA8fgz,compas,caribbean,../data/raw/audio/compas/0o1aJCYLo904JH0xyA8fgz.m4a,C#,minor,0.4402377646534162,95.703125,48,0.6249626091571381,0.026595778039665,4.8621015548706055,0.0866005346179008,0.0384261012077331,-22.702664486836184,27.733808517456055,2260.5017062756524,2580.98391305175,1.3279017210006714,298.86621315192747,-138.34999084472656,96.3570556640625,11.925304412841797,24.21787452697754,-1.8486580848693848,8.691082954406738,-4.519511699676514,4.7945780754089355,-2.776477098464966,5.630443096160889,-3.017704486846924,3.499040126800537,-3.909055709838867,5.666666666666667,0.0173124298453331,0.0180528809212475,0.5837351679801941,0.8781454563140869,0.8975692987442017,0.702012836933136,0.6723649501800537,0.4423588514328003,0.5132570862770081,0.32825756072998047,0.4131302535533905,0.4344072937965393,0.3101981580257416,0.3922887146472931
1waygSn0gHDRqvPjcm5oje,compas,caribbean,../data/raw/audio/compas/1waygSn0gHDRqvPjcm5oje.m4a,F#,minor,0.5156038216276382,107.666015625,52,0.5518153928237961,0.0327051422097257,5.940184593200684,0.2217353582382202,0.0803801789879798,-14.465386668164417,30.77532386779785,1862.4683420888591,2618.2663875263315,1.5744359493255615,55.78231292517007,-117.01482391357422,97.09780883789062,31.44071388244629,34.288185119628906,24.11058235168457,13.41208553314209,13.491569519042969,13.219046592712402,1.5794247388839722,2.924436569213867,-4.461513519287109,-0.4001150131225586,-2.083179473876953,5.033333333333333,0.0101700313389301,0.0206394898099686,0.3635403513908386,0.42888152599334717,0.442893385887146,0.45386525988578796,0.5018897652626038,0.5251603722572327,0.5468247532844543,0.5279031991958618,0.4831203818321228,0.5575920939445496,0.3730189800262451,0.49708718061447144
2QJ9dLiolwZNPl5etYP2MI,compas,caribbean,../data/raw/audio/compas/2QJ9dLiolwZNPl5etYP2MI.m4a,C#,minor,0.7058031157218394,135.99917763157896,51,0.4314267573696145,0.0114604061528841,6.589835166931152,0.2389954775571823,0.0582040846347808,-12.906998656952576,22.32524681091309,2312.821649495844,2524.0446240458323,1.5062682628631592,44.807256235827666,-42.3934326171875,90.10814666748048,2.2051315307617188,22.148277282714844,1.719316482543945,13.02285099029541,1.267569065093994,6.313620567321777,1.726249933242798,3.641670227050781,-0.3725006282329559,-0.6023344993591309,-2.352281332015991,4.533333333333333,0.0245038829743862,0.0198301396446412,0.42669814825057983,0.548885703086853,0.4659472405910492,0.4454481899738312,0.49758127331733704,0.40344101190567017,0.49943169951438904,0.40052035450935364,0.5585209727287292,0.537839412689209,0.4654538631439209,0.5359514951705933
4OVW8eMjcitrqvN8OIjlzo,compas,caribbean,../data/raw/audio/compas/4OVW8eMjcitrqvN8OIjlzo.m4a,A,minor,0.7004081381174845,129.19921875,62,0.4701089178840936,0.0176666571787415,4.234299659729004,0.2093065828084945,0.063474953174591,-14.300886360779096,26.569881439208984,2363.0240679518797,2626.0564734830127,1.5985405445098877,15.646258503401365,-73.18717193603516,84.82511138916016,16.96623420715332,33.05824661254883,4.9630937576293945,-2.566988229751587,1.7473597526550293,3.81147837638855,-8.243608474731445,3.58327579498291,-6.413197040557861,-0.7190800905227661,-3.390695333480835,5.833333333333333,0.0158427339047193,0.0204833503552186,0.537742555141449,0.4851073622703552,0.4632646441459656,0.3744877874851227,0.5303705334663391,0.5679291486740112,0.4973469078540802,0.5517264008522034,0.48595672845840454,0.6774357557296753,0.5620706677436829,0.49230819940567017
6amsRP2Czn4ZGNnkKlWs16,compas,caribbean,../data/raw/audio/compas/6amsRP2Czn4ZGNnkKlWs16.m4a,E,major,0.6306236448204214,135.99917763157896,68,0.4404860053474125,0.0170064946098061,4.271183967590332,0.1281173825263977,0.0447711013257503,-18.794968186700135,31.61091423034668,1826.9804175290735,2142.6965026686426,1.5502307415008545,270.7936507936508,-143.83116149902344,103.8800277709961,-6.230901718139648,34.290035247802734,10.830984115600586,11.017756462097168,0.0234021637588739,7.568776607513428,-2.7013163566589355,4.751784801483154,1.4382673501968384,4.8175859451293945,1.4599778652191162,4.933333333333334,0.0094350418075919,0.0188624919196307,0.5297884345054626,0.5493913292884827,0.42906859517097473,0.46409451961517334,0.601893424987793,0.3871403634548187,0.49565187096595764,0.43683433532714844,0.5313932299613953,0.5353166460990906,0.6468573212623596,0.7229101657867432
1kwXET4mLoZywhrCAmoNUO,compas,caribbean,../data/raw/audio/compas/1kwXET4mLoZywhrCAmoNUO.m4a,E,major,0.6650358041887237,107.666015625,51,0.5661024943310657,0.0146045946831391,8.440250396728516,0.2912826538085937,0.1011088192462921,-12.138178336627034,30.16948127746582,1813.6021452549985,2222.436478594471,1.99389123916626,263.03854875283446,-77.4492416381836,114.60602569580078,9.601255416870115,24.294275283813477,5.644911766052246,5.630494594573975,2.064277172088623,6.332280158996582,2.50307035446167,9.144824028015137,-0.9167463183403016,2.4555845260620117,0.6000743508338928,5.1,0.0109712155535817,0.0202638740932749,0.4492335319519043,0.5612012147903442,0.5012511014938354,0.5437842607498169,0.6686894297599792,0.4876064658164978,0.5773475766181946,0.41377344727516174,0.4486624002456665,0.5281726121902466,0.3811759948730469,0.5203577876091003
6vSGww1ki10GWPwP5SbFJR,compas,caribbean,../data/raw/audio/compas/6vSGww1ki10GWPwP5SbFJR.m4a,G,minor,0.5174201295536113,129.19921875,62,0.4640184379762834,0.0142529755119093,5.910629749298096,0.1913584619760513,0.0699114724993705,-15.18477341397958,35.815650939941406,1663.0919532385883,2144.8106375040084,1.9426779747009275,275.6916099773243,-147.7169647216797,104.5584716796875,13.169304847717283,53.165870666503906,24.23595428466797,-0.0640276744961738,-5.084462642669678,11.02464199066162,-2.15537691116333,-2.066012144088745,-2.867861270904541,6.517331600189209,4.663101673126221,5.633333333333334,0.0055715418420732,0.0206228786240081,0.48873576521873474,0.46045437455177307,0.5128508806228638,0.4767363369464874,0.3394497334957123,0.4050558805465698,0.40740540623664856,0.5763359069824219,0.6386057138442993,0.5471709370613098,0.5749143958091736,0.3462836444377899
4569sM0HnxgbZloyPOIB70,compas,caribbean,../data/raw/audio/compas/4569sM0HnxgbZloyPOIB70.m4a,C,major,0.6903193592202912,172.265625,86,0.3469334400426837,0.0114603735950512,8.761018753051758,0.2632576525211334,0.1131541207432746,-12.893400657858928,29.443531036376953,2474.6821043651225,2860.3650131955974,1.8048653602600095,11.383219954648528,-110.03180694580078,68.48210144042969,30.931753158569336,28.04326438903809,10.33205223083496,4.299878120422363,-4.334038734436035,1.6659109592437744,2.242270231246948,14.499095916748049,-0.8038861751556396,9.9463529586792,4.687653541564941,5.266666666666667,0.0186033602803945,0.0247355671133611,0.6337112784385681,0.39817142486572266,0.453240305185318,0.4068148136138916,0.534942626953125,0.6004937887191772,0.5115472674369812,0.684691309928894,0.5841975808143616,0.6220547556877136,0.5343518257141113,0.46300405263900757
3LV4lHJfAiQeprF21jDJec,compas,caribbean,../data/raw/audio/compas/3LV4lHJfAiQeprF21jDJec.m4a,E,minor,0.6624264211998137,151.99908088235293,76,0.3842128495842781,0.012742563508578,4.44277811050415,0.2295646071434021,0.0758827850222587,-12.503968925680432,34.65395736694336,2209.604337107378,2321.2999573733896,1.5639697313308716,231.38321995464852,-47.978214263916016,96.61597442626952,-13.18669319152832,5.427822589874268,-14.469563484191896,-2.15582275390625,-11.53835678100586,-3.690964460372925,-7.900416374206543,1.802659034729004,-2.488112211227417,-0.076775424182415,-6.168934345245361,4.833333333333333,0.013361963443458,0.0189006777265286,0.3501521050930023,0.26533347368240356,0.43970629572868347,0.4098397493362427,0.6173945069313049,0.4548172056674957,0.32784509658813477,0.42470094561576843,0.3191954493522644,0.39430657029151917,0.2599196434020996,0.33610427379608154
4blJBuVIajkXrLzWjLch2N,compas,caribbean,../data/raw/audio/compas/4blJBuVIajkXrLzWjLch2N.m4a,C,minor,0.6251718268308855,112.34714673913044,54,0.5450117657125743,0.0124380706252308,4.958861827850342,0.2801671922206878,0.0821374505758285,-11.783367476642722,23.042400360107425,2119.333401923187,2458.7452901414567,1.7567784786224363,36.55328798185941,-53.4908332824707,95.22004699707033,10.427386283874512,30.67723274230957,11.037036895751951,7.237236499786377,-1.2712873220443726,6.496025562286377,-6.493602275848389,4.157729148864746,-1.4012495279312134,1.5600433349609375,-3.026580810546875,6.566666666666666,0.0120448283851146,0.0180932610180518,0.7364655137062073,0.6621103882789612,0.6862868070602417,0.618720531463623,0.43146178126335144,0.44653117656707764,0.47502756118774414,0.6594915390014648,0.48035192489624023,0.416740357875824,0.4570663869380951,0.5754504799842834
0rePjvOyCeKTNRP46AOZMl,compas,caribbean,../data/raw/audio/compas/0rePjvOyCeKTNRP46AOZMl.m4a,F#,minor,0.6420256740978317,107.666015625,54,0.552459675694177,0.0182435791051082,3.534950017929077,0.3161145746707916,0.0874807685613632,-11.380475905374311,20.91904067993164,2213.211479682575,2703.0438928144017,1.3478927612304688,3.9002267573696145,-29.70546531677246,101.09817504882812,20.689374923706055,6.859974384307861,2.054542779922486,0.7124195098876953,-6.0078020095825195,0.6653213500976562,-3.997551679611206,4.2045416831970215,1.9828139543533323,0.1546007692813873,-1.2290887832641602,4.233333333333333,0.0137470178306102,0.0191050554918952,0.3278322219848633,0.43827030062675476,0.442074716091156,0.43293190002441406,0.6560021042823792,0.5429993867874146,0.7400234341621399,0.45847225189208984,0.5159986019134521,0.5582203269004822,0.40266895294189453,0.561090350151062
1ClNPMTFEKVSZBgTBVoweW,zouk,caribbean,../data/raw/audio/zouk/1ClNPMTFEKVSZBgTBVoweW.m4a,C,major,0.657597780651132,92.28515625,45,0.6438260152545867,0.0234110686096952,9.014260292053224,0.1745167523622512,0.0763140544295311,-14.985387655929785,30.974750518798828,3230.239506841635,3015.120203473023,2.2656443119049072,84.26303854875283,-71.75405883789062,60.17258834838867,11.440491676330566,13.50723361968994,7.873247146606445,9.023757934570312,3.3375065326690674,1.8173534870147705,-4.075084209442139,3.025400161743164,-3.0591847896575928,-0.9930102229118348,-2.4854395389556885,5.5,0.0517080575227737,0.0192623766716995,0.7466626167297363,0.5463390350341797,0.715316653251648,0.6100310683250427,0.6930752396583557,0.7436177134513855,0.7175527215003967,0.785744845867157,0.6351215839385986,0.6795332431793213,0.7202357649803162,0.6903657913208008
5ac0SAEu5Mcac0mJ2UnuDt,zouk,caribbean,../data/raw/audio/zouk/5ac0SAEu5Mcac0mJ2UnuDt.m4a,C,major,0.512373185833574,135.99917763157896,66,0.4540394208965637,0.0425298866011607,6.614014625549316,0.354759156703949,0.0879599377512931,-10.45305806759953,31.66376686096191,2527.321737350851,2658.443353620238,1.8061387538909912,45.759637188208615,-29.983274459838867,77.4940414428711,1.379421353340149,7.417259216308594,-6.8928141593933105,3.503685474395752,-2.5670619010925293,9.148088455200195,-7.072357654571533,4.536448955535889,-4.001729965209961,0.9666588306427002,3.1421849727630615,4.433333333333334,0.0260155834257602,0.0157850867001721,0.3064771294593811,0.2045200616121292,0.2670305669307709,0.2227141261100769,0.3888593018054962,0.6008830666542053,0.4294797480106354,0.5453974604606628,0.2646545171737671,0.3353723883628845,0.1965615451335907,0.22687990963459015
23lOcXkNdlXVphRhkr0mkH,zouk,caribbean,../data/raw/audio/zouk/23lOcXkNdlXVphRhkr0mkH.m4a,D,major,0.6218675241479542,135.99917763157896,67,0.4457527657527658,0.0218495376301099,5.544948101043701,0.2109415382146835,0.0767773985862732,-14.143387837781251,32.093528747558594,2441.6920183507227,2582.321021005708,1.70438551902771,157.9591836734694,-65.49579620361328,83.63179016113281,9.581241607666016,28.704442977905273,-0.7653383612632751,9.275876998901367,-4.186548233032227,0.3374073207378387,-2.160916328430176,5.172735214233398,1.2738431692123413,5.130779266357422,-0.7006162405014038,4.866666666666666,0.0262504406273365,0.0194921238611985,0.5728340744972229,0.6079370975494385,0.6611315608024597,0.4719347059726715,0.44747352600097656,0.3621932566165924,0.5130375027656555,0.568243682384491,0.4977104663848877,0.7019895911216736,0.5674404501914978,0.5660325288772583
3sYvtDJULrrECIOu1UvMNa,zouk,caribbean,../data/raw/audio/zouk/3sYvtDJULrrECIOu1UvMNa.m4a,F#,minor,0.7991954262637424,129.19921875,61,0.4686560846560846,0.0279578496617759,6.937613487243652,0.3149451613426208,0.1017326116561889,-10.175116737536593,43.92431640625,2547.714324289574,2559.185399246929,2.1551427841186523,5.714285714285714,-34.217166900634766,75.30980682373047,-0.4999330937862396,18.91114616394043,-9.172383308410645,1.751878261566162,-11.283452987670898,1.7562891244888306,-18.95473861694336,-3.0943236351013184,-3.0841174125671387,-7.5401787757873535,-4.33563756942749,4.433333333333334,0.0243941247463226,0.0172699338634054,0.4204980731010437,0.5968436598777771,0.49185535311698914,0.4083782136440277,0.44336044788360596,0.48739731311798096,0.7245910167694092,0.5966330170631409,0.5348829627037048,0.6046651005744934,0.5033504366874695,0.5008543729782104
45VGMzti1kNFAgfhg5AiW1,zouk,caribbean,../data/raw/audio/zouk/45VGMzti1kNFAgfhg5AiW1.m4a,C,major,0.4443194530777585,123.046875,39,0.4802864303616183,0.0141995522610686,4.01292610168457,0.0797056555747985,0.0362019874155521,-22.40380749799421,32.26763153076172,2799.011263272986,2716.098979520719,1.285820722579956,233.56009070294783,-143.55621337890625,62.60725402832031,-8.067429542541504,12.824512481689451,-4.546217441558838,0.2894158661365509,-3.9340929985046382,4.425664901733398,3.0267720222473145,3.3371775150299072,-0.1137532815337181,3.932461023330689,0.7067405581474304,4.433333333333334,0.0575777105987072,0.0179479118414316,0.6114314198493958,0.5440708994865417,0.5621337294578552,0.5788520574569702,0.6421990394592285,0.6242335438728333,0.6811818480491638,0.648788571357727,0.5959293842315674,0.5918349623680115,0.5268558263778687,0.5246273279190063
13JNh9ACVCyhyLPs9JvomR,zouk,caribbean,../data/raw/audio/zouk/13JNh9ACVCyhyLPs9JvomR.m4a,A#,major,0.6732173829097186,123.046875,61,0.4887800453514739,0.0255858895061091,3.234417676925659,0.2299951612949371,0.0830297544598579,-12.6225547614147,24.65865135192871,2224.034477584877,2623.0596929860308,1.4108538627624512,139.0476190476191,-52.6419677734375,102.20382690429688,6.159337520599365,9.696697235107422,7.885823726654053,0.6268412470817566,-0.6241024136543274,-5.1957902908325195,-1.265472650527954,1.994968295097351,-6.42728853225708,5.740499019622803,-4.36105489730835,6.066666666666666,0.0149669414386153,0.019033249617298,0.6001346707344055,0.46582287549972534,0.4043031632900238,0.473195880651474,0.4315008521080017,0.5221700072288513,0.3084046542644501,0.41725805401802063,0.4406493008136749,0.38926807045936584,0.6440035104751587,0.40288403630256653
06Uomvsg4Y0gmpaYJvbrbP,zouk,caribbean,../data/raw/audio/zouk/06Uomvsg4Y0gmpaYJvbrbP.m4a,D#,major,0.6019607932706934,95.703125,46,0.634678760393046,0.0218919831877558,5.490512371063232,0.2835642695426941,0.0898109003901481,-11.584379178301626,24.877670288085938,2555.0902381156184,2814.1759968384517,1.489779353141785,85.5328798185941,-17.19809913635254,87.06057739257812,7.46918535232544,10.308177947998049,11.9822416305542,1.838014006614685,-3.485257863998413,0.8196115493774414,-6.68477725982666,4.36054801940918,-2.081202745437622,5.870782852172852,-1.8092689514160156,5.433333333333334,0.0228053964674472,0.0194960433392206,0.5428354144096375,0.5421884655952454,0.5638910531997681,0.7048739194869995,0.6097643375396729,0.648897647857666,0.5021257996559143,0.558137059211731,0.5813658237457275,0.4574107229709625,0.5732948780059814,0.3395579755306244
3bLv5xvPDnSlIebugPc7sQ,zouk,caribbean,../data/raw/audio/zouk/3bLv5xvPDnSlIebugPc7sQ.m4a,F#,major,0.7052952232505023,117.45383522727272,55,0.5069690098261527,0.0359583182200067,5.680606365203857,0.2752959430217743,0.0954369083046913,-13.023128938914608,27.645753860473633,1835.596764414933,2324.771944169028,1.6989742517471311,253.87755102040816,-63.98881912231445,116.91481018066406,4.125095367431641,10.229485511779783,4.685739517211914,3.1977055072784424,3.1931345462799072,-1.0316909551620483,-3.170423746109009,5.220498085021973,-4.161902904510498,2.1079251766204834,-2.686946392059326,5.3,0.0124840410426259,0.0206332441811241,0.45168331265449524,0.5751814246177673,0.3718794286251068,0.46051114797592163,0.54823237657547,0.5065596103668213,0.7316526770591736,0.37302541732788086,0.4743099510669708,0.37252604961395264,0.36440378427505493,0.518534243106842
7MB34EgCJIVf0zCKTjYMuh,zouk,caribbean,../data/raw/audio/zouk/7MB34EgCJIVf0zCKTjYMuh.m4a,A#,major,0.6170975911345763,112.34714673913044,56,0.5294149659863946,0.0252038870896025,6.000245571136475,0.256373256444931,0.0825598314404487,-13.32829394997725,24.64142417907715,2364.8287899823777,2732.106063106138,1.8238600492477417,293.9229024943311,-77.71488952636719,92.16899871826172,3.846595764160156,-6.844165802001953,11.568115234375,7.213725090026856,10.37884521484375,5.40814208984375,7.093050003051758,10.361867904663086,-6.300755023956299,5.333455562591553,1.852028727531433,4.933333333333334,0.0165859255939722,0.0193763044902755,0.4411427080631256,0.39777839183807373,0.4731237590312958,0.5630853176116943,0.515738308429718,0.5726436972618103,0.5204587578773499,0.5740162134170532,0.48526954650878906,0.5179224014282227,0.5753691792488098,0.4017178416252136
3ioD05pNkxSjvm2WC4cNke,zouk,caribbean,../data/raw/audio/zouk/3ioD05pNkxSjvm2WC4cNke.m4a,G,major,0.7982189778070617,69.83741554054055,34,0.8556201470487185,0.0323977878914825,10.475107192993164,0.1986169219017028,0.074777252972126,-14.182799889049896,28.72593879699707,2998.142455603808,2992.6692349513014,2.2066402435302734,116.41723356009072,-66.22457885742188,67.16535949707031,20.39679527282715,19.645326614379883,14.60898494720459,13.890151977539062,6.482433795928955,5.8750410079956055,0.0640106201171875,6.476993560791016,-0.3140526115894317,0.279048353433609,-1.9554468393325808,5.433333333333334,0.0440581627190113,0.0161172206297346,0.5976296067237854,0.4631936252117157,0.7274772524833679,0.5214986205101013,0.5779260396957397,0.607933521270752,0.6699716448783875,0.9269092679023743,0.5424719452857971,0.5484244227409363,0.5854434370994568,0.5822063088417053
3PNFgsZxkBaczvyBmNYzCP,zouk,caribbean,../data/raw/audio/zouk/3PNFgsZxkBaczvyBmNYzCP.m4a,A,minor,0.3466741372357239,112.34714673913044,57,0.5232782636864269,0.0244181571575631,4.933254718780518,0.2166947871446609,0.1413233578205108,-14.594008769521546,34.17662811279297,2268.3457084183456,2705.9539212928275,1.5034799575805664,9.297052154195011,-101.7864227294922,84.72713470458984,24.219358444213867,26.963375091552734,7.24584436416626,13.351895332336426,4.978587627410889,4.4520745277404785,0.4127918779850006,3.8717079162597656,-0.0863244011998176,6.695601463317871,1.7758469581604004,3.8,0.0179657787084579,0.0199464746256141,0.6773955821990967,0.5337204337120056,0.4971641004085541,0.42658567428588867,0.46877044439315796,0.5604110360145569,0.5707017183303833,0.7416210174560547,0.6842974424362183,0.7816745638847351,0.732714831829071,0.6568668484687805
6dC3lFaEftWTpMIb1VMTX3,zouk,caribbean,../data/raw/audio/zouk/6dC3lFaEftWTpMIb1VMTX3.m4a,E,major,0.9068306802439144,89.10290948275862,43,0.6667444120505345,0.0104897062650225,10.52670192718506,0.1463815718889236,0.0804156213998794,-16.826292932151688,36.372074127197266,2426.489666763987,2685.309234404994,1.955122113227844,298.0952380952381,-123.3301773071289,86.38880157470703,13.424843788146973,22.04388999938965,6.818068981170654,4.589046478271484,-3.0614047050476074,4.670877456665039,-1.0428186655044556,1.3894524574279783,-6.786986351013184,-2.4867072105407715,-3.4113528728485107,4.466666666666667,0.021734369918704,0.0197979837187849,0.5199375748634338,0.5373387932777405,0.44139599800109863,0.4893474280834198,0.7217553853988647,0.4936830997467041,0.6297847628593445,0.536528468132019,0.6011740565299988,0.6332488656044006,0.5272478461265564,0.7045934200286865
7IIsViFUZYneEz5md6Azse,zouk,caribbean,../data/raw/audio/zouk/7IIsViFUZYneEz5md6Azse.m4a,E,minor,0.3151562075111965,117.45383522727272,58,0.5083947965150972,0.0166672610785457,5.852585315704346,0.2523503303527832,0.1093392595648765,-12.863335435033727,49.113094329833984,3116.596499156918,3101.9383014068476,1.8167802095413208,149.47845804988663,-77.39569091796875,50.226802825927734,33.481815338134766,27.06284523010254,15.9586820602417,20.376989364624023,1.5974633693695068,1.6631709337234497,-4.669504165649414,4.347195148468018,-0.9837533235549928,-2.0573890209198,-3.366291761398315,4.733333333333333,0.0281579215079545,0.0198087576635138,0.44991692900657654,0.40505731105804443,0.4931911826133728,0.49840378761291504,0.6720417141914368,0.7346799373626709,0.6499207615852356,0.5957112312316895,0.37941256165504456,0.35381650924682617,0.4089545011520386,0.3626857399940491
42fPNDvFrHeGvweIgHGOjU,zouk,caribbean,../data/raw/audio/zouk/42fPNDvFrHeGvweIgHGOjU.m4a,A#,major,0.7509387056127861,107.666015625,52,0.5559130318794184,0.0253578301066557,4.806710720062256,0.1547092348337173,0.0746001675724983,-16.569509573890425,35.546932220458984,2323.115289490247,2643.6866685233645,1.523608922958374,260.4988662131519,-113.18595123291016,87.48108673095703,16.845022201538086,23.49871253967285,0.2677935361862182,6.509884357452393,-0.6007733345031738,-4.041440010070801,-10.508036613464355,-5.645199298858643,-10.219236373901367,-0.2586470544338226,-3.538539171218872,5.0,0.018415967002511,0.0203758312563892,0.5159874558448792,0.36347001791000366,0.49227631092071533,0.4611600935459137,0.3653748333454132,0.5966634154319763,0.3860349953174591,0.5577999353408813,0.4445169270038605,0.6243761777877808,0.6464592814445496,0.357695609331131
3dhvMnSxMK3DVuCPZdmnuZ,zouk,caribbean,../data/raw/audio/zouk/3dhvMnSxMK3DVuCPZdmnuZ.m4a,F,major,0.8844668605308315,123.046875,56,0.4842415996701711,0.0093071521210018,7.700124263763428,0.1186232045292854,0.0492604672908782,-19.2148486140393,28.90019989013672,2103.346443724766,2259.4044762301546,1.7176880836486816,13.741496598639456,-125.75829315185548,92.78311157226562,-14.650708198547363,38.60539627075195,10.90566349029541,19.185640335083008,4.122791290283203,3.7845168113708496,3.904602527618408,11.986320495605469,-1.0669025182724,0.5209897756576538,-0.6943884491920471,4.7,0.017877796664834,0.0187577885468413,0.6113691926002502,0.4218411147594452,0.46748220920562744,0.27659961581230164,0.3650283217430115,0.8078333735466003,0.4143986999988556,0.3495383858680725,0.3558748960494995,0.431884765625,0.49692586064338684,0.4024168848991394
7ndQniiplmIsuyYzObW0MD,zouk,caribbean,../data/raw/audio/zouk/7ndQniiplmIsuyYzObW0MD.m4a,E,major,0.9091234042756337,107.666015625,49,0.5626001511715798,0.0296905292975253,5.604275226593018,0.1988929361104965,0.1120076850056648,-14.176133770828054,31.17186737060547,1854.687630502537,2083.3122041712095,1.5491856336593628,68.20861678004535,-143.79762268066406,117.93221282958984,14.381158828735352,-2.5845632553100586,2.927586317062378,-0.0656197816133499,-10.132652282714844,-2.645202159881592,-13.720292091369627,-2.9516146183013916,-4.219668865203857,-3.528974771499634,-4.712587356567383,3.3333333333333335,0.0126220434904098,0.0213399944407591,0.24580015242099762,0.40038084983825684,0.2033088207244873,0.3408885896205902,0.556206226348877,0.2538887560367584,0.48630067706108093,0.2950848937034607,0.45378726720809937,0.4544512927532196,0.2982160151004791,0.4822368323802948
31kvbR6SIoNPKi7G16Msxm,zouk,caribbean,../data/raw/audio/zouk/31kvbR6SIoNPKi7G16Msxm.m4a,G,minor,0.6811969969286548,99.38401442307692,49,0.599848828420257,0.0128353128697046,6.9913554191589355,0.1923238784074783,0.0729923769831657,-15.330129681997626,98.71829986572266,1779.290229985285,2379.9343341920285,1.6572941541671753,28.798185941043084,-153.49656677246094,104.1850814819336,31.40837860107422,34.16530990600586,19.508928298950195,12.364004135131836,2.4742133617401123,11.920584678649902,0.2274530827999115,6.322543621063232,3.1433165073394775,0.1991860121488571,-2.61152982711792,5.166666666666667,0.0098368152976036,0.0238828773799901,0.44278988242149353,0.3504635691642761,0.44509369134902954,0.39647176861763,0.32469573616981506,0.3982522189617157,0.34461092948913574,0.4935667812824249,0.48274850845336914,0.3849870264530182,0.4560626745223999,0.30401191115379333
0cmtrrR2jnzH1P4hpSZy3Y,zouk,caribbean,../data/raw/audio/zouk/0cmtrrR2jnzH1P4hpSZy3Y.m4a,A#,major,0.8506229991593226,103.359375,52,0.5609212573918456,0.0299318508413624,3.865354061126709,0.1377518624067306,0.1040798127651214,-16.524854406779564,38.570743560791016,2164.3805515521485,2357.5373639947225,1.5779798030853271,159.8639455782313,-136.96482849121094,88.18833923339844,-14.011670112609863,20.799327850341797,4.622006893157959,13.01877212524414,-1.125826716423035,4.689577579498291,-1.9593456983566284,7.635701179504395,-5.356952667236328,-0.5107418894767761,0.4201246201992035,4.6,0.0133736645802855,0.0211667529127021,0.4501326382160187,0.3519357144832611,0.36560264229774475,0.524803638458252,0.35725054144859314,0.5177071690559387,0.37849271297454834,0.4562355577945709,0.3472321629524231,0.3776029348373413,0.5507469773292542,0.3343655467033386
3ob8O9i80KJIPHQg3PjKTu,zouk,caribbean,../data/raw/audio/zouk/3ob8O9i80KJIPHQg3PjKTu.m4a,A,major,0.6473686894168816,129.19921875,63,0.4733874625118865,0.0113101169800559,7.528181076049805,0.0841963663697242,0.0504063889384269,-22.04333192362255,40.69718170166016,2049.98625921569,2381.9780313120814,2.0255746841430664,5.714285714285714,-194.49490356445312,98.42684936523438,-0.2856878936290741,25.227500915527344,15.164960861206056,0.5291256904602051,-3.5894503593444824,10.401424407958984,3.89179801940918,0.5100866556167603,-0.8429042100906372,8.553112030029297,5.752037048339844,5.433333333333334,0.0136530036106705,0.0203591191531002,0.5050020217895508,0.5499064922332764,0.6121529936790466,0.5957178473472595,0.6186051964759827,0.5809342265129089,0.6741597056388855,0.6206780076026917,0.6281159520149231,0.8158113956451416,0.5359014868736267,0.5001050233840942
6Ikk3Eu7MbelrWHMnbQhOT,zouk,caribbean,../data/raw/audio/zouk/6Ikk3Eu7MbelrWHMnbQhOT.m4a,E,major,0.7545648668969196,99.38401442307692,49,0.5998488284202571,0.0086535661714276,8.74673080444336,0.0778163895010948,0.0408418998122215,-21.89162378363867,35.05598831176758,2728.06665849929,2624.793544973468,1.879115104675293,265.44217687074826,-138.3660430908203,73.33256530761719,-9.49631404876709,13.033045768737791,-3.4154531955718994,6.481818675994873,-1.5342637300491333,2.190188407897949,-2.4603004455566406,3.801456928253174,-3.6095376014709473,-2.8152167797088623,-10.474824905395508,5.466666666666667,0.0458555296063423,0.0191899808337162,0.630062460899353,0.5844851732254028,0.5212194919586182,0.5358487367630005,0.6875112652778625,0.5724214911460876,0.6281921863555908,0.5708092451095581,0.595637321472168,0.6473844647407532,0.5425602793693542,0.7852972149848938
1F1RvF0vRdY70xSM34S5SZ,zouk,caribbean,../data/raw/audio/zouk/1F1RvF0vRdY70xSM34S5SZ.m4a,F,minor,0.5460122369259798,123.046875,61,0.4787180650037793,0.0127826969270382,5.188458442687988,0.1337246745824813,0.0645109489560127,-17.890245253697035,33.203670501708984,3664.307953617681,3311.3643368125313,1.7359098196029663,118.63945578231292,-124.74187469482422,36.598854064941406,26.857524871826172,22.301530838012695,9.14724349975586,-2.3379099369049072,5.63492488861084,-1.6108005046844482,-7.135651588439941,-2.026386022567749,-5.473742961883545,0.5102023482322693,-4.731067180633545,5.433333333333334,0.0405912138521671,0.0195327431200494,0.572331964969635,0.5051490068435669,0.3950750529766083,0.4501357078552246,0.4202599823474884,0.5816667675971985,0.5663579106330872,0.6823636293411255,0.7350126504898071,0.5423334836959839,0.5930362939834595,0.44216281175613403
32rDgKWSMTHDYRuzrQmS6e,zouk,caribbean,../data/raw/audio/zouk/32rDgKWSMTHDYRuzrQmS6e.m4a,E,minor,0.6282616981750259,112.34714673913044,55,0.5422289409590997,0.029694859075694,4.6789469718933105,0.2147126048803329,0.1002030223608017,-14.058578797584389,36.78330993652344,2758.841529915828,3004.780989735006,1.4431869983673096,214.3764172335601,-64.76581573486328,74.41151428222656,19.42902183532715,14.823484420776367,10.489203453063965,4.495560169219971,0.435465395450592,5.202376365661621,0.3355752527713775,3.2082324028015137,-11.077168464660645,-2.687323808670044,-3.7949180603027344,3.933333333333333,0.0253347177058458,0.0211076380302907,0.45769232511520386,0.3844973146915436,0.4365440905094147,0.39447516202926636,0.5939822793006897,0.3899649381637573,0.4854520857334137,0.5666183829307556,0.49769270420074463,0.6310284733772278,0.4882591962814331,0.5184878706932068
3DGGcR9ZQjfJvdcl1Ecr9R,zouk,caribbean,../data/raw/audio/zouk/3DGGcR9ZQjfJvdcl1Ecr9R.m4a,F,major,0.7582865771918774,117.45383522727272,56,0.5108390022675737,0.0108460261064134,4.765364646911621,0.232811227440834,0.0855378359556198,-13.008654383859572,26.9637393951416,2795.9651720787656,2811.3964978421445,1.5897201299667358,15.192743764172336,-52.68418502807617,67.77193450927734,12.505796432495115,27.84134864807129,7.868659973144531,4.917608737945557,-7.30460262298584,-1.5346218347549438,-3.411771774291992,1.3846795558929443,-4.645791053771973,0.8534646034240723,-4.813375949859619,5.433333333333334,0.0271857436746358,0.0189922061434001,0.5811200141906738,0.4093993008136749,0.507123589515686,0.46774905920028687,0.45726656913757324,0.684633731842041,0.48555660247802734,0.6185483932495117,0.5342377424240112,0.7320628762245178,0.6626646518707275,0.5014538764953613
5R6kK3ZRUlb2dkI0E3psXo,zouk,caribbean,../data/raw/audio/zouk/5R6kK3ZRUlb2dkI0E3psXo.m4a,A,minor,0.5434819426829947,112.34714673913044,54,0.5454498780644333,0.0194652090265858,7.393601417541504,0.2397392392158508,0.1004207581281662,-13.145471940783011,28.393648147583008,2263.6879246322155,2777.7727824334156,1.9385969638824463,141.13378684807256,-120.70370483398438,83.20913696289062,39.82707595825195,36.567813873291016,12.733720779418944,3.234782457351685,7.609425067901611,0.3423363268375397,-3.129600524902344,4.755072593688965,-8.33291244506836,-1.4512897729873655,-2.655589818954468,4.766666666666667,0.0160623341798782,0.0211416661956522,0.5463420748710632,0.3667759895324707,0.49192649126052856,0.33184316754341125,0.39717233180999756,0.3267909288406372,0.501634955406189,0.4941672682762146,0.4526917040348053,0.6436724662780762,0.4983239769935608,0.5073909759521484
3wjrkDFAMdwkeKQHxZX6Vy,zouk,caribbean,../data/raw/audio/zouk/3wjrkDFAMdwkeKQHxZX6Vy.m4a,F,minor,0.7672847958396821,184.5703125,92,0.3192105853330343,0.0100910962655724,11.01518726348877,0.2019131779670715,0.0817564651370048,-14.24183762168216,26.671161651611328,1851.7194707254112,2206.1418288638356,2.0591671466827393,297.3696145124717,-98.45137786865234,112.1372528076172,-2.737043619155884,7.208110809326172,-5.90404748916626,4.228518486022949,-10.602899551391602,-4.804296493530273,-5.001984119415283,3.445629119873047,2.360610008239746,5.193751811981201,-1.937689185142517,5.3,0.01190647482872,0.0206892268049093,0.6651202440261841,0.5427998900413513,0.44398561120033264,0.5650847554206848,0.4783628582954407,0.6959562301635742,0.570877194404602,0.594689667224884,0.5450032353401184,0.43656930327415466,0.5389829874038696,0.41769441962242126
5U4Uq8g4I9brQ7a6xPN8lu,zouk,caribbean,../data/raw/audio/zouk/5U4Uq8g4I9brQ7a6xPN8lu.m4a,D#,minor,0.8269711958899008,112.34714673913044,55,0.5323389602754682,0.0160199936797194,4.4977126121521,0.2281566709280014,0.0862641111016273,-13.67272012084413,25.9111270904541,2204.282525070483,2534.4816156824663,1.388209104537964,150.20408163265307,-65.5112075805664,104.029541015625,7.482861995697021,15.111811637878418,3.4858503341674805,-2.759598970413208,3.642392873764038,-1.68940269947052,-5.145526885986328,3.950753927230835,-11.30410861968994,2.854832172393799,-2.590494155883789,5.233333333333333,0.0161359142512083,0.0215643115402461,0.3301279544830322,0.3071712851524353,0.3692554831504822,0.6480101943016052,0.34110355377197266,0.35940706729888916,0.41174939274787903,0.2920929193496704,0.49354490637779236,0.35537296533584595,0.5555102229118347,0.45857754349708557
0e24y1WFRcSWfc1kPrALoH,zouk,caribbean,../data/raw/audio/zouk/0e24y1WFRcSWfc1kPrALoH.m4a,A,minor,0.5053335989709445,95.703125,47,0.6314818101153504,0.0300885416941856,9.43521785736084,0.2544420063495636,0.1084430292248725,-12.385380014514972,35.079586029052734,2021.4325371991897,2317.610962969309,2.3975400924682617,149.3424036281179,-112.32624053955078,98.37857818603516,1.0165324211120603,14.159381866455078,9.388123512268066,3.8270089626312256,-0.6057268977165222,12.080972671508787,1.5163110494613647,5.501434803009033,5.243370532989502,2.974607467651367,1.1597208976745603,5.033333333333333,0.0157095268368721,0.0176319245568297,0.42784738540649414,0.2800683081150055,0.28024861216545105,0.2793203592300415,0.41403406858444214,0.47945523262023926,0.45070716738700867,0.5791535377502441,0.692639172077179,0.8715737462043762,0.5437737107276917,0.3961028456687927
6dge12ZM3vGyx8HIxF86i1,zouk,caribbean,../data/raw/audio/zouk/6dge12ZM3vGyx8HIxF86i1.m4a,D,minor,0.5740419260402161,117.45383522727272,58,0.5140979432708755,0.0153399741201998,5.227813720703125,0.3192119896411896,0.087030105292797,-10.412322451103172,27.79115295410156,2366.4228803002698,2607.9225201847585,1.639204740524292,115.96371882086169,-7.59369421005249,91.08880615234376,-2.8672196865081787,0.7021245360374451,-3.535144805908203,2.693270444869995,-9.86439037322998,6.734009265899658,-4.978519439697266,6.625726222991943,-5.97920036315918,0.340620756149292,-2.244148969650269,4.8,0.0215668212622404,0.0188638605482347,0.5020596981048584,0.5087556838989258,0.5902374386787415,0.36720389127731323,0.5034714341163635,0.5550340414047241,0.5622967481613159,0.610427737236023,0.48342767357826233,0.6499412655830383,0.6223819851875305,0.48580729961395264
6dpWXd2DECUQy1hqvEXiwr,zouk,caribbean,../data/raw/audio/zouk/6dpWXd2DECUQy1hqvEXiwr.m4a,D,minor,0.6644353164984833,123.046875,60,0.4923417502594258,0.0244766844056994,3.6625566482543945,0.2552078366279602,0.0692588612437248,-12.181978043197931,30.809226989746097,2169.251275044623,2604.0920132978135,1.4141448736190796,183.3560090702948,-49.66111755371094,96.7863998413086,14.922110557556152,22.272645950317383,9.996499061584473,9.94216251373291,0.7151642441749573,8.47667407989502,-10.329963684082031,6.877179145812988,-1.843857765197754,-1.5206141471862793,-0.8936744928359985,5.3,0.0125188594684004,0.0190254891490964,0.5698673725128174,0.5192558169364929,0.5831985473632812,0.4511399269104004,0.48740869760513306,0.5783933997154236,0.46771886944770813,0.5045344829559326,0.3586750626564026,0.45153459906578064,0.48182380199432373,0.4177250862121582
5Dj4UJTm95qewqlGJOipxs,zouk,caribbean,../data/raw/audio/zouk/5Dj4UJTm95qewqlGJOipxs.m4a,G,minor,0.748188337344976,117.45383522727272,57,0.5062779397473275,0.0203089964719285,6.04796838760376,0.229041576385498,0.0829219445586204,-13.175703161436171,33.3878059387207,1979.2139495576096,2382.929917618656,1.9395211935043335,32.698412698412696,-91.48597717285156,105.68170928955078,5.5592451095581055,10.063840866088867,0.2912860810756683,-2.992814302444458,-9.228928565979004,-7.156826019287109,-9.880409240722656,-6.662671089172363,-11.097893714904783,-8.037837028503418,-13.827324867248535,4.7,0.0115175051614642,0.0182981739242241,0.6030455231666565,0.4208788275718689,0.5027614235877991,0.5434166193008423,0.3290548324584961,0.5120800733566284,0.44576483964920044,0.73902428150177,0.5971755981445312,0.49526363611221313,0.6427702307701111,0.47262153029441833
0cevjpqTrLinYwcwcpC5e1,zouk,caribbean,../data/raw/audio/zouk/0cevjpqTrLinYwcwcpC5e1.m4a,F#,minor,0.4799435670496977,129.19921875,63,0.4737619779094433,0.0201995427366042,4.836397171020508,0.2809033095836639,0.100995123386383,-11.941801738847344,27.078481674194336,2898.1723483902806,3113.2174795524165,1.539698600769043,3.9002267573696145,-33.41901397705078,76.92962646484375,30.5732421875,13.483776092529297,11.498540878295898,2.7881920337677,-0.2550648748874664,2.024843215942383,-2.497405529022217,4.251465797424316,-8.318672180175781,-0.4508668780326843,-0.7198848128318787,5.266666666666667,0.0294525511562824,0.018514591137938,0.3871578276157379,0.52951580286026,0.6496145129203796,0.5608862638473511,0.7037341594696045,0.7789821624755859,0.8227298259735107,0.6228264570236206,0.568734347820282,0.5932636857032776,0.38189956545829773,0.39836153388023376
2nuUfJDCL5np43HnWUkMov,zouk,caribbean,../data/raw/audio/zouk/2nuUfJDCL5np43HnWUkMov.m4a,G,minor,0.4659491485038339,117.45383522727272,56,0.5180160791589363,0.0303148296429117,6.288480281829834,0.209855780005455,0.0942017510533332,-14.72721135144369,21.719058990478516,1626.374968305294,2272.380863394068,1.7640697956085205,262.31292517006807,-118.02700805664062,124.78182220458984,23.597248077392575,17.765592575073242,1.672643542289734,3.6103689670562744,-0.4736244976520538,5.2400054931640625,-4.3067097663879395,-0.2511800825595855,2.6997599601745605,4.196975231170654,2.1336312294006348,4.266666666666667,0.0064083593897521,0.018969274978495,0.37544333934783936,0.3766835331916809,0.5227958559989929,0.6098774671554565,0.6075679659843445,0.787823498249054,0.6682933568954468,0.7548949718475342,0.574213445186615,0.5532413125038147,0.6367231607437134,0.3705570101737976
05xLOpipHWbGG0CboVVrXy,zouk,caribbean,../data/raw/audio/zouk/05xLOpipHWbGG0CboVVrXy.m4a,G,major,0.7142533558459928,107.666015625,52,0.5490836334533814,0.0267424220520608,5.589332103729248,0.323917955160141,0.0892045050859451,-10.968310157994727,20.438621520996097,2299.2236795494987,2911.5899308595313,1.5679173469543457,197.36961451247168,-46.20965576171875,100.41514587402344,35.49512481689453,8.814115524291992,11.089958190917969,1.1166850328445437,1.4407000541687012,-0.0946948900818824,0.6253300309181213,6.601236820220947,-5.132177352905273,-2.3306944370269775,-7.959958076477051,5.033333333333333,0.0122339893132448,0.0211273655470492,0.4288836419582367,0.35324960947036743,0.5197528600692749,0.3724476993083954,0.5335944890975952,0.406114786863327,0.4848242998123169,0.620028018951416,0.45055636763572693,0.5989995002746582,0.4432982802391052,0.4914686977863312
3IpljQE5qogygl6m6lSMvB,zouk,caribbean,../data/raw/audio/zouk/3IpljQE5qogygl6m6lSMvB.m4a,F,major,0.7647887640966858,112.34714673913044,53,0.5349520320948892,0.0176141958080199,4.796393394470215,0.2486963868141174,0.0783017501235008,-12.398531119087243,24.819372177124023,2398.7984689712885,2662.138010978896,1.47210693359375,203.94557823129253,-34.245849609375,89.85851287841797,14.516753196716309,23.151275634765625,5.293463706970215,6.714077949523926,-2.4930851459503174,1.740100622177124,-7.418212890625,-1.3193429708480835,-5.118746280670166,1.311000108718872,-3.6190476417541504,5.3,0.020025847479701,0.0181502651297151,0.7219902276992798,0.4612424969673157,0.48454952239990234,0.3514469563961029,0.46898993849754333,0.6381549835205078,0.45168858766555786,0.6757336258888245,0.46674180030822754,0.6090165972709656,0.6840016841888428,0.5250274538993835
5TwSULBV5HGJxBiOkjd36O,zouk,caribbean,../data/raw/audio/zouk/5TwSULBV5HGJxBiOkjd36O.m4a,E,minor,0.6405356719715493,129.19921875,62,0.4720121928552841,0.0137668761099631,6.560671329498291,0.0641644150018692,0.0219327267259359,-23.623031376518753,33.52804946899414,2461.0463186142892,2536.640941570615,1.7355382442474363,229.2517006802721,-153.04058837890625,84.28157043457031,-5.610052108764648,29.941570281982425,5.367678165435791,1.0466864109039309,0.7081732749938965,5.348498821258545,-0.2810662686824798,4.005427837371826,-4.506474018096924,2.1853251457214355,-0.8032199144363403,6.0,0.0257218778133392,0.0173432729007577,0.6982535719871521,0.547529399394989,0.5111439824104309,0.5614612698554993,0.6714940071105957,0.5612888336181641,0.6527932286262512,0.7025582790374756,0.5969744324684143,0.6223292946815491,0.6306901574134827,0.8060194253921509
6v5Z0a4b3DmjIKA4htP8vl,zouk,caribbean,../data/raw/audio/zouk/6v5Z0a4b3DmjIKA4htP8vl.m4a,G,major,0.7982189778070617,69.83741554054055,34,0.8556201470487185,0.0323977878914825,10.475107192993164,0.1986169219017028,0.074777252972126,-14.182799889049896,28.72593879699707,2998.142455603808,2992.6692349513014,2.2066402435302734,116.41723356009072,-66.22457885742188,67.16535949707031,20.39679527282715,19.645326614379883,14.60898494720459,13.890151977539062,6.482433795928955,5.8750410079956055,0.0640106201171875,6.476993560791016,-0.3140526115894317,0.279048353433609,-1.9554468393325808,5.433333333333334,0.0440581627190113,0.0161172206297346,0.5976296067237854,0.4631936252117157,0.7274772524833679,0.5214986205101013,0.5779260396957397,0.607933521270752,0.6699716448783875,0.9269092679023743,0.5424719452857971,0.5484244227409363,0.5854434370994568,0.5822063088417053
2c8QOX0nztxqKjK2QtP9Nb,zouk,caribbean,../data/raw/audio/zouk/2c8QOX0nztxqKjK2QtP9Nb.m4a,A#,major,0.769274388934369,95.703125,47,0.6218909592822637,0.0186973729643211,7.237215518951416,0.225184679031372,0.0904243513941764,-13.590763484933031,28.71246910095215,2288.299441218016,2588.9539749357814,1.8419744968414309,103.58276643990928,-80.30281829833984,92.90818786621094,14.486578941345217,25.772573471069336,24.020227432250977,12.416763305664062,-1.9878497123718264,10.355300903320312,-6.797934532165527,6.763424873352051,0.9600111842155457,-0.1727911829948425,3.338926076889038,5.4,0.0176187083125114,0.0200477774630102,0.5406127572059631,0.4742201566696167,0.5377869009971619,0.475651353597641,0.49486273527145386,0.6231529712677002,0.5200823545455933,0.5885271430015564,0.4756071865558624,0.5802403092384338,0.7431426644325256,0.5563046336174011
1Nq9Ux7nfAl0D7YWJ0nDEp,zouk,caribbean,../data/raw/audio/zouk/1Nq9Ux7nfAl0D7YWJ0nDEp.m4a,G#,major,0.7281112334159923,129.19921875,64,0.4632933808444012,0.0239202105997741,4.827503204345703,0.2436051964759826,0.0882715657353401,-12.27364802177146,29.67248916625977,2709.8068329147336,2525.712739535415,1.693780779838562,279.22902494331066,-34.163421630859375,72.9478759765625,-4.651262283325195,32.05091857910156,0.5188412666320801,9.18614673614502,-1.929844856262207,10.344983100891112,-2.176185369491577,8.476388931274414,-3.199180841445923,5.6891021728515625,2.268958806991577,5.533333333333333,0.0310214851051569,0.0194619518688034,0.6159855723381042,0.6032654643058777,0.5325756669044495,0.6017999649047852,0.48136746883392334,0.5531324148178101,0.5106529593467712,0.6672186851501465,0.7155203223228455,0.5876875519752502,0.5660381317138672,0.5223205089569092
1HGyhNaRUFEDBiVLbvtbL6,reggae_dancehall,caribbean,../data/raw/audio/reggae_dancehall/1HGyhNaRUFEDBiVLbvtbL6.m4a,C#,major,0.417061361049326,129.19921875,63,0.4655226391631921,0.0255138185095122,7.731036186218262,0.1525057554244995,0.0692441463470459,-16.51466389126934,39.15639877319336,2212.6407489114495,2468.3205668357614,2.288771390914917,172.15419501133786,-112.51271057128906,90.49213409423828,0.8978164792060852,25.19282913208008,-0.2405641227960586,7.771429061889648,-3.1425929069519043,0.5709911584854126,-6.172382354736328,4.35043478012085,-4.867122650146484,2.54111909866333,-0.6764693856239319,5.866666666666666,0.0175975915044546,0.0175836774735308,0.7108337879180908,0.8318790197372437,0.7014294266700745,0.5628477931022644,0.5631775856018066,0.6647167801856995,0.6053276658058167,0.590419590473175,0.4817366898059845,0.5089146494865417,0.5879016518592834,0.46292582154273987
5HuNJ0G9lMtLwlAjsXpltD,reggae_dancehall,caribbean,../data/raw/audio/reggae_dancehall/5HuNJ0G9lMtLwlAjsXpltD.m4a,F#,major,0.6399893598394533,99.38401442307692,49,0.5940438397581255,0.0221470440243269,7.722552299499512,0.3071149587631225,0.0879055336117744,-11.203948031090205,38.67778396606445,2219.0071860978073,2512.76313041048,1.97389817237854,294.0589569160998,-51.399864196777344,92.17398834228516,8.658507347106934,26.942201614379883,7.188076019287109,4.684373378753662,0.178577646613121,4.182468891143799,-5.754870891571045,7.193289279937744,-3.3295257091522217,-0.8673103451728821,0.4702337980270386,4.433333333333334,0.0233710911124944,0.0197668691443043,0.375918447971344,0.5177353620529175,0.3163301944732666,0.34305039048194885,0.3792124390602112,0.5031905174255371,0.7529664039611816,0.4905695915222168,0.522739827632904,0.3884740173816681,0.39400696754455566,0.3383300006389618
3mEuWQDngXevBTZLf48XDx,reggae_dancehall,caribbean,../data/raw/audio/reggae_dancehall/3mEuWQDngXevBTZLf48XDx.m4a,B,major,0.6207290480507174,161.4990234375,80,0.3738706621889262,0.0108313891852421,7.210381984710693,0.2682246267795563,0.096492163836956,-12.868375097640838,30.086977005004883,3126.757635418104,3070.087463764077,1.992348313331604,83.71882086167801,-66.10138702392578,47.760963439941406,16.912139892578125,33.113800048828125,21.634756088256836,2.7811784744262695,-8.989886283874512,4.483421802520752,-9.42286777496338,3.0630383491516113,-1.6375160217285156,-1.1687095165252686,-4.8678460121154785,4.833333333333333,0.0260808728635311,0.0230071868093787,0.40187332034111023,0.46255460381507874,0.34310752153396606,0.34766119718551636,0.4163217544555664,0.386931836605072,0.5608392953872681,0.46371951699256897,0.4908539950847626,0.44464412331581116,0.3963063359260559,0.5488815903663635
58dGRQrNmAJeRMFuguUbvD,reggae_dancehall,caribbean,../data/raw/audio/reggae_dancehall/58dGRQrNmAJeRMFuguUbvD.m4a,G,minor,0.6132074178524628,123.046875,61,0.4841360544217686,0.0299243271116502,5.595623016357422,0.2996421754360199,0.1331572383642196,-11.900580043421249,25.93860244750977,2190.8618950549617,2690.678065787855,1.7555116415023804,295.28344671201813,-50.693302154541016,94.43009948730467,11.45573902130127,17.821847915649414,10.506936073303224,0.8972612023353577,-0.978460729122162,-4.40271520614624,-6.003598690032959,3.592083692550659,-6.014246463775635,2.130603313446045,-2.044243812561035,4.733333333333333,0.0156655386090278,0.0193782717960029,0.4332311153411865,0.40500539541244507,0.527782678604126,0.4867262840270996,0.4941653311252594,0.543984591960907,0.5174307823181152,0.7301518321037292,0.47085991501808167,0.41150912642478943,0.4095860421657562,0.3298678994178772
7nT9lGk3bf5rvnVbzPIE3N,reggae_dancehall,caribbean,../data/raw/audio/reggae_dancehall/7nT9lGk3bf5rvnVbzPIE3N.m4a,D,minor,0.5686597289913642,151.99908088235293,74,0.3845606187680552,0.0115214045058897,7.439541339874268,0.2816573977470398,0.0917930677533149,-11.729676680918258,29.153614044189453,2710.7854996429355,2767.887429920005,1.7214746475219729,96.87074829931971,-44.3626823425293,74.82142639160156,10.359505653381348,21.853099822998047,11.856234550476074,5.020544528961182,-0.445246547460556,17.29746437072754,-8.72649097442627,8.513988494873047,-2.2177326679229736,4.884354591369629,2.136683702468872,4.1,0.0220954269170761,0.0210823253227244,0.5115160346031189,0.5385297536849976,0.6147473454475403,0.4989510774612427,0.601819634437561,0.552478551864624,0.33767592906951904,0.401998370885849,0.40186411142349243,0.5260748863220215,0.3168618083000183,0.346985399723053
7BGDOMcT0pNbtWjWp5i7I3,reggae_dancehall,caribbean,../data/raw/audio/reggae_dancehall/7BGDOMcT0pNbtWjWp5i7I3.m4a,F#,minor,0.5304042907194039,151.99908088235293,76,0.3869992441421013,0.0127651100850564,9.81759548187256,0.2176975160837173,0.1128401383757591,-13.43706517026326,94.41848754882812,2652.611687644139,2608.1679506969704,2.066275835037231,184.12698412698413,-108.59449005126952,72.14143371582031,2.8282217979431152,12.736746788024902,3.937851905822754,2.63646936416626,-12.082893371582031,-1.08026921749115,-6.381032466888428,-3.1482319831848145,-7.258579730987549,-1.959006428718567,-5.679389476776123,4.133333333333334,0.0240642260760068,0.019151185099143,0.28695377707481384,0.3395982086658478,0.2433994859457016,0.2338280975818634,0.2715087831020355,0.3207513093948364,0.626224160194397,0.41882556676864624,0.47202521562576294,0.48449528217315674,0.41271352767944336,0.6009909510612488
6bOLRTULQUiXeVnxOIPZVA,reggae_dancehall,caribbean,../data/raw/audio/reggae_dancehall/6bOLRTULQUiXeVnxOIPZVA.m4a,C,major,0.5232571686938354,135.99917763157896,67,0.4450491307634164,0.0234242825118648,4.94152307510376,0.2672643661499023,0.1040272638201713,-11.731657249067949,26.57002067565918,3046.2231127774494,2960.0047862291635,1.688454270362854,147.8458049886621,-21.536378860473633,63.48928451538086,9.08825969696045,9.906753540039062,-0.9333133101463318,6.877241134643555,-5.991671085357666,1.9045552015304563,-4.61314058303833,-5.539505481719971,-4.5757622718811035,5.810922622680664,-4.935064792633057,4.233333333333333,0.0412644073367118,0.0192547185758143,0.4680449664592743,0.31096699833869934,0.526046633720398,0.3966127634048462,0.5305213928222656,0.6238872408866882,0.4463094174861908,0.6378297805786133,0.5582155585289001,0.5888715386390686,0.3995864987373352,0.4392082393169403
1CdUusyZEdRcqBdWqZHva4,reggae_dancehall,caribbean,../data/raw/audio/reggae_dancehall/1CdUusyZEdRcqBdWqZHva4.m4a,D,major,0.475927215706145,135.99917763157896,64,0.4352820069826872,0.0189446778397117,8.137450218200684,0.1650681644678115,0.0696637034416198,-16.214078158257134,46.57781600952149,1633.9553771423564,1985.463624773142,1.8242459297180176,28.979591836734695,-155.03897094726562,114.2765121459961,-3.4750757217407227,39.55802917480469,10.78346347808838,13.26785945892334,3.3973748683929443,13.075228691101074,-0.4691541790962219,6.08316707611084,-1.0900558233261108,5.930677890777588,1.160311579704285,3.7,0.0105461170896887,0.0167466847045291,0.36804383993148804,0.5500949621200562,0.6454507112503052,0.4381626546382904,0.3568142354488373,0.34979966282844543,0.31746482849121094,0.4292348325252533,0.556599497795105,0.5418453812599182,0.29158908128738403,0.323608934879303
5I55hcZJTmdVtyJC4Sn7ae,reggae_dancehall,caribbean,../data/raw/audio/reggae_dancehall/5I55hcZJTmdVtyJC4Sn7ae.m4a,F#,minor,0.8930778033055482,99.38401442307692,50,0.6060882039890786,0.0312039751887639,6.181016445159912,0.1685659736394882,0.1160226464271545,-14.77768129863441,36.66093444824219,2502.6661884457926,2517.254787196328,1.7108551263809204,30.839002267573697,-126.61075592041016,87.411376953125,4.072676181793213,5.423257350921631,-1.66032874584198,-5.067656517028809,-17.728496551513672,-4.243722438812256,-21.995147705078125,-11.899563789367676,-7.207945823669434,-6.112052917480469,-6.711637496948242,4.6,0.0193178597837686,0.0215063011194679,0.3155372142791748,0.5672358274459839,0.4438606798648834,0.37300223112106323,0.46455255150794983,0.36116164922714233,0.5900244116783142,0.30953413248062134,0.3798219859600067,0.47686541080474854,0.29593729972839355,0.4317705035209656
4lE3rkBD6Ey1SQSd19XfY7,reggae_dancehall,caribbean,../data/raw/audio/reggae_dancehall/4lE3rkBD6Ey1SQSd19XfY7.m4a,F#,minor,0.7228721963975137,83.35433467741936,41,0.7093696145124716,0.0336288760057853,8.278665542602539,0.2153654247522354,0.0963849499821662,-13.64088281187507,46.01362228393555,2890.9633232074025,2744.0206747258267,1.9619147777557373,28.39002267573696,-75.4396743774414,59.48420715332031,3.409083366394043,25.670907974243164,6.202028751373291,4.2246575355529785,-2.5237741470336914,6.025158405303955,-6.363967418670654,5.01694917678833,-3.584477186203003,4.212475299835205,-3.3130152225494385,3.8,0.0388282798230648,0.0201887160559117,0.32456398010253906,0.487746000289917,0.43122056126594543,0.43547526001930237,0.4806980490684509,0.47298958897590637,0.6443093419075012,0.40284785628318787,0.4720439612865448,0.46606090664863586,0.2938438653945923,0.2811990976333618
7yEuDcNgsZYmiNiKmUcHCG,reggae_dancehall,caribbean,../data/raw/audio/reggae_dancehall/7yEuDcNgsZYmiNiKmUcHCG.m4a,G,minor,0.7544497643143255,161.4990234375,80,0.3615258761732541,0.0114968798121544,7.5740180015563965,0.2136465013027191,0.0860924124717712,-13.783083784584552,34.86259078979492,2647.121502492807,2681.32115397873,1.829543709754944,217.9138321995465,-57.81227493286133,79.11991882324219,1.5939805507659912,22.665042877197266,6.929770469665527,-6.216087818145752,7.538148880004883,8.011280059814453,-6.219636917114258,15.438868522644045,-1.996854543685913,4.117603302001953,2.591282606124878,4.566666666666666,0.0317183285951614,0.020074638626462,0.5367159247398376,0.39200711250305176,0.4519462585449219,0.3552251160144806,0.3896026015281677,0.4531436264514923,0.48580560088157654,0.6629822254180908,0.45440611243247986,0.498745858669281,0.6292190551757812,0.4347984790802002
2SE11vmjbi7j5QKJ885ib6,reggae_dancehall,caribbean,../data/raw/audio/reggae_dancehall/2SE11vmjbi7j5QKJ885ib6.m4a,D,major,0.5292659797104968,151.99908088235293,73,0.4053817082388511,0.0115695946720861,11.447654724121094,0.1422634124755859,0.0807393565773963,-16.045551575788483,45.27980041503906,2494.26353301963,2405.396138513643,1.8861839771270752,25.941043083900222,-148.48318481445312,66.45853424072266,-20.374588012695312,42.83438491821289,24.634666442871097,-5.360873699188232,13.846455574035645,5.27455997467041,4.571478366851807,9.080628395080566,-1.5312986373901367,6.54248046875,1.266980767250061,3.033333333333333,0.0243686605244874,0.0203873565995711,0.4277549684047699,0.515720546245575,0.5288827419281006,0.3654802739620209,0.40482938289642334,0.4564233124256134,0.5527050495147705,0.632012665271759,0.5248744487762451,0.6610828042030334,0.5378425717353821,0.4114789068698883
4LH6TQajTVHlPz1283KHAw,reggae_dancehall,caribbean,../data/raw/audio/reggae_dancehall/4LH6TQajTVHlPz1283KHAw.m4a,G#,major,0.5813145834922278,161.4990234375,79,0.3777708006279435,0.0212531878720482,4.759864330291748,0.2131850719451904,0.1124753132462501,-13.836249029483026,39.431278228759766,2664.3329898344327,2558.7593259355617,1.773262858390808,17.142857142857142,-88.94001770019531,67.27735900878906,-18.195680618286133,7.371832847595215,-3.0592222213745117,5.480865478515625,-6.50826358795166,-6.663129806518555,-5.777960777282715,4.2972612380981445,-3.434842109680176,-0.5758820176124573,-0.6602743864059448,5.133333333333334,0.021609179675579,0.0191130523940123,0.3980245590209961,0.329954594373703,0.2714504897594452,0.3112473785877228,0.279485285282135,0.36505699157714844,0.3910585343837738,0.5279064178466797,0.8109825253486633,0.42658478021621704,0.3761754333972931,0.2952158451080322
5hdTluxmfnbRKwqGsj9NFL,reggae_dancehall,caribbean,../data/raw/audio/reggae_dancehall/5hdTluxmfnbRKwqGsj9NFL.m4a,C#,minor,0.7939202058495444,135.99917763157896,68,0.4380600399363725,0.0294520349055861,6.342315673828125,0.2878819108009338,0.1088766902685165,-10.84944726490693,32.62452697753906,2671.362223990531,2759.3868941088976,2.0040745735168457,252.3356009070295,-37.45805740356445,83.2929458618164,4.170566082000732,-2.807054042816162,-1.2796155214309692,5.600953578948975,3.55920147895813,-6.592344284057617,-2.356569766998291,6.299448013305664,-3.397162675857544,1.5304182767868042,-6.990509510040283,4.533333333333333,0.0264118835330009,0.017582253441597,0.40104764699935913,0.7739775776863098,0.42336317896842957,0.44455280900001526,0.4841095209121704,0.4132470190525055,0.4026026725769043,0.42649775743484497,0.6515490412712097,0.35873448848724365,0.3206181824207306,0.32638832926750183
1NojrDCqDLh4dWRZ7F589Q,reggae_dancehall,caribbean,../data/raw/audio/reggae_dancehall/1NojrDCqDLh4dWRZ7F589Q.m4a,A,minor,0.6956419313760717,172.265625,87,0.3415493329114591,0.0121978817339349,6.28824520111084,0.1708423197269439,0.0665834844112396,-15.727527067111565,29.897092819213867,2530.3179645955797,2605.295019573507,1.7764662504196167,195.9637188208617,-85.91414642333984,79.81099700927734,3.2578155994415283,21.25816535949707,1.9542930126190183,17.54764175415039,0.0015926774358376,9.534979820251465,-2.254382371902466,1.5840879678726196,-0.0606700778007507,6.90948486328125,-2.0594968795776367,4.966666666666667,0.0256268288940191,0.0198204736859255,0.48556193709373474,0.3393760919570923,0.34886443614959717,0.46133384108543396,0.5716155767440796,0.35582295060157776,0.3951326310634613,0.4643447995185852,0.543648898601532,0.6673423647880554,0.3795674741268158,0.4582485854625702
38iIRniuMTujaBPRDRhVXn,reggae_dancehall,caribbean,../data/raw/audio/reggae_dancehall/38iIRniuMTujaBPRDRhVXn.m4a,F#,minor,0.7344765730765312,143.5546875,70,0.428391337211213,0.0115500781208531,11.190337181091309,0.2088147848844528,0.1032395884394645,-14.792682065161369,36.581993103027344,2324.055923033767,2594.2812329525564,2.065687894821167,193.96825396825395,-136.08847045898438,84.02654266357422,25.829788208007812,18.651979446411133,5.708587646484375,3.976067304611206,-7.098124980926514,5.420952796936035,-4.831671714782715,2.133746385574341,7.085381031036377,1.2393885850906372,-2.8135945796966553,4.133333333333334,0.0162438098341226,0.0197693531094634,0.30809465050697327,0.3869682848453522,0.34514856338500977,0.26769939064979553,0.3264788091182709,0.32392603158950806,0.585210919380188,0.31050437688827515,0.33156490325927734,0.487476646900177,0.36156710982322693,0.5721268057823181
7JqtoUSEBWd7RNmi1dJayz,reggae_dancehall,caribbean,../data/raw/audio/reggae_dancehall/7JqtoUSEBWd7RNmi1dJayz.m4a,B,minor,0.6771567259613966,135.99917763157896,67,0.4383645983645983,0.0142995527157917,10.546818733215332,0.227799117565155,0.0714749619364738,-13.912927830179056,41.708221435546875,2301.2127413526723,2698.486656862473,2.0505564212799072,185.7596371882086,-124.62081909179688,77.50983428955078,34.43471145629883,30.840255737304688,5.036622524261475,13.416139602661133,-5.967259883880615,-3.5601749420166016,1.5596524477005005,-0.1278435140848159,12.401341438293455,2.345560073852539,6.758805751800537,4.0,0.0102222161367535,0.0205163986663313,0.36541834473609924,0.39076554775238037,0.3772188425064087,0.3065769374370575,0.3313612937927246,0.3628250062465668,0.5241498947143555,0.44323375821113586,0.4063391089439392,0.4983367919921875,0.4675217866897583,0.635921061038971
2u5Jzgg0h3XgXwKSv7W5NK,reggae_dancehall,caribbean,../data/raw/audio/reggae_dancehall/2u5Jzgg0h3XgXwKSv7W5NK.m4a,G,major,0.8685899741424106,143.5546875,70,0.4280548161293503,0.0121707165609819,9.445829391479492,0.1183723509311676,0.0739893913269043,-17.342811916536537,108.9043197631836,2333.1408844000057,2327.5037914473937,1.6807825565338137,207.57369614512473,-223.3489227294922,68.6905746459961,1.4745171070098877,22.61197280883789,2.3629608154296875,2.375910758972168,-2.4071314334869385,0.3036138117313385,-3.537203788757324,-1.7709802389144895,-2.4877235889434814,-4.353917121887207,-6.954512596130371,2.1666666666666665,0.0279817171394824,0.0217115298886202,0.41465628147125244,0.38975217938423157,0.5223869681358337,0.33463364839553833,0.45538967847824097,0.3403797447681427,0.4944269061088562,0.5780429840087891,0.32051753997802734,0.4509097933769226,0.31076905131340027,0.44499191641807556
0k2GOhqsrxDTAbFFSdNJjT,reggae_dancehall,caribbean,../data/raw/audio/reggae_dancehall/0k2GOhqsrxDTAbFFSdNJjT.m4a,G,minor,0.6345916682724523,123.046875,61,0.4798790627362056,0.0124803506186812,9.4685697555542,0.2726236581802368,0.1136243790388107,-11.40601422355758,39.9739875793457,2743.6803624759164,2647.8230276590543,2.002892255783081,206.8934240362812,-49.9466552734375,60.54774475097656,-14.308557510375977,28.77356719970703,27.122955322265625,0.9290664792060852,3.714905023574829,10.054153442382812,-4.649018287658691,14.390823364257812,-2.918812990188598,10.458319664001465,8.5703763961792,5.3,0.0290712416172027,0.0207187248865445,0.29820045828819275,0.26214921474456787,0.27754929661750793,0.2717033922672272,0.24810464680194855,0.28791314363479614,0.33121100068092346,0.501154363155365,0.38191547989845276,0.2326001077890396,0.7848223447799683,0.31268182396888733
1CAucGxna4pvSWpOzVC8Ci,reggae_dancehall,caribbean,../data/raw/audio/reggae_dancehall/1CAucGxna4pvSWpOzVC8Ci.m4a,G,major,0.6689146625106087,172.265625,84,0.3569718329098708,0.011232224974719,6.705567359924316,0.122981809079647,0.05055708065629,-19.06226225206092,36.79121398925781,2688.3499318908375,2907.727393042016,1.5636271238327026,10.612244897959185,-144.24044799804688,65.72264099121094,19.349369049072266,26.263418197631836,7.283009052276611,9.677306175231934,8.071067810058594,6.963002681732178,-2.777216672897339,-1.8130067586898804,-2.0927536487579346,5.772768020629883,-2.003016948699951,4.466666666666667,0.0206636805087327,0.0202324700053309,0.4641842544078827,0.31555262207984924,0.42639046907424927,0.3182832598686218,0.47839048504829407,0.3455008268356323,0.36681777238845825,0.6113243699073792,0.47440284490585327,0.5441248416900635,0.36970219016075134,0.3909331262111664
1nXTM2CVdaoCySSD5kgt3J,reggae_dancehall,caribbean,../data/raw/audio/reggae_dancehall/1nXTM2CVdaoCySSD5kgt3J.m4a,G,major,0.7542229716461661,172.265625,85,0.3469171795702407,0.010956457883052,7.244293689727783,0.1968080997467041,0.0591511689126491,-14.546405061077191,29.96179580688477,3098.791717175583,3072.690251291708,1.810405135154724,238.91156462585033,-48.77415084838867,67.728271484375,21.60283660888672,17.58391761779785,5.495074272155762,11.829533576965332,3.274853229522705,4.93618631362915,1.9867874383926392,3.920289993286133,3.5999486446380615,4.688721656799316,0.1970503032207489,5.4,0.0425103716552257,0.0207221934163703,0.4680441617965698,0.42696475982666016,0.6192833781242371,0.36278536915779114,0.38764163851737976,0.3420525789260864,0.3890797197818756,0.5778322815895081,0.4645250737667084,0.5407035946846008,0.3829984962940216,0.4203539788722992
5SQaQWvBDEAeug4EPyYEGE,reggae_dancehall,caribbean,../data/raw/audio/reggae_dancehall/5SQaQWvBDEAeug4EPyYEGE.m4a,G,major,0.4570674158420689,151.99908088235293,73,0.3844192491811539,0.0115380882285703,9.34073543548584,0.3141398429870605,0.1251237988471985,-11.231671799575048,33.568695068359375,2147.775368881142,2573.956917045782,2.070911169052124,175.55555555555554,-68.83918762207031,92.80767059326172,11.679699897766112,26.75677490234375,16.378786087036133,-0.99256432056427,-1.0025159120559692,2.885709762573242,-8.097535133361816,11.05876922607422,-4.0748419761657715,2.9363296031951904,5.619129180908203,5.166666666666667,0.0161557924002408,0.0206296808255326,0.5469503402709961,0.5743878483772278,0.5568480491638184,0.2923533618450165,0.30696094036102295,0.37988561391830444,0.5438902974128723,0.6798318028450012,0.5520616173744202,0.5469939112663269,0.4118281602859497,0.3795221745967865
4MAo6tvIRCEjUZLOrC9Z4q,reggae_dancehall,caribbean,../data/raw/audio/reggae_dancehall/4MAo6tvIRCEjUZLOrC9Z4q.m4a,D#,major,0.739266352552759,89.10290948275862,44,0.6641987027369087,0.0167138178996101,6.507363796234131,0.3144952356815338,0.0876439809799194,-11.50331866228118,26.76500129699707,2448.010503501587,2704.902475496442,1.846528172492981,70.02267573696146,-48.8699951171875,82.80622100830078,15.682348251342772,25.698463439941406,14.981472969055176,16.010068893432617,2.552858352661133,8.781794548034668,-0.1146394684910774,2.819941759109497,2.3580729961395264,4.112188816070557,5.321022987365723,4.6,0.0156990233808755,0.0215725476497779,0.5086633563041687,0.38227522373199463,0.3570437729358673,0.4686533510684967,0.3680409789085388,0.3706877827644348,0.359486848115921,0.5021557211875916,0.5439887642860413,0.3921455442905426,0.5602676868438721,0.3730356693267822
3T1txxCRbUMGJcII9CHJQI,reggae_dancehall,caribbean,../data/raw/audio/reggae_dancehall/3T1txxCRbUMGJcII9CHJQI.m4a,A#,minor,0.5211644689246488,99.38401442307692,47,0.6001853495021198,0.0286305087930333,8.772021293640137,0.1859982907772064,0.0682729110121727,-14.636937256012676,36.41276168823242,3044.841358677399,2789.577932414989,2.264355182647705,157.32426303854874,-66.60356903076172,59.3164176940918,-1.2737998962402344,18.17566299438477,-1.3009198904037476,7.401699542999268,0.912651777267456,0.7137244343757629,-2.4866178035736084,4.618236064910889,-4.317165851593018,-0.167660042643547,2.052309989929199,5.333333333333333,0.0378799363970756,0.0147143418615577,0.4001096785068512,0.3083515465259552,0.29576584696769714,0.30200809240341187,0.2929246425628662,0.3416525423526764,0.31238725781440735,0.30810585618019104,0.3463922142982483,0.6225237846374512,0.9613576531410217,0.5064293146133423
5nEdwtSv0qqeE0l4o1lR4q,reggae_dancehall,caribbean,../data/raw/audio/reggae_dancehall/5nEdwtSv0qqeE0l4o1lR4q.m4a,F,minor,0.4914784221035024,129.19921875,61,0.4767830687830688,0.024155697976041,5.645722389221191,0.3049057424068451,0.0979813188314437,-10.77681328127388,26.741090774536133,2737.7744244071596,2804.7211996864576,1.8174015283584597,288.48072562358277,-18.541345596313477,70.56954193115234,7.101828575134277,32.7197380065918,22.142343521118164,0.9449304342269896,5.526920318603516,9.276656150817873,-1.2882908582687378,12.159151077270508,-4.918546199798584,4.541665077209473,4.281994342803955,4.7,0.0288024879992008,0.020483922928987,0.5104406476020813,0.40041741728782654,0.4549671709537506,0.40284234285354614,0.42522644996643066,0.5842594504356384,0.5199695229530334,0.7013490796089172,0.5325496196746826,0.300386518239975,0.2893190085887909,0.29715314507484436
0STIV4K7EZkp2YHAyyu5em,reggae_dancehall,caribbean,../data/raw/audio/reggae_dancehall/0STIV4K7EZkp2YHAyyu5em.m4a,A,minor,0.6956419313760717,172.265625,87,0.3415493329114591,0.0121978817339349,6.28824520111084,0.1708423197269439,0.0665834844112396,-15.727527067111565,29.897092819213867,2530.3179645955797,2605.295019573507,1.7764662504196167,195.9637188208617,-85.91414642333984,79.81099700927734,3.2578155994415283,21.25816535949707,1.9542930126190183,17.54764175415039,0.0015926774358376,9.534979820251465,-2.254382371902466,1.5840879678726196,-0.0606700778007507,6.90948486328125,-2.0594968795776367,4.966666666666667,0.0256268288940191,0.0198204736859255,0.48556193709373474,0.3393760919570923,0.34886443614959717,0.46133384108543396,0.5716155767440796,0.35582295060157776,0.3951326310634613,0.4643447995185852,0.543648898601532,0.6673423647880554,0.3795674741268158,0.4582485854625702
4DasYJA811ufSMV72hUxai,reggae_dancehall,caribbean,../data/raw/audio/reggae_dancehall/4DasYJA811ufSMV72hUxai.m4a,C,minor,0.6070429178537804,151.99908088235293,74,0.4023731867176094,0.0167771068270769,11.183645248413086,0.2012658566236496,0.0874528810381889,-14.738759259997758,36.65731048583984,1610.0720712654197,2140.0031129253593,2.4509902000427246,229.34240362811792,-154.41522216796875,107.52938842773438,15.894872665405272,34.730106353759766,15.968701362609863,15.3724365234375,7.468160629272461,5.649212837219238,-0.0102353878319263,6.560914039611816,0.0723731443285942,1.799622893333435,-0.922802984714508,4.866666666666666,0.0075303916819393,0.017809326910017,0.885338544845581,0.4040904939174652,0.38982853293418884,0.3995763957500458,0.3302173912525177,0.28860342502593994,0.282915323972702,0.49837198853492737,0.38136911392211914,0.27679774165153503,0.43780580163002014,0.7507317662239075
1XjUvJv6w3aTu8o6XszTHS,reggae_dancehall,caribbean,../data/raw/audio/reggae_dancehall/1XjUvJv6w3aTu8o6XszTHS.m4a,A,major,0.7179401664350668,75.99954044117646,37,0.7939934492315445,0.0142922173604865,19.27168655395508,0.1035835370421409,0.1039418801665306,-17.284583115826386,180.58010864257812,2075.7797898004287,2132.892653688223,2.591646194458008,185.3061224489796,-241.80902099609375,82.885009765625,-8.246798515319824,27.747478485107425,15.242713928222656,4.985808372497559,2.7461907863616943,13.27804183959961,1.4868353605270386,1.7555755376815796,2.28202748298645,1.3544801473617554,-2.9382669925689697,3.7,0.0253481138497591,0.0205235444004492,0.48086676001548767,0.6868753433227539,0.6107886433601379,0.4948267936706543,0.5595951080322266,0.4663331210613251,0.4520193636417389,0.44412392377853394,0.5417234301567078,0.6359143853187561,0.4973176121711731,0.46918654441833496
3n9KcMNRaUluDxwKzZAVA8,reggae_dancehall,caribbean,../data/raw/audio/reggae_dancehall/3n9KcMNRaUluDxwKzZAVA8.m4a,C,major,0.6932684024903212,135.99917763157896,66,0.4447514390371533,0.0196314094874876,6.316725730895996,0.3198637962341308,0.1289428323507309,-10.591244359990757,164.0642852783203,2233.995931811609,2504.3420905739326,2.2898144721984863,80.27210884353741,-55.57494354248047,99.62296295166016,4.126686096191406,8.701119422912598,2.108156681060791,1.351331353187561,-0.3069892525672912,-4.428110599517822,-2.7930572032928467,-3.013833999633789,-6.322216510772705,3.6336748600006104,-8.596765518188477,5.9,0.0220239013433456,0.0186415835899975,0.6564595103263855,0.47151193022727966,0.5506831407546997,0.5002460479736328,0.49030977487564087,0.44792699813842773,0.49774816632270813,0.6640450358390808,0.5018021464347839,0.4634542465209961,0.3519459664821625,0.33733072876930237
0VzBKgimNRMauaqzT2rEnS,reggae_dancehall,caribbean,../data/raw/audio/reggae_dancehall/0VzBKgimNRMauaqzT2rEnS.m4a,G,minor,0.6132074178524628,123.046875,61,0.4841360544217686,0.0299243271116502,5.595623016357422,0.2996421754360199,0.1331572383642196,-11.900580043421249,25.93860244750977,2190.8618950549617,2690.678065787855,1.7555116415023804,295.28344671201813,-50.693302154541016,94.43009948730467,11.45573902130127,17.821847915649414,10.506936073303224,0.8972612023353577,-0.978460729122162,-4.40271520614624,-6.003598690032959,3.592083692550659,-6.014246463775635,2.130603313446045,-2.044243812561035,4.733333333333333,0.0156655386090278,0.0193782717960029,0.4332311153411865,0.40500539541244507,0.527782678604126,0.4867262840270996,0.4941653311252594,0.543984591960907,0.5174307823181152,0.7301518321037292,0.47085991501808167,0.41150912642478943,0.4095860421657562,0.3298678994178772
2lsiLArahNuqCbPEgHtVmC,reggae_dancehall,caribbean,../data/raw/audio/reggae_dancehall/2lsiLArahNuqCbPEgHtVmC.m4a,E,major,0.7298778484220376,143.5546875,61,0.4284081632653062,0.0115517815827344,12.350878715515137,0.1866866499185562,0.0842160284519195,-16.417367465893214,28.167415618896484,1529.404195449397,2221.3643073123353,1.8133196830749512,216.78004535147392,-168.16641235351562,107.4624252319336,25.837770462036133,51.14420318603515,16.1021671295166,2.4178245067596436,12.006036758422852,18.33519744873047,1.0374928712844849,6.022758960723877,1.6916356086730957,8.257990837097168,-3.698366165161133,4.166666666666667,0.0052678575739264,0.018915068478732,0.4117772579193115,0.41314876079559326,0.3725249469280243,0.4290331304073334,0.8055347204208374,0.4096435010433197,0.34573012590408325,0.3390215039253235,0.3661281168460846,0.5545918345451355,0.3559560477733612,0.4254680871963501
6Hb1xmZrfC7X5IuophnshK,reggae_dancehall,caribbean,../data/raw/audio/reggae_dancehall/6Hb1xmZrfC7X5IuophnshK.m4a,G,minor,0.4217623260974059,151.99908088235293,74,0.3896499238964992,0.0103462112325698,7.75985860824585,0.3153580725193023,0.2152065485715866,-12.000097558679288,105.96905517578124,3158.8837790957436,2860.5977102505085,2.09336519241333,17.369614512471653,-106.55841064453124,33.771522521972656,7.523877620697021,24.769716262817383,7.033900737762451,18.4053955078125,2.772306203842163,15.32923412322998,6.502358913421631,10.99704933166504,2.2243592739105225,10.527095794677734,1.9801214933395384,3.8333333333333335,0.027049109339714,0.0214334308208184,0.22957171499729156,0.22561438381671906,0.2433125227689743,0.20405033230781555,0.22741997241973877,0.533916711807251,0.45080116391181946,0.7206138372421265,0.42298492789268494,0.3031049370765686,0.2556982636451721,0.2225521355867386
4ueuseYX7lTW5kKC32GCQN,reggae_dancehall,caribbean,../data/raw/audio/reggae_dancehall/4ueuseYX7lTW5kKC32GCQN.m4a,C,major,0.8463152112392534,123.046875,62,0.4803866027285231,0.010753082500449,6.740172386169434,0.2076742500066757,0.1095600053668022,-13.677776716770948,179.94776916503906,2089.5628213211226,2246.0788752646654,2.03831148147583,84.17233560090703,-95.44224548339844,98.24679565429688,-10.945088386535645,13.858241081237791,-9.287986755371094,1.048427939414978,-10.7767972946167,-2.188052177429199,-6.9425859451293945,-1.0315845012664795,-0.7878820300102234,1.5511544942855835,-0.2590116560459137,4.633333333333334,0.0203894767910242,0.0201329990785856,0.6311790347099304,0.3839077651500702,0.4547525942325592,0.3269825875759125,0.4512334167957306,0.3540233373641968,0.3303473889827728,0.4346047043800354,0.30018141865730286,0.3511253297328949,0.2792535424232483,0.38590922951698303
1j3ANZgokEc0jKztEDV34l,reggae_dancehall,caribbean,../data/raw/audio/reggae_dancehall/1j3ANZgokEc0jKztEDV34l.m4a,B,major,0.7527507105443837,135.99917763157896,65,0.4302947845804988,0.012292843062928,8.999817848205566,0.1336001008749008,0.0701628476381301,-17.246918796976455,36.358612060546875,2263.3349964008394,2332.8808643515404,1.9404168128967283,53.24263038548753,-151.26025390625,85.71963500976562,-7.773021697998047,25.249420166015625,6.893669605255127,14.665907859802246,5.820467472076416,10.73610019683838,11.538861274719238,8.957752227783203,1.2867754697799685,6.278658390045166,0.2084437012672424,3.8333333333333335,0.0160833988338708,0.0194266899084744,0.4307379424571991,0.42859575152397156,0.42365720868110657,0.40789714455604553,0.590465784072876,0.4138891398906708,0.6104726195335388,0.41100138425827026,0.37240591645240784,0.409929484128952,0.44048288464546204,0.6076868176460266
4qA9pcVyLWe6jCC6VzIXgF,reggae_dancehall,caribbean,../data/raw/audio/reggae_dancehall/4qA9pcVyLWe6jCC6VzIXgF.m4a,F,minor,0.6359671617564076,95.703125,48,0.623974525980605,0.033398088352204,6.812265396118164,0.2886783480644226,0.0835068821907043,-10.706348362732165,25.723831176757812,2511.276053139271,2668.0430386536746,2.1338560581207275,161.90476190476193,-35.21718978881836,89.9778823852539,5.622720241546631,12.480016708374023,18.104307174682617,5.9471516609191895,-0.8409165143966675,7.236879825592041,-3.6922593116760254,4.880563735961914,2.657541275024414,0.444188117980957,2.7029433250427246,4.733333333333333,0.0239841490983963,0.0202621738779422,0.46654629707336426,0.3786456286907196,0.3331035077571869,0.4717913269996643,0.4128909409046173,0.735948920249939,0.36477482318878174,0.3114924132823944,0.29668858647346497,0.292588472366333,0.41138362884521484,0.3640929162502289
6bK9BH9Ts8Gj5JFvnQkzak,reggae_dancehall,caribbean,../data/raw/audio/reggae_dancehall/6bK9BH9Ts8Gj5JFvnQkzak.m4a,F,minor,0.5437347171230509,99.38401442307692,49,0.6017838246409675,0.0211083167146389,4.818804740905762,0.2937630712985992,0.062123417854309,-10.594642889733136,20.17287826538086,1856.2184217536808,1905.0887454519116,1.6118216514587402,4.671201814058957,-16.92816162109375,121.64344024658205,-43.965572357177734,18.878602981567383,13.170608520507812,-7.716718196868896,6.298264980316162,-0.945755422115326,0.7042319178581238,9.48135757446289,-8.534950256347656,7.319467544555664,9.973480224609377,6.233333333333333,0.0092361699789762,0.014441325487787,0.2845900356769562,0.23620961606502533,0.26884812116622925,0.2838713228702545,0.43480607867240906,0.9882476329803467,0.6030660271644592,0.41841942071914673,0.3465196192264557,0.28003019094467163,0.2704158425331116,0.25547730922698975
55AMcB2JAUr7wmM3Z9Vgqc,reggae_dancehall,caribbean,../data/raw/audio/reggae_dancehall/55AMcB2JAUr7wmM3Z9Vgqc.m4a,A,minor,0.3990965375059834,123.046875,60,0.4923417502594258,0.012667451005786,9.743743896484377,0.1063495352864265,0.0752156600356102,-18.808515600619224,50.71088409423828,2697.2344136702454,2510.6135392558103,1.9193884134292605,228.5260770975057,-159.95118713378906,72.08497619628906,3.2861452102661133,32.82304000854492,-2.255948543548584,18.90515899658203,-1.5868473052978516,0.7892301082611084,-3.222207546234131,6.472843647003174,-8.203819274902344,3.734729528427124,0.4829607009887695,3.7333333333333334,0.0287972409278154,0.0162399720256897,0.5384688377380371,0.5697221755981445,0.4265630841255188,0.31957751512527466,0.45621517300605774,0.46566158533096313,0.47557690739631653,0.6537996530532837,0.6847075819969177,0.921413004398346,0.7314890623092651,0.6458427309989929
2CL1Q0rQcbKavqqzu3zjQ2,reggae_dancehall,caribbean,../data/raw/audio/reggae_dancehall/2CL1Q0rQcbKavqqzu3zjQ2.m4a,A,major,0.5746755371136004,103.359375,51,0.5870004535147393,0.0185991691791098,8.031484603881836,0.2440574765205383,0.0824899449944496,-14.219103816197348,30.78504753112793,2200.4460404019537,2607.2790263242455,1.910731315612793,289.1609977324263,-97.17494201660156,76.49455261230469,6.803762435913086,25.758939743041992,7.405633449554443,21.194204330444336,6.609292030334473,15.816835403442385,9.953534126281738,12.654542922973633,4.361659049987793,11.89395236968994,7.41841459274292,5.866666666666666,0.0142542598769068,0.0209081626060959,0.25894665718078613,0.3116011619567871,0.30022159218788147,0.23837095499038696,0.4070897400379181,0.3652458190917969,0.35993775725364685,0.3904273509979248,0.28934162855148315,0.4952717125415802,0.3063453435897827,0.4862979054450989
2UhjeQUJoQsRE0e2l4yJjD,reggae_dancehall,caribbean,../data/raw/audio/reggae_dancehall/2UhjeQUJoQsRE0e2l4yJjD.m4a,F#,minor,0.9525713569894144,129.19921875,65,0.4625850340136054,0.0118289998272296,9.507036209106444,0.1796352714300155,0.090053416788578,-15.074991843875395,43.910499572753906,2134.910511130608,2398.585191302465,1.9681817293167112,160.72562358276642,-116.70716094970705,108.56578826904295,-2.656214952468872,10.368585586547852,13.152871131896973,0.789290189743042,3.17395281791687,6.87759256362915,4.160702705383301,4.517545223236084,1.8159700632095337,4.743655204772949,-3.211763620376587,4.4,0.0209893882274627,0.0213632890262116,0.4434031546115875,0.5416408777236938,0.4824015498161316,0.40659964084625244,0.47894084453582764,0.4538571834564209,0.5980592370033264,0.4409336447715759,0.47828471660614014,0.5664148330688477,0.4523887038230896,0.5137687921524048
00q0PKp0UhdiSW0np1PVl1,reggae_dancehall,caribbean,../data/raw/audio/reggae_dancehall/00q0PKp0UhdiSW0np1PVl1.m4a,D,major,0.7492710090638764,151.99908088235293,70,0.3927201025337671,0.0094705427152897,8.594708442687988,0.2126581221818924,0.0674123093485832,-14.421554997634315,32.65019607543945,2074.481316199546,2345.2664057069014,1.8180309534072876,170.4308390022676,-99.52057647705078,85.90312957763672,-1.1378436088562012,36.16579818725586,-0.4470712840557098,9.00925350189209,9.075791358947754,10.738296508789062,-0.2215732038021087,4.662236213684082,-5.1421074867248535,12.166178703308104,-2.524103879928589,4.533333333333333,0.0099571011960506,0.0188600896729723,0.37626421451568604,0.3427204191684723,0.6652774810791016,0.3760360777378082,0.38094067573547363,0.3876749575138092,0.45153358578681946,0.5733602046966553,0.5479636788368225,0.6941294074058533,0.4277684688568115,0.36053788661956787
5lJx5eiSahFfsqkMJVlkDN,reggae_dancehall,caribbean,../data/raw/audio/reggae_dancehall/5lJx5eiSahFfsqkMJVlkDN.m4a,D,major,0.6112271231132107,172.265625,86,0.3444748566093104,0.0099774682910902,6.623377799987793,0.2334111183881759,0.0627161711454391,-12.79011830740039,32.545249938964844,2725.849899801848,2693.2021859035535,1.7020516395568848,282.22222222222223,-46.31729888916016,71.34457397460938,-11.631450653076172,12.455516815185549,8.115544319152832,0.6332862973213196,2.3139569759368896,6.469496726989746,1.588125705718994,11.385860443115234,-3.187155246734619,6.169894218444824,3.2635040283203125,3.9,0.0286236479878425,0.0196707837924735,0.25173190236091614,0.30040442943573,0.4560911953449249,0.3942137062549591,0.46093276143074036,0.30669838190078735,0.3706870973110199,0.607394814491272,0.3544352650642395,0.5283490419387817,0.2656998038291931,0.27337297797203064
0hr9CoeDSUMmQQ7ZgTLRzh,reggae_dancehall,caribbean,../data/raw/audio/reggae_dancehall/0hr9CoeDSUMmQQ7ZgTLRzh.m4a,F#,minor,0.8114089166866496,151.99908088235293,72,0.4061856855418223,0.0134286329607304,11.068766593933104,0.0638157948851585,0.0383184701204299,-23.56031241925075,49.5660285949707,2264.5621812213867,2436.038414621588,1.83736252784729,14.19501133786848,-251.1539764404297,82.79528045654297,-15.282286643981934,36.866756439208984,30.941883087158203,-14.496179580688477,18.79684257507324,0.9385900497436525,6.610886573791504,7.087857246398926,-3.6135623455047607,7.065316200256348,-1.3153401613235474,2.8333333333333335,0.0155302556231617,0.0209694935529276,0.3716049790382385,0.5331453084945679,0.388665109872818,0.3536625802516937,0.4089004397392273,0.43103665113449097,0.6108033061027527,0.4582493007183075,0.5472676753997803,0.5783562660217285,0.4152714014053345,0.38742321729660034
0iuvbEezJcCPASKTrQ1v76,reggae_dancehall,caribbean,../data/raw/audio/reggae_dancehall/0iuvbEezJcCPASKTrQ1v76.m4a,A,minor,0.607355562104552,117.45383522727272,57,0.5137414965986394,0.0310483566320044,5.563636779785156,0.3487696349620819,0.1316538006067276,-10.180707439386316,25.25034523010254,2305.5156120633237,2650.1039926117546,1.830364227294922,248.843537414966,-27.916072845458984,90.68952941894533,10.501300811767578,7.266149520874023,-1.5163499116897583,12.057381629943848,-7.051804542541504,-6.6103105545043945,5.435806751251221,-1.289333462715149,-0.9981781840324402,6.2053961753845215,-0.2554103434085846,5.1,0.0183286927640438,0.019029209701413,0.5036498308181763,0.3304583430290222,0.40000948309898376,0.2935035526752472,0.3948904275894165,0.28831544518470764,0.36178064346313477,0.5206677913665771,0.5888575315475464,0.7419444918632507,0.44996070861816406,0.4759442210197449
0INtJm8gCJKtNaAYQNVlpZ,reggae_dancehall,caribbean,../data/raw/audio/reggae_dancehall/0INtJm8gCJKtNaAYQNVlpZ.m4a,A,major,0.7646511018782018,161.4990234375,78,0.3685036958506346,0.011443315925479,9.047422409057615,0.1620433032512664,0.076351948082447,-16.75043286036002,30.35573387145996,2011.446159160263,2456.8161238586636,2.0630850791931152,61.723356009070294,-140.68531799316406,97.48319244384766,-2.495302677154541,15.81013298034668,13.715758323669434,0.8446580767631531,9.133731842041016,10.944473266601562,4.285198211669922,6.689857482910156,-0.5393614172935486,3.3240342140197754,1.6590651273727417,5.033333333333333,0.0090772109106183,0.01859935907029,0.33655089139938354,0.3168134391307831,0.48198819160461426,0.40337464213371277,0.5881718397140503,0.3312890827655792,0.300373911857605,0.3254566788673401,0.3804592788219452,0.6334229707717896,0.3471381366252899,0.29409274458885193
1ATZfYmZOcm24vl5oQtPdC,reggae_dancehall,caribbean,../data/raw/audio/reggae_dancehall/1ATZfYmZOcm24vl5oQtPdC.m4a,B,major,0.7527507105443837,135.99917763157896,65,0.4302947845804988,0.012292843062928,8.999817848205566,0.1336001008749008,0.0701628476381301,-17.246918796976455,36.358612060546875,2263.3349964008394,2332.8808643515404,1.9404168128967283,53.24263038548753,-151.26025390625,85.71963500976562,-7.773021697998047,25.249420166015625,6.893669605255127,14.665907859802246,5.820467472076416,10.73610019683838,11.538861274719238,8.957752227783203,1.2867754697799685,6.278658390045166,0.2084437012672424,3.8333333333333335,0.0160833988338708,0.0194266899084744,0.4307379424571991,0.42859575152397156,0.42365720868110657,0.40789714455604553,0.590465784072876,0.4138891398906708,0.6104726195335388,0.41100138425827026,0.37240591645240784,0.409929484128952,0.44048288464546204,0.6076868176460266
0QCIpQV3twfqo9kh0t8Zza,reggae_dancehall,caribbean,../data/raw/audio/reggae_dancehall/0QCIpQV3twfqo9kh0t8Zza.m4a,C,minor,0.6647648724328421,99.38401442307692,47,0.6057379473528542,0.0285726018314877,6.101948261260986,0.2619538307189941,0.1452039033174514,-12.967644683650745,28.19434356689453,2206.0528400360417,2336.5082122534563,1.7258172035217283,284.3537414965987,-67.49685668945312,96.74793243408205,-3.4537160396575928,19.39891815185547,-7.978015422821045,1.7577908039093018,-9.009354591369627,-0.453629195690155,-8.61184024810791,-2.4433488845825195,-6.8666887283325195,1.2082213163375854,-3.6978816986083984,4.833333333333333,0.0195838641375303,0.0169752976757704,0.9092098474502563,0.5569702386856079,0.46825721859931946,0.3952057659626007,0.27692925930023193,0.3074081242084503,0.29882189631462097,0.4165513217449188,0.2779789865016937,0.2557958662509918,0.2348066121339798,0.23423297703266144
4x7sFZQYa6MKiUExmH0bZr,reggae_dancehall,caribbean,../data/raw/audio/reggae_dancehall/4x7sFZQYa6MKiUExmH0bZr.m4a,A,major,0.6206845714891058,172.265625,84,0.3502576291560801,0.0145097327972103,6.9313201904296875,0.0927303880453109,0.0342624820768833,-20.9684360455304,41.5491943359375,2846.1590234153477,2810.1008678457392,2.2012345790863037,228.29931972789117,-166.43382263183594,63.95075988769531,2.9188942909240723,8.613059043884277,11.344578742980955,6.7066826820373535,-9.840843200683594,8.017244338989258,-5.1368632316589355,3.304469108581543,-4.349466800689697,1.4026168584823608,1.5093263387680054,5.366666666666666,0.0261864066123962,0.0184318378442064,0.3004675805568695,0.33071815967559814,0.343731552362442,0.3980543911457062,0.6410777568817139,0.40718409419059753,0.2899036109447479,0.3600618243217468,0.46811768412590027,0.6755089163780212,0.4613802433013916,0.3571538031101227
1dJ4B430vrgOrTtBXbM04d,reggae_dancehall,caribbean,../data/raw/audio/reggae_dancehall/1dJ4B430vrgOrTtBXbM04d.m4a,C,major,0.5156610681871275,143.5546875,70,0.4179591836734694,0.0285071296862552,5.152734279632568,0.2952230274677276,0.1027215346693992,-12.257119447882433,28.084453582763672,2126.0229649891385,2563.89605236693,1.7944930791854858,251.6553287981859,-62.7432861328125,98.33366394042967,25.595443725585938,27.04823303222656,10.837175369262695,16.845170974731445,5.9037346839904785,7.812137126922607,-3.5744569301605225,11.523228645324709,-1.371614694595337,9.008064270019531,0.6387805938720703,4.766666666666667,0.0187268927693367,0.0198045094516762,0.6514570116996765,0.6757015585899353,0.5022725462913513,0.45848456025123596,0.5671966671943665,0.43930506706237793,0.4686369001865387,0.5905470252037048,0.4226788580417633,0.41213980317115784,0.34978488087654114,0.3874984383583069
4HjJcFdRHa3Ju3GdBCJFSu,reggae_dancehall,caribbean,../data/raw/audio/reggae_dancehall/4HjJcFdRHa3Ju3GdBCJFSu.m4a,A#,major,0.8754267270197262,117.45383522727272,58,0.5079874288896845,0.0217779814589404,4.006951332092285,0.2678286135196686,0.077893428504467,-11.321707961086394,32.91083526611328,3266.028197175152,2984.231426264115,1.714996099472046,19.04761904761905,-27.632909774780273,58.06314849853515,22.309667587280273,22.275634765625,8.09938907623291,-6.73804235458374,-10.684560775756836,10.241375923156738,-14.14190673828125,4.001948356628418,1.7645879983901978,1.522974133491516,-1.222140550613403,5.633333333333334,0.0406193397939205,0.0205043417515722,0.5346274971961975,0.3794676959514618,0.463277667760849,0.48415255546569824,0.3634708523750305,0.5109530091285706,0.39876988530158997,0.4161246120929718,0.337229460477829,0.4427894651889801,0.6743139624595642,0.4271676242351532
1Glu0D4XQZf7Vhl94LeivO,reggae_dancehall,caribbean,../data/raw/audio/reggae_dancehall/1Glu0D4XQZf7Vhl94LeivO.m4a,F,major,0.9458938557540928,135.99917763157896,67,0.445400948258091,0.022832928299784,4.526594161987305,0.0910811796784401,0.0647338330745697,-19.961100212549884,178.34701538085938,2006.80084337168,2320.3427756570995,1.613988757133484,51.33786848072562,-199.1818695068359,112.75214385986328,27.652421951293945,13.545273780822754,-2.823590040206909,-1.2251771688461304,-11.63601016998291,-8.090652465820312,-13.455419540405272,-7.178213596343994,-5.961216449737549,-4.475814342498779,-7.201196193695068,2.8,0.0214472375810146,0.0195392471419914,0.5942915081977844,0.37457039952278137,0.5755182504653931,0.3439366817474365,0.48128798604011536,0.7048566341400146,0.3976189196109772,0.5376951098442078,0.3819065988063812,0.5860247611999512,0.5290570855140686,0.3906923532485962
2noJ961fnUdl1OQvwAblTQ,reggae_dancehall,caribbean,../data/raw/audio/reggae_dancehall/2noJ961fnUdl1OQvwAblTQ.m4a,A,minor,0.552061841840701,143.5546875,69,0.4271788715486195,0.0144349316134164,8.648067474365234,0.0981265306472778,0.0464832782745361,-20.048287085683945,39.05637741088867,2782.1384613021187,2836.697179986864,1.835131049156189,12.834467120181404,-161.15811157226562,70.18220520019531,23.8389835357666,31.43406867980957,16.8243465423584,11.539315223693848,1.0465985536575315,8.906248092651367,-1.2065460681915283,2.8971986770629883,-3.9738943576812744,2.144033193588257,-3.415319442749023,4.0,0.0294856559485197,0.0204608998363404,0.5672204494476318,0.48562589287757874,0.6420921087265015,0.47766241431236267,0.652920663356781,0.4039670526981354,0.3400213122367859,0.4512646198272705,0.36830830574035645,0.5513544082641602,0.42176756262779236,0.47220051288604736
3ApxpM5ghkdjWKhbrQaPLk,reggae_dancehall,caribbean,../data/raw/audio/reggae_dancehall/3ApxpM5ghkdjWKhbrQaPLk.m4a,F#,minor,0.8408345581414732,161.4990234375,71,0.3804755425979916,0.0125920174704298,10.848718643188477,0.2373337596654892,0.1149717271327972,-13.22178812344949,47.7165641784668,2883.354878907944,2981.910288141161,1.9582494497299192,2.8117913832199544,-103.20549774169922,56.20136642456055,11.776686668395996,26.62640953063965,29.268585205078125,-3.7324490547180176,1.4527994394302368,1.3071200847625732,-5.859372138977051,5.63995885848999,2.4860990047454834,5.216597557067871,2.4508166313171387,3.533333333333333,0.0332219451665878,0.0206321427055619,0.33205899596214294,0.5359952449798584,0.35900992155075073,0.34331846237182617,0.3681090176105499,0.3776058256626129,0.5427302718162537,0.315771222114563,0.46032747626304626,0.4863720238208771,0.28222987055778503,0.2808225154876709
18KzwTjTnbBaspORB0tpzM,reggae_dancehall,caribbean,../data/raw/audio/reggae_dancehall/18KzwTjTnbBaspORB0tpzM.m4a,A,major,0.6386617738889633,143.5546875,71,0.4179591836734693,0.0078497773863221,7.052155017852783,0.2391921877861023,0.0801027715206146,-14.096974527060407,29.61128807067871,2292.60490591309,2757.5537715684413,1.6585712432861328,111.15646258503402,-84.19117736816406,86.0863037109375,21.63618278503418,20.690250396728516,16.209688186645508,13.281451225280762,1.9808917045593264,12.219107627868652,-5.237598896026611,3.639227390289306,1.4356894493103027,3.9308650493621826,-1.3317073583602903,3.6666666666666665,0.0143855921924114,0.0205592257142599,0.3893629014492035,0.4819453954696655,0.37679558992385864,0.35294440388679504,0.410695880651474,0.3655949831008911,0.4209687411785126,0.37481194734573364,0.5163823366165161,0.6116304993629456,0.4291732907295227,0.48442399501800537
73QYhs58wfVPnEy2YnpTHR,reggae_dancehall,caribbean,../data/raw/audio/reggae_dancehall/73QYhs58wfVPnEy2YnpTHR.m4a,C,major,0.6688394124044192,151.99908088235293,77,0.3883231889246927,0.0148769379588428,6.238850116729736,0.1521653234958648,0.0537494681775569,-15.82368273408933,30.896873474121097,2965.097994243401,2695.7551470570006,1.926730036735535,5.034013605442177,-84.78352355957031,63.40861892700195,-6.4707560539245605,6.586732864379883,-0.6540478467941284,7.124821662902832,-21.828428268432617,6.449749946594238,-4.559656620025635,-0.1768715679645538,-3.3397960662841797,1.8471754789352417,-4.639796733856201,5.266666666666667,0.0318592190742492,0.0174652322083008,0.7459962368011475,0.5281491875648499,0.4756758511066437,0.43580174446105957,0.46833133697509766,0.4883076250553131,0.42601796984672546,0.5327491164207458,0.421818345785141,0.4128602147102356,0.44895991683006287,0.5871851444244385
1UzKoXNMOTLmu7OFoCNokM,reggae_dancehall,caribbean,../data/raw/audio/reggae_dancehall/1UzKoXNMOTLmu7OFoCNokM.m4a,D,major,0.6960162408972216,135.99917763157896,69,0.4333253301320528,0.0176345329674315,4.433784008026123,0.2806593477725982,0.0946635380387306,-12.063743801712276,24.32912826538086,2216.0837386762673,2765.460167380427,1.5883078575134275,9.160997732426305,-82.17218017578125,98.36402893066406,34.3932991027832,25.195838928222656,16.71555519104004,-5.375560760498047,12.462196350097656,0.2686732709407806,-11.363929748535156,17.844030380249023,-9.58946132659912,1.648969054222107,-3.0446743965148926,5.366666666666666,0.0074993059970438,0.0190534337580789,0.29491767287254333,0.4166489839553833,0.7523709535598755,0.45443201065063477,0.5772314071655273,0.4172244369983673,0.4402221143245697,0.35704314708709717,0.31237664818763733,0.5193695425987244,0.2932026982307434,0.2591731548309326
4Qmbc7KFWkKvxBz5KjcA6g,reggae_dancehall,caribbean,../data/raw/audio/reggae_dancehall/4Qmbc7KFWkKvxBz5KjcA6g.m4a,F,minor,0.3428760391778405,143.5546875,66,0.4218887144601431,0.0119231389713709,9.966513633728027,0.1941135078668594,0.090048536658287,-14.632685982422007,41.556941986083984,2150.845573903929,2423.2247833682204,2.148696184158325,192.15419501133783,-129.67874145507812,81.50198364257812,8.49268627166748,45.25656509399414,9.802447319030762,6.661920547485352,7.029229640960693,10.259466171264648,-0.6612196564674377,7.907380104064941,9.222901344299316,2.5295794010162354,3.4131195545196533,4.733333333333333,0.0141753824427723,0.0193224416824558,0.2857702672481537,0.314421683549881,0.4824402928352356,0.44796067476272583,0.47264793515205383,0.6235784888267517,0.47222310304641724,0.6533082723617554,0.47548937797546387,0.2796402871608734,0.24997389316558838,0.25801271200180054
1jqLJBQwo7yBCqYQWukLkq,reggae_dancehall,caribbean,../data/raw/audio/reggae_dancehall/1jqLJBQwo7yBCqYQWukLkq.m4a,D,minor,0.4206874378078931,161.4990234375,77,0.3788518916338465,0.0107933203569873,7.99473762512207,0.080200619995594,0.0377924591302871,-22.43025647288751,33.92133331298828,2516.24930905223,2697.497460743434,1.861464500427246,224.17233560090705,-182.2077178955078,78.32707977294922,14.280749320983888,40.04862976074219,16.790935516357422,-0.4631988108158111,5.558459758758545,-1.926911234855652,-3.4729015827178955,-2.2647511959075928,-2.326167106628418,0.712151288986206,-5.959174633026123,4.433333333333334,0.0252151899039745,0.0163211416005466,0.5618071556091309,0.6373152136802673,0.9093475937843323,0.7962002158164978,0.6245716214179993,0.524849534034729,0.45711326599121094,0.4383770227432251,0.4285023808479309,0.45647791028022766,0.4684678912162781,0.38838690519332886
6LGTXFy9KNQeBjUHT9fPFh,reggae_dancehall,caribbean,../data/raw/audio/reggae_dancehall/6LGTXFy9KNQeBjUHT9fPFh.m4a,A#,major,0.50957598953238,103.359375,50,0.5781294830857513,0.029387992957236,7.229310989379883,0.2112902402877807,0.0751153975725174,-13.943954697320988,30.57295799255371,3193.9986118512165,3043.4692880087473,2.185565710067749,98.59410430839004,-57.64788055419922,62.0207405090332,17.689891815185547,5.776505470275879,3.5961482524871826,12.447639465332031,-0.0433574467897415,16.011329650878906,-2.8956704139709473,7.196596622467041,-2.9637537002563477,9.50651741027832,1.346356987953186,6.233333333333333,0.0380055867135524,0.0194272263048255,0.5611261129379272,0.5593647956848145,0.5707828998565674,0.46402978897094727,0.477068156003952,0.4710673391819,0.5167145729064941,0.5764731764793396,0.48455262184143066,0.5032749772071838,0.8069141507148743,0.6122143864631653
6ursmCnbc9oDRGa2yHKkoZ,reggae_dancehall,caribbean,../data/raw/audio/reggae_dancehall/6ursmCnbc9oDRGa2yHKkoZ.m4a,E,minor,0.7210762692454752,123.046875,59,0.4980279928063179,0.0173400278485987,3.35011625289917,0.2506226301193237,0.0582329519093036,-12.830910237639904,18.45575523376465,2267.366061092773,2361.2272276080794,1.139971375465393,191.24716553287985,-2.162386655807495,89.31293487548828,-15.681199073791504,41.706748962402344,12.899630546569824,12.039795875549316,5.760788440704346,11.781405448913574,-1.267783761024475,4.031938552856445,4.313596725463867,6.148416519165039,-0.772074818611145,3.966666666666667,0.0253117382526397,0.0177872430986013,0.751378059387207,0.6406301856040955,0.6478230953216553,0.7201514840126038,0.7394344210624695,0.6466792821884155,0.7195419669151306,0.7706940770149231,0.6752970814704895,0.6128985285758972,0.5890406370162964,0.7539238929748535
3GIFozqfhT8qC4SxB2sAJs,reggae_dancehall,caribbean,../data/raw/audio/reggae_dancehall/3GIFozqfhT8qC4SxB2sAJs.m4a,D#,minor,0.7441163206556575,123.046875,60,0.4880126061724125,0.0029972526462991,7.159518241882324,0.1665533035993576,0.0444677323102951,-16.20386549334229,25.908525466918945,3281.7604004106147,3007.551854679205,1.711879849433899,105.3968253968254,-75.67768096923828,59.212642669677734,5.087733745574951,20.36112403869629,20.365156173706055,2.4370083808898926,6.644497871398926,6.2600417137146,-2.752142429351806,6.879952907562256,-0.7539038062095642,5.994972229003906,-5.765539646148682,4.933333333333334,0.0401829294860363,0.0185624787731422,0.304959237575531,0.35559117794036865,0.3904033303260803,0.6649877429008484,0.3255150020122528,0.46497592329978943,0.5662153363227844,0.5128217935562134,0.4740358591079712,0.45631036162376404,0.6994600296020508,0.37677115201950073
0ZBrfWlKjTAihRdr3rOLRc,reggae_dancehall,caribbean,../data/raw/audio/reggae_dancehall/0ZBrfWlKjTAihRdr3rOLRc.m4a,C,major,0.8272008738376575,129.19921875,58,0.4546222699606158,0.0114643411816664,9.357307434082031,0.1819869428873062,0.0853421613574028,-14.659427361491357,128.29302978515625,2210.944610896924,2297.785271525021,1.8653719425201416,9.614512471655328,-125.74687957763672,95.60124206542967,-8.342673301696777,10.712010383605955,-0.7725894451141357,-2.5271260738372803,-6.881980895996094,-4.829714775085449,-7.940390586853027,-3.786954402923584,-10.409660339355469,0.3627731204032898,-6.952808856964111,3.6333333333333337,0.0299840699881315,0.0209299542976617,0.561622142791748,0.36247318983078003,0.4801543056964874,0.3541349470615387,0.5222221612930298,0.354109525680542,0.31526657938957214,0.4862782061100006,0.35102975368499756,0.49825289845466614,0.31600069999694824,0.3982226848602295
6B8pYtoS3XHrc821hExWf6,reggae_dancehall,caribbean,../data/raw/audio/reggae_dancehall/6B8pYtoS3XHrc821hExWf6.m4a,A,major,0.7616324881877842,143.5546875,65,0.4165079365079365,0.0115189172726617,6.107914924621582,0.225435733795166,0.0809419080615043,-13.038965698965074,25.820470809936523,2811.2052265361503,2615.32571109423,1.551400661468506,128.7074829931973,-41.53688430786133,71.18872833251953,-3.174955129623413,21.979555130004883,-5.091187000274658,6.332617282867432,-6.866474151611328,-0.8710724115371704,-6.179216384887695,-0.4751169383525848,-9.202156066894531,1.6274120807647705,-10.726924896240234,4.333333333333333,0.034100092947483,0.0184133042237953,0.3720817565917969,0.3173367381095886,0.4915018379688263,0.29724639654159546,0.4835420548915863,0.2944726049900055,0.2751641273498535,0.3613296449184418,0.3864946961402893,0.682397186756134,0.31304699182510376,0.28717026114463806
3j8EEMm9kbPLqByuaHmUmQ,reggae_dancehall,caribbean,../data/raw/audio/reggae_dancehall/3j8EEMm9kbPLqByuaHmUmQ.m4a,A,minor,0.4716552047915786,184.5703125,89,0.3293011750154607,0.0089558113040822,7.76585865020752,0.2451302260160446,0.0817903578281402,-12.85619258740579,35.056278228759766,2664.41037563288,2773.002933576412,1.973320245742798,172.6077097505669,-56.81560897827149,74.1298828125,1.3184994459152222,5.770620346069336,10.70417308807373,6.351831436157227,-0.6103179454803467,11.24555492401123,4.2085089683532715,6.205945014953613,2.396959066390991,10.377232551574709,10.271864891052246,4.833333333333333,0.0317186154425144,0.0170102110961413,0.42749518156051636,0.3432735502719879,0.38350462913513184,0.3625180125236511,0.40339699387550354,0.37333571910858154,0.4132632315158844,0.5881291627883911,0.6896867752075195,0.837559163570404,0.4978017807006836,0.3748638331890106
5O4erNlJ74PIF6kGol1ZrC,reggae_dancehall,caribbean,../data/raw/audio/reggae_dancehall/5O4erNlJ74PIF6kGol1ZrC.m4a,B,minor,0.6345349157298892,103.359375,51,0.5809632653061224,0.0098404403550235,10.687853813171388,0.193471148610115,0.0889950171113014,-14.502866721394922,31.28668785095215,1907.876838582356,2338.534981189166,2.2349541187286377,138.54875283446714,-109.2577896118164,104.80633544921876,10.01386833190918,30.39218521118164,9.116477012634276,8.614973068237305,-1.7841674089431765,0.2009239494800567,-2.454680919647217,4.1879987716674805,2.902199029922486,2.5247602462768555,-6.804776668548584,5.1,0.0129830595105886,0.0191604339735364,0.622847855091095,0.5482698082923889,0.6461748480796814,0.5638501644134521,0.5745314359664917,0.5638246536254883,0.6629753708839417,0.5420986413955688,0.4263309836387634,0.46919170022010803,0.458820104598999,0.6648207902908325
1NyiB5s6uBWUjZffvWjEmo,reggae_dancehall,caribbean,../data/raw/audio/reggae_dancehall/1NyiB5s6uBWUjZffvWjEmo.m4a,G,minor,0.799091733352777,143.5546875,70,0.4263722107200368,0.0157985806494711,8.362557411193848,0.2419930398464203,0.0898957103490829,-13.796773555993022,32.96600341796875,2817.248738691879,2967.495745567668,1.818380355834961,113.15192743764172,-111.07894897460938,51.23598861694336,39.814361572265625,36.18553924560547,7.638187408447266,14.578024864196776,8.666464805603027,5.6883063316345215,1.3548587560653689,15.06721019744873,1.9217290878295896,9.506830215454102,4.6885457038879395,3.966666666666667,0.0244132094085216,0.0197871173182734,0.4727676510810852,0.31370726227760315,0.35990044474601746,0.34699583053588867,0.2784992754459381,0.31755200028419495,0.353046178817749,0.578528881072998,0.33996066451072693,0.3686283826828003,0.45641615986824036,0.3595946431159973
5QQrjBMZ1AJbRH0gTDH9z6,reggae_dancehall,caribbean,../data/raw/audio/reggae_dancehall/5QQrjBMZ1AJbRH0gTDH9z6.m4a,A,major,0.8662448708068772,143.5546875,73,0.4073167044595616,0.0115695946720861,8.848200798034668,0.2617936134338379,0.11070067435503,-11.456762744376698,31.36339569091797,3652.44852945305,3045.344259317804,1.968178629875183,11.020408163265309,-41.2763557434082,41.71686172485352,14.708402633666992,5.913594722747803,8.194258689880371,13.23915958404541,-9.642935752868652,13.44229507446289,-1.0020118951797483,8.097832679748535,4.498805046081543,6.124882698059082,-4.054974555969238,3.8,0.0531642884016037,0.0205413256962579,0.47844013571739197,0.5495002269744873,0.5864251852035522,0.5443427562713623,0.6140384078025818,0.5262896418571472,0.5134488344192505,0.4987201988697052,0.5627107620239258,0.6728174686431885,0.5132941603660583,0.5905033349990845
167MboygMqDnOiMP373hwz,reggae_dancehall,caribbean,../data/raw/audio/reggae_dancehall/167MboygMqDnOiMP373hwz.m4a,F#,minor,0.6337863206547106,117.45383522727272,52,0.4999119647859144,0.011589873452341,11.71286678314209,0.2795994281768799,0.1219139173626899,-11.930489512420902,114.61190795898438,2079.716710574071,2477.012080621673,1.908619999885559,287.891156462585,-92.97112274169922,102.7409896850586,7.494010448455811,14.782760620117188,6.227621078491211,5.081958770751953,2.381023406982422,1.230119705200195,-0.9240182042121888,3.6251626014709473,-0.9169742465019226,3.177445650100708,1.092200517654419,4.266666666666667,0.0226614978164434,0.019921184430547,0.3913886547088623,0.47932395339012146,0.36419105529785156,0.36212489008903503,0.4511275589466095,0.5450372099876404,0.7122583985328674,0.47822239995002747,0.4424431324005127,0.42448335886001587,0.35843417048454285,0.468086302280426
2SuE1yHjesIRoAWzUEqDbB,reggae_dancehall,caribbean,../data/raw/audio/reggae_dancehall/2SuE1yHjesIRoAWzUEqDbB.m4a,C#,minor,0.3651750624913035,86.1328125,41,0.6971791383219954,0.0350180858934697,9.979724884033203,0.0814848840236663,0.0274388249963521,-22.58668281773592,39.657470703125,2607.4293958317116,2716.8314452234545,2.1372249126434326,153.42403628117916,-187.4494781494141,79.8914566040039,16.602197647094727,11.689233779907228,0.9428024888038636,10.30097770690918,1.0068981647491455,4.158348083496094,-4.418581008911133,3.8068416118621826,4.91119909286499,10.115503311157228,-0.4228571355342865,4.633333333333334,0.0222873091697692,0.0184834293696004,0.39099037647247314,0.6910982131958008,0.6476090550422668,0.6820290088653564,0.5867387652397156,0.48593905568122864,0.48798447847366333,0.43004482984542847,0.416578084230423,0.4149509072303772,0.48536714911460876,0.5101384520530701
4Od3CGMwkCtkQmdciGpDhv,reggae_dancehall,caribbean,../data/raw/audio/reggae_dancehall/4Od3CGMwkCtkQmdciGpDhv.m4a,G,minor,0.8831861620054837,143.5546875,69,0.4285447512338268,0.0134653501485964,6.686358451843262,0.2530091106891632,0.0806016474962234,-12.52694251901239,30.31633758544922,2637.5809074534404,2719.4124409090787,1.4785029888153076,114.87528344671202,-42.75883865356445,72.77356719970703,9.361496925354004,27.94403076171875,7.813308715820312,9.731033325195312,1.2997655868530271,5.898794174194336,-1.767818808555603,9.775142669677734,-3.863213300704956,7.923091888427734,1.4037457704544067,3.7666666666666666,0.0269903354346752,0.019987667317279,0.5176026225090027,0.4001719057559967,0.48021170496940613,0.45325803756713867,0.40313512086868286,0.38029173016548157,0.3925001621246338,0.6162341833114624,0.39243945479393005,0.38880378007888794,0.514818012714386,0.3552241921424866
24dYJMPdnXXoHEu50MwRVN,reggae_dancehall,caribbean,../data/raw/audio/reggae_dancehall/24dYJMPdnXXoHEu50MwRVN.m4a,D,major,0.7311571187023378,143.5546875,70,0.4156035361004305,0.0259666958825238,4.973871231079102,0.0954738780856132,0.0328778773546218,-20.59570078563338,32.856590270996094,1414.809164458161,1900.6852533595716,1.7324302196502686,224.58049886621313,-248.74362182617188,128.1788787841797,26.503875732421875,29.68716049194336,10.113908767700195,4.682584762573242,-8.732880592346191,0.0729946419596672,-10.846739768981934,-1.3546043634414673,-11.306570053100586,-6.156799793243408,-10.969426155090332,4.233333333333333,0.004621623083949,0.0196752474847013,0.2497958540916443,0.307532399892807,0.5083473324775696,0.204569011926651,0.26192229986190796,0.21420542895793915,0.365144282579422,0.4845098853111267,0.39133670926094055,0.5681108236312866,0.39227551221847534,0.24217328429222107
3nVveBWPxK3A65Wj6caJ1W,reggae_dancehall,caribbean,../data/raw/audio/reggae_dancehall/3nVveBWPxK3A65Wj6caJ1W.m4a,A,minor,0.8008845981530673,135.99917763157896,68,0.4370203404744982,0.0132604145970701,8.747885704040527,0.231106236577034,0.0766496360301971,-13.617533814926128,31.65877342224121,2012.3098453629607,2303.986029169103,1.9090934991836548,8.616780045351474,-89.3104248046875,97.78230285644533,8.890816688537598,43.891300201416016,7.063258171081543,5.189753532409668,1.6637840270996094,8.94619083404541,4.939680576324463,7.162927150726318,0.9161314368247986,4.198777198791504,3.2377560138702393,4.133333333333334,0.0154382567852735,0.0198023143487723,0.49779120087623596,0.34831079840660095,0.36809733510017395,0.39478403329849243,0.4998437762260437,0.4892587959766388,0.4261050820350647,0.44373252987861633,0.49514102935791016,0.6165471076965332,0.39246001839637756,0.5266002416610718
7KhQx2EJaZIPGsbMAjf4jg,reggae_dancehall,caribbean,../data/raw/audio/reggae_dancehall/7KhQx2EJaZIPGsbMAjf4jg.m4a,F,minor,0.7182159731247915,143.5546875,73,0.4069942050894432,0.0149745316813225,6.556467056274414,0.2578258812427521,0.1032744720578193,-12.758470910571749,30.466947555541992,2795.6630220736383,2972.7468084328507,1.809570074081421,133.87755102040816,-51.30221939086914,73.10354614257812,12.363097190856934,20.825424194335938,16.016042709350586,-8.100136756896973,1.890397310256958,4.9772868156433105,-5.05008602142334,13.853533744812012,-7.0396013259887695,7.627229690551758,0.6206613779067993,4.9,0.0278614200651645,0.0210920745047168,0.4628588855266571,0.4296371340751648,0.38228094577789307,0.4939476549625397,0.3979092538356781,0.5916122198104858,0.35537973046302795,0.39428362250328064,0.48783746361732483,0.34859058260917664,0.5686203837394714,0.42718273401260376
0b4oacCFyYkWUC6Nl4BzNe,reggae_dancehall,caribbean,../data/raw/audio/reggae_dancehall/0b4oacCFyYkWUC6Nl4BzNe.m4a,F#,major,0.7376203751263273,86.1328125,41,0.6896326530612245,0.0275721684742104,6.9214091300964355,0.2633708119392395,0.0906994417309761,-12.320464341727057,31.56247901916504,2391.0046540314406,2677.900589629761,1.888169288635254,135.69160997732428,-55.12314987182617,89.43254089355469,12.456196784973145,12.583013534545898,14.66228485107422,10.190157890319824,-11.56240940093994,7.857202053070068,-0.4169073402881622,0.2084135115146637,-0.132010355591774,2.063154697418213,-2.897554636001587,5.1,0.0202253218740224,0.0201780196515601,0.4308864176273346,0.6196398735046387,0.445383220911026,0.5575282573699951,0.47906267642974854,0.5152771472930908,0.6313602924346924,0.4380607604980469,0.44916224479675293,0.35243460536003113,0.4260454773902893,0.4556502103805542
0cAvGrdeZ3n0yutlRUsAvR,reggae_dancehall,caribbean,../data/raw/audio/reggae_dancehall/0cAvGrdeZ3n0yutlRUsAvR.m4a,C,minor,0.7226101415919598,143.5546875,53,0.4286760858189429,0.0132464455796021,10.089040756225586,0.2315123975276947,0.1162357851862907,-13.18001923535496,33.88029479980469,2279.0286358403237,2385.8721360747204,1.64391028881073,272.5170068027211,-97.5792007446289,79.37722778320312,-13.404736518859863,15.663909912109377,8.76541519165039,26.84183883666992,0.2360350936651229,0.6330678462982178,1.5962297916412354,11.073866844177246,3.0586800575256348,2.183507919311523,0.1200633123517036,3.7,0.0274381190538406,0.0203093873842582,0.5757561326026917,0.4888876676559448,0.5420785546302795,0.5136706829071045,0.42375698685646057,0.44861048460006714,0.44146528840065,0.5824301838874817,0.4548441767692566,0.4012923538684845,0.38397303223609924,0.40220797061920166
2vACumvzzT2ZngO2p7i3Gu,reggae_dancehall,caribbean,../data/raw/audio/reggae_dancehall/2vACumvzzT2ZngO2p7i3Gu.m4a,F,major,0.5610961110916151,103.359375,47,0.5779749580991816,0.0314629215247193,6.99033784866333,0.3219643831253052,0.1369516402482986,-10.368008492248956,30.27167320251465,2281.4817522185754,2519.820782167984,2.0373189449310303,283.6734693877551,-30.62985038757324,99.80522918701172,-3.125387668609619,2.1280436515808105,10.213282585144045,5.959151268005371,2.688498020172119,6.466789245605469,-1.9680107831954956,6.975003242492676,0.1331687718629837,8.207721710205078,-0.0443968400359153,5.566666666666666,0.0214809831231832,0.014028844600055,0.26116472482681274,0.24747270345687866,0.24453718960285187,0.3176787197589874,0.5814802646636963,0.9968463182449341,0.4483647644519806,0.28027573227882385,0.2968703806400299,0.37687984108924866,0.4741523563861847,0.3508680760860443
4qybrP2eR1Ex5X8wkz7DDw,calypso_soca,caribbean,../data/raw/audio/calypso_soca/4qybrP2eR1Ex5X8wkz7DDw.m4a,D,minor,0.4847697150143886,143.5546875,69,0.4254715219421102,0.021237123234357,6.983040809631348,0.2291484177112579,0.1600670963525772,-14.452593356997056,34.45111083984375,2379.993922256876,2471.8110606284467,2.249889373779297,3.4467120181405897,-109.95893096923828,84.78620147705078,0.309755802154541,7.569795608520508,-3.1035709381103516,3.766286373138428,-8.263309478759766,8.4230318069458,-11.352581024169922,5.450594425201416,-7.89603853225708,-6.682194709777832,-3.344867467880249,4.7,0.031666126102209,0.0174243756109651,0.2608007788658142,0.5323309302330017,0.9114622473716736,0.5202832221984863,0.4137539267539978,0.24920819699764252,0.19157300889492035,0.19692333042621613,0.1994422972202301,0.22648587822914124,0.21894800662994385,0.21934464573860168
7EMNrqykT2djkWvTZJV17Q,calypso_soca,caribbean,../data/raw/audio/calypso_soca/7EMNrqykT2djkWvTZJV17Q.m4a,C,major,0.8594485661652351,103.359375,50,0.5880808922208339,0.0118563893815291,8.789667129516602,0.212642565369606,0.0686762258410453,-13.581543457455028,180.04678344726562,2323.696639155162,2622.6458850503363,1.920925259590149,1.8594104308390025,-74.83451080322266,89.8318862915039,2.840334415435791,17.584802627563477,19.706806182861328,-2.611757755279541,8.044964790344238,1.6823675632476809,-1.0800464153289795,0.592109203338623,-4.233745574951172,0.0363111458718776,-4.550741195678711,4.4,0.0250997003167867,0.0182044048159948,0.8881374001502991,0.35099467635154724,0.3500359058380127,0.31014129519462585,0.48515892028808594,0.44699451327323914,0.4112081527709961,0.7781615853309631,0.5110216736793518,0.4822535514831543,0.38700833916664124,0.4764101505279541
1gWrtyC9EphAAACpo2u6Cr,calypso_soca,caribbean,../data/raw/audio/calypso_soca/1gWrtyC9EphAAACpo2u6Cr.m4a,D#,minor,0.9064165445560772,107.666015625,55,0.5503989250020996,0.0324186288213154,4.919229030609131,0.1738030612468719,0.0569390170276165,-15.20992993175121,39.31627655029297,2607.128757364484,2515.4571540082,1.585291862487793,132.47165532879816,-60.83553314208984,83.22486114501953,-15.198895454406738,7.2530837059021,-4.9001874923706055,0.6145303249359131,-4.716220378875732,-2.69893217086792,-7.987518787384033,-1.4932292699813845,-3.845512628555298,-8.368250846862793,-13.266178131103516,2.8,0.0281845014542341,0.020364710245895,0.3041423261165619,0.4518396854400635,0.3542995750904083,0.7656845450401306,0.37762144207954407,0.3642044961452484,0.5118021965026855,0.3352425694465637,0.5047325491905212,0.27999985218048096,0.4999365508556366,0.4259277582168579
0xDX2eQsx9F4xHVMNPvVge,calypso_soca,caribbean,../data/raw/audio/calypso_soca/0xDX2eQsx9F4xHVMNPvVge.m4a,G,minor,0.4812257284995792,151.99908088235293,77,0.3816016231053825,0.0142618672602831,4.963664531707764,0.1626796126365661,0.0735230594873428,-15.932441188879626,30.126445770263672,2527.5837939150083,2637.3328484249687,1.5883256196975708,285.12471655328795,-102.204833984375,78.14075469970703,9.25195598602295,21.59029769897461,-1.858004450798035,13.30286693572998,-6.938821315765381,2.535381317138672,-11.2553071975708,5.056366443634033,-3.613373517990112,-3.0236873626708984,-7.633187294006348,3.8,0.024800831452012,0.018780280467349,0.4653719365596771,0.3178877830505371,0.47130969166755676,0.5371807813644409,0.5795247554779053,0.6883371472358704,0.5354776978492737,0.8219954967498779,0.6048389077186584,0.5552473664283752,0.48926547169685364,0.41960233449935913
6qWG7dpOSs5dfgJ7d35am5,calypso_soca,caribbean,../data/raw/audio/calypso_soca/6qWG7dpOSs5dfgJ7d35am5.m4a,A,major,0.7384363945216394,92.28515625,24,0.6582352361234348,0.0162159868736172,7.440650939941406,0.1881201714277267,0.108256921172142,-13.665704467505092,180.1735076904297,2201.0092783204254,2430.5727401279337,1.3572367429733276,2.5850340136054424,-126.03907775878906,82.62238311767578,13.547823905944824,36.40268325805664,11.57137393951416,3.2116634845733643,0.1501752138137817,-3.3139913082122803,-3.4177374839782715,-3.051157236099243,-8.492937088012695,-1.544906735420227,-11.25996208190918,4.133333333333334,0.0309421736747026,0.0211962061862165,0.24496763944625854,0.27503275871276855,0.34422847628593445,0.2634736895561218,0.5056819319725037,0.2844715416431427,0.35341355204582214,0.3375720679759979,0.5260600447654724,0.7385628819465637,0.3053068220615387,0.3201654851436615
6H7ceabcnPzo61tefRMeNz,calypso_soca,caribbean,../data/raw/audio/calypso_soca/6H7ceabcnPzo61tefRMeNz.m4a,G,major,0.7252462967984075,117.45383522727272,54,0.5130295640268686,0.0212834241025573,7.358358860015869,0.2486439943313598,0.0897631645202636,-12.512477517392313,31.436138153076172,3486.122895117971,3292.320866436043,1.9357163906097412,232.3356009070295,-46.37034225463867,54.4910888671875,29.755674362182617,17.906661987304688,12.51618480682373,4.431032180786133,9.59768772125244,8.62063217163086,4.647294044494629,7.297163963317871,1.4603170156478882,8.149829864501953,-2.2933461666107178,5.733333333333333,0.0423011183738708,0.0187073562378238,0.6490709781646729,0.5085427761077881,0.5386982560157776,0.44448572397232056,0.5464633107185364,0.5819902420043945,0.6111049652099609,0.7780303359031677,0.48491179943084717,0.5461045503616333,0.5345768928527832,0.5873861908912659
5a2Bjc5Mngc8Fde1Oq32D3,calypso_soca,caribbean,../data/raw/audio/calypso_soca/5a2Bjc5Mngc8Fde1Oq32D3.m4a,C#,minor,0.6765460602085338,129.19921875,61,0.4613030990173847,0.0115841486441619,7.309569358825684,0.3111778795719147,0.0900828465819358,-11.097616646159851,23.543930053710938,2232.6536988041057,2674.283137526338,2.0440378189086914,207.16553287981856,-42.72223281860352,95.89340209960938,20.748573303222656,15.770301818847656,6.151857852935791,7.83134126663208,-6.296036243438721,7.718734264373779,-0.5989432334899902,0.2344457954168319,4.875773906707764,9.210369110107422,2.042929172515869,5.533333333333333,0.0182749442756176,0.0195399542258085,0.5191362500190735,0.8067523241043091,0.48704877495765686,0.46859538555145264,0.48019248247146606,0.2922271490097046,0.3086797893047333,0.33134251832962036,0.44553515315055847,0.5993261337280273,0.4413365125656128,0.5402628183364868
2CuEoTltt7yzIT7ORP75Vy,calypso_soca,caribbean,../data/raw/audio/calypso_soca/2CuEoTltt7yzIT7ORP75Vy.m4a,D,major,0.5206173953841154,99.38401442307692,49,0.595978835978836,0.019733166976262,6.038106918334961,0.3189371228218078,0.1116436943411827,-9.87955923802926,23.15974235534668,3539.5435914356103,3197.681601549731,1.786347508430481,3.038548752834467,9.243688583374023,57.366207122802734,16.35122299194336,7.964452266693115,6.8938069343566895,3.538315773010254,2.732435941696167,1.1168909072875977,-0.8524560928344727,10.387781143188477,0.0071997866034507,1.5098332166671753,1.190688967704773,4.9,0.0604541189968586,0.019264905048005,0.3794867694377899,0.4440619945526123,0.5614848136901855,0.4175207316875458,0.41356584429740906,0.44943785667419434,0.6206565499305725,0.6994168162345886,0.6523491740226746,0.7789336442947388,0.5797652006149292,0.45553097128868103
7Ku1rqBgaDkdOdIlsGJrvp,calypso_soca,caribbean,../data/raw/audio/calypso_soca/7Ku1rqBgaDkdOdIlsGJrvp.m4a,G,major,0.389844084755949,107.666015625,54,0.554212125101613,0.0411032516226893,4.840734004974365,0.3621376752853393,0.0848133713006973,-9.636481367500368,18.66271591186523,2482.5471005741906,2623.1717227861745,1.6039777994155884,266.25850340136054,28.937938690185547,90.88096618652344,-3.2217347621917725,9.397671699523926,-3.5700669288635254,8.070256233215332,-5.373158931732178,10.17278003692627,-3.623938798904419,2.3530406951904297,4.5486602783203125,4.362502574920654,1.0355955362319946,5.733333333333333,0.0321595892310142,0.0175756726124477,0.7229688763618469,0.6984534859657288,0.7447717189788818,0.6086025238037109,0.6944307684898376,0.6187189817428589,0.6437082886695862,0.7680510878562927,0.7847312688827515,0.685366690158844,0.6121804118156433,0.5668474435806274
4OFdzr4mlBC7YK8XwJqwIx,calypso_soca,caribbean,../data/raw/audio/calypso_soca/4OFdzr4mlBC7YK8XwJqwIx.m4a,D#,major,0.6003582116315584,107.666015625,53,0.5537066108494679,0.0338898202408417,4.865642070770264,0.3354596197605133,0.0993007123470306,-11.313570289303309,20.35733985900879,2598.9832103730437,2751.7950006079222,1.5762646198272705,2.0861678004535147,-6.063035488128662,74.96121215820312,-0.1341219246387481,14.123940467834473,0.7804835438728333,13.76111125946045,4.2392988204956055,6.518369674682617,2.0363731384277344,9.034388542175291,4.126899242401123,10.154316902160645,-0.4151488542556762,6.1,0.027764244005084,0.0214946986555105,0.49145054817199707,0.41938719153404236,0.4730563759803772,0.5901288390159607,0.5423681735992432,0.5878501534461975,0.5262701511383057,0.6563958525657654,0.7339509725570679,0.5703048706054688,0.6457964777946472,0.43138033151626587
1oYSSsFMMkPsgNNEzFh6M4,calypso_soca,caribbean,../data/raw/audio/calypso_soca/1oYSSsFMMkPsgNNEzFh6M4.m4a,F#,major,0.6044282405706033,143.5546875,70,0.4169496204278812,0.0169734775352835,5.176693916320801,0.3071753084659576,0.0809548497200012,-11.052884841686163,21.848703384399418,2612.2433327374215,2817.413701752259,1.7955505847930908,257.9138321995465,-3.533482789993286,85.94173431396484,17.296688079833984,13.782384872436523,-2.737497091293335,3.092424154281616,-4.197754859924316,7.871061325073242,-6.5215163230896,8.038263320922852,-0.8963708281517029,3.938469648361206,-0.7582395672798157,6.166666666666667,0.0270595457404851,0.0188634271346818,0.45244285464286804,0.554757297039032,0.42557772994041443,0.553687572479248,0.4685412049293518,0.6724839210510254,0.8030716776847839,0.6033288240432739,0.6979288458824158,0.5658695697784424,0.6542529463768005,0.5177100896835327
5eCp47PfcZy61mDNdCZz1X,calypso_soca,caribbean,../data/raw/audio/calypso_soca/5eCp47PfcZy61mDNdCZz1X.m4a,F,minor,0.330039879753226,135.99917763157896,68,0.4394463058855383,0.0254720474103135,6.243093013763428,0.3083564937114715,0.1228990778326988,-11.150961317682151,33.40336990356445,2461.458573168,2750.050440518626,1.995822787284851,288.16326530612247,-38.307952880859375,88.90308380126953,24.90488052368164,21.81767463684082,2.0971038341522217,3.2981674671173096,-0.5382116436958313,1.3921473026275637,-8.592148780822754,7.717516422271728,-7.162514686584473,2.4634499549865723,2.440266370773315,5.333333333333333,0.0194788165390491,0.0163514314371877,0.4630986750125885,0.49615365266799927,0.47292444109916687,0.8714580535888672,0.8588758707046509,0.8163129091262817,0.5967621803283691,0.5250375270843506,0.5426680445671082,0.3698365390300751,0.4586414396762848,0.3234427273273468
5cxxeJEzJnK7y60D3IPDoa,calypso_soca,caribbean,../data/raw/audio/calypso_soca/5cxxeJEzJnK7y60D3IPDoa.m4a,G#,minor,0.4442737508215432,103.359375,50,0.5819204960895923,0.0250034480101279,8.869845390319824,0.0936455056071281,0.02890470251441,-20.836185332320017,31.41572380065918,2331.129892556404,2674.350783203975,2.008148431777954,270.3854875283447,-150.58689880371094,105.27225494384766,3.899573564529419,-18.016664505004883,12.331144332885742,-6.740196704864502,-9.21550178527832,21.679676055908203,1.2652074098587036,11.572876930236816,-3.7014198303222656,-1.5785808563232422,-3.235896110534668,6.4,0.0157152190804481,0.0177301241211124,0.5729801654815674,0.4362095594406128,0.30731406807899475,0.28750714659690857,0.31106194853782654,0.30881091952323914,0.33875223994255066,0.5316205620765686,0.7012867331504822,0.6174825429916382,0.6358160972595215,0.8771601319313049
2ObK7AEuXZmOv8h5WKSjj1,calypso_soca,caribbean,../data/raw/audio/calypso_soca/2ObK7AEuXZmOv8h5WKSjj1.m4a,C#,major,0.9038061399836116,117.45383522727272,60,0.4954902186863447,0.0262182079937663,4.385718822479248,0.2464091777801513,0.0851880386471748,-12.034757465672492,34.460941314697266,2928.2058866242996,2742.571989977896,1.5531413555145264,294.6031746031746,-5.5943922996521,69.67642211914062,-6.197982311248779,12.187631607055664,1.8780275583267212,12.156110763549805,-6.808328628540039,4.997488021850586,-2.576235294342041,6.363061428070068,4.6768364906311035,8.39997673034668,1.3580594062805176,4.4,0.043062724173069,0.0202266117429489,0.50873202085495,0.6494391560554504,0.48710647225379944,0.5099474787712097,0.45935946702957153,0.5479620695114136,0.5384842157363892,0.4280588626861572,0.5342251062393188,0.4274522662162781,0.4933415353298187,0.40868431329727173
5jTcJHCjliJWvUEllPlHCk,calypso_soca,caribbean,../data/raw/audio/calypso_soca/5jTcJHCjliJWvUEllPlHCk.m4a,G,major,0.7273444290909763,117.45383522727272,59,0.506435217765267,0.0309303021871918,3.5418365001678467,0.31950643658638,0.0755353793501854,-11.483911931958534,18.15801429748535,2472.2804426484345,2909.596691005344,1.328187346458435,17.86848072562358,-28.27215576171875,86.32708740234375,21.74520492553711,12.491637229919434,7.122538089752197,8.669407844543457,8.534799575805664,13.518548965454102,-4.5696916580200195,1.3999683856964111,1.586440920829773,-2.7904093265533447,-1.4501917362213137,6.2,0.01702113263309,0.0211847005738024,0.5320282578468323,0.3040226399898529,0.4340483844280243,0.20082983374595642,0.325624942779541,0.2808556854724884,0.228951096534729,0.5213241577148438,0.3083551526069641,0.5272425413131714,0.3322177827358246,0.3973654508590698
2HgjzDF1hWD6xBuFQD8YYH,calypso_soca,caribbean,../data/raw/audio/calypso_soca/2HgjzDF1hWD6xBuFQD8YYH.m4a,E,major,0.7872371322138594,123.046875,60,0.4801414351051155,0.0258073601940322,3.0397791862487793,0.1119452193379402,0.0518346279859542,-16.97459237609823,178.21884155273438,2881.4756625361865,2342.525417925967,1.4077425003051758,22.131519274376416,-121.0990982055664,60.45904922485352,-23.059158325195312,27.575319290161133,-5.935421943664551,-3.051283121109009,-9.259504318237305,2.9856088161468506,-12.037015914916992,0.1748961955308914,-11.37773323059082,-1.5812456607818604,-7.617241382598877,3.2333333333333334,0.0632769092917442,0.0175669346725833,0.24825520813465118,0.24083872139453888,0.293069988489151,0.26765671372413635,0.5177844166755676,0.18855464458465576,0.28272393345832825,0.1965026706457138,0.4483582675457001,0.624305248260498,0.3131941556930542,0.519609272480011
5XrReM1qnTTG04tLjfKg7c,calypso_soca,caribbean,../data/raw/audio/calypso_soca/5XrReM1qnTTG04tLjfKg7c.m4a,D#,minor,0.8712324083183556,129.19921875,64,0.4669790879314689,0.0124879675559902,4.056340217590332,0.27358478307724,0.0778249353170394,-11.574472957573729,17.882776260375977,3111.8192114430426,2986.433401215223,1.534421443939209,180.68027210884355,9.1471586227417,66.26592254638672,14.297415733337402,19.741199493408203,-0.6361851096153259,5.476838111877441,-2.4965715408325195,1.0410362482070925,-4.956849098205566,6.822955131530762,1.1820849180221558,5.159820079803467,1.1369802951812744,7.266666666666667,0.0515094958245754,0.0187136385024319,0.5276445746421814,0.6599863171577454,0.5205153226852417,0.72475266456604,0.5446218252182007,0.5989555716514587,0.6668201088905334,0.4743519723415375,0.5599377751350403,0.4840347170829773,0.6532514691352844,0.561182975769043
3puwX1uY5xFpsJkOv16m9y,calypso_soca,caribbean,../data/raw/audio/calypso_soca/3puwX1uY5xFpsJkOv16m9y.m4a,G,major,0.7252462967984075,117.45383522727272,54,0.5130295640268686,0.0212834241025573,7.358358860015869,0.2486439943313598,0.0897631645202636,-12.512477517392313,31.436138153076172,3486.122895117971,3292.320866436043,1.9357163906097412,232.3356009070295,-46.37034225463867,54.4910888671875,29.755674362182617,17.906661987304688,12.51618480682373,4.431032180786133,9.59768772125244,8.62063217163086,4.647294044494629,7.297163963317871,1.4603170156478882,8.149829864501953,-2.2933461666107178,5.733333333333333,0.0423011183738708,0.0187073562378238,0.6490709781646729,0.5085427761077881,0.5386982560157776,0.44448572397232056,0.5464633107185364,0.5819902420043945,0.6111049652099609,0.7780303359031677,0.48491179943084717,0.5461045503616333,0.5345768928527832,0.5873861908912659
4dwCppS8jnWDzDUSH8hYBG,calypso_soca,caribbean,../data/raw/audio/calypso_soca/4dwCppS8jnWDzDUSH8hYBG.m4a,A#,major,0.7576877922585772,135.99917763157896,67,0.4383645983645984,0.0219597254327644,4.821043968200684,0.094808243215084,0.0377482660114765,-20.03405300280187,29.70448112487793,2784.933941256415,2883.387088994369,1.707939624786377,157.64172335600907,-125.77655792236328,77.0322494506836,22.837921142578125,23.4296817779541,3.3711698055267334,2.3511877059936523,-7.484311580657959,3.559119939804077,-4.464184761047363,2.037005662918091,-6.8024773597717285,-3.1646361351013184,-2.878218412399292,5.033333333333333,0.0292923245579004,0.0170414136724998,0.5348027348518372,0.5240158438682556,0.6168431043624878,0.5578616857528687,0.43488022685050964,0.5610765814781189,0.32435888051986694,0.3521344065666199,0.4807280898094177,0.46899253129959106,0.7603735327720642,0.4604834318161011
75jyBlvlVkSgjXiQDTWUeS,calypso_soca,caribbean,../data/raw/audio/calypso_soca/75jyBlvlVkSgjXiQDTWUeS.m4a,F,minor,0.4496498648360872,143.5546875,71,0.4206128927761581,0.0186351041540818,5.47511625289917,0.3125168085098266,0.1019796207547187,-11.402798616658188,42.60481262207031,3021.4787664864125,2997.753408075094,1.9246639013290403,136.3265306122449,-27.130390167236328,55.89230728149414,6.414910793304443,16.760149002075195,14.991813659667969,11.295014381408691,2.936196804046631,9.49920654296875,-1.41903817653656,0.8954858183860779,3.3607544898986816,5.411430358886719,-0.3829050362110138,4.7,0.032087717205286,0.0173004885386683,0.3940604627132416,0.35675010085105896,0.3964110016822815,0.5257200598716736,0.5685439705848694,0.7860252261161804,0.5255144834518433,0.5407294631004333,0.38463303446769714,0.39336055517196655,0.3185197114944458,0.294966459274292
6ipeMkaYyO0bkdt0hNrjG4,calypso_soca,caribbean,../data/raw/audio/calypso_soca/6ipeMkaYyO0bkdt0hNrjG4.m4a,G#,minor,0.5505751628587888,112.34714673913044,51,0.5331301587301588,0.0131023107874626,6.480617046356201,0.3156181275844574,0.1081232130527496,-10.920833668525768,22.697803497314453,2547.757574863256,2802.4047178169667,1.7438870668411257,247.8004535147392,-15.373953819274902,84.24801635742188,19.581844329833984,21.695528030395508,6.205562591552734,4.241279125213623,-1.713789701461792,7.99634838104248,-6.279924392700195,9.030803680419922,2.445380926132202,-1.1114823818206787,-2.237030029296875,6.266666666666667,0.0242613460868597,0.0192905387847746,0.44870367646217346,0.5277669429779053,0.3604389727115631,0.45154109597206116,0.5743903517723083,0.4399724304676056,0.5599784851074219,0.5999940633773804,0.7778943777084351,0.7471061944961548,0.6495621800422668,0.7109529972076416
0PAqVTHh24UnJJYlLxRGSC,calypso_soca,caribbean,../data/raw/audio/calypso_soca/0PAqVTHh24UnJJYlLxRGSC.m4a,A,minor,0.3940725795095129,78.30255681818181,38,0.7650033707176563,0.048869651210262,6.539819717407227,0.2667446434497833,0.0952373221516609,-11.90761203355446,22.260332107543945,3606.064776788845,2980.212975020709,1.6747921705245972,158.86621315192744,-19.352558135986328,30.070716857910156,6.792845726013184,25.625417709350582,-0.5523736476898193,16.922290802001953,5.318077087402344,12.94035816192627,4.22589111328125,9.626715660095217,3.4553067684173584,0.5033006072044373,-3.478473663330078,5.466666666666667,0.0594717934727668,0.0180218068285279,0.6129716038703918,0.5602915287017822,0.411576509475708,0.3044673800468445,0.40167415142059326,0.41528964042663574,0.4620736539363861,0.4717004597187042,0.5555167198181152,0.8297542333602905,0.7293226718902588,0.7452006340026855
3czX6C45yMlSQo9bFSuQK7,calypso_soca,caribbean,../data/raw/audio/calypso_soca/3czX6C45yMlSQo9bFSuQK7.m4a,A#,major,0.4640689820830432,151.99908088235293,76,0.3894760393046107,0.0128995619989379,4.955057144165039,0.3737680912017822,0.064797356724739,-10.516166872863591,19.13392639160156,2180.9211260703955,2626.3668315672053,1.8810876607894895,180.77097505668937,-19.043725967407227,90.349853515625,6.887476921081543,27.10006332397461,17.57921028137207,11.606276512145996,1.749374508857727,10.6396484375,0.8424056172370911,7.80365514755249,2.71934175491333,10.16582489013672,-1.651436686515808,6.0,0.012213253416121,0.0180419543880714,0.48899486660957336,0.41932162642478943,0.4588009715080261,0.6730870008468628,0.5957742929458618,0.7268673181533813,0.45397353172302246,0.42007946968078613,0.3810819387435913,0.44673117995262146,0.48337623476982117,0.39910006523132324
2g4jtlKn4tSIzHFn4Z3IYg,calypso_soca,caribbean,../data/raw/audio/calypso_soca/2g4jtlKn4tSIzHFn4Z3IYg.m4a,C#,major,0.552863535570035,129.19921875,57,0.4780822805312601,0.0312690692496425,6.8558783531188965,0.3324095606803894,0.1115719005465507,-12.142744412434018,32.04618835449219,2488.7633588390545,2676.268997234221,1.884050726890564,267.0748299319728,-49.87435531616211,71.47537994384766,-7.747650623321533,19.876802444458008,11.68297004699707,0.3285443186759949,6.369314670562744,7.50591230392456,-6.414074420928955,14.11113739013672,-0.4576165080070495,4.124780654907227,4.6450676918029785,3.966666666666667,0.0175389070063829,0.0198509204931018,0.38033410906791687,0.49705150723457336,0.3720741868019104,0.5944956541061401,0.4446517825126648,0.5408816933631897,0.6362875699996948,0.5470550656318665,0.5933670401573181,0.4049326777458191,0.4343811571598053,0.36489853262901306
09sxvFydn9gjPbBLBck2If,calypso_soca,caribbean,../data/raw/audio/calypso_soca/09sxvFydn9gjPbBLBck2If.m4a,E,major,0.8071429945806836,151.99908088235293,75,0.3981908439051296,0.0090997119568548,5.102898597717285,0.2967157959938049,0.0633046701550483,-11.049625253196783,22.363405227661133,2535.0927642397846,2641.841469177023,1.8150432109832764,236.4172335600907,-7.071228504180908,76.4547119140625,-7.34500789642334,20.12093734741211,8.104150772094727,15.134895324707031,-0.8463247418403625,9.495060920715332,8.515281677246094,7.601864814758301,-0.2946040332317352,9.029953002929688,-3.021979570388794,6.733333333333333,0.028897825628519,0.0192693545980558,0.36506882309913635,0.5741400122642517,0.3601888418197632,0.4596102833747864,0.7981557250022888,0.42105692625045776,0.5005990862846375,0.5611967444419861,0.5996043682098389,0.4783901870250702,0.4063858985900879,0.5143664479255676
4LeGXUArvKORbcrykE26q3,calypso_soca,caribbean,../data/raw/audio/calypso_soca/4LeGXUArvKORbcrykE26q3.m4a,F,major,0.7075847411458138,161.4990234375,80,0.3738706621889262,0.0108313891852423,5.430520057678223,0.3492304682731628,0.0761923789978027,-9.904363617617438,21.49490547180176,2453.9222584914787,2525.678428075084,1.7380123138427734,26.802721088435376,11.523667335510254,87.14710998535156,4.052608013153076,33.498966217041016,0.0711104944348335,11.686572074890137,-5.450074195861816,10.5203218460083,-2.4474921226501465,3.746060609817505,-0.6076624393463135,7.575275421142578,-1.6783475875854492,6.0,0.0305930208414793,0.0171848285663453,0.6645550727844238,0.5209252238273621,0.4880821704864502,0.4433228671550751,0.5964710712432861,0.8844877481460571,0.5138450264930725,0.5388920307159424,0.5140749216079712,0.4769423305988312,0.4706977307796478,0.5700722932815552
5vInsjdXaM5ikAeRr1s1VK,calypso_soca,caribbean,../data/raw/audio/calypso_soca/5vInsjdXaM5ikAeRr1s1VK.m4a,C,major,0.7113772928848854,129.19921875,64,0.4581333909225065,0.0194959621396806,5.965478897094727,0.2926216721534729,0.0994577035307884,-11.497170943609932,28.34857177734375,2038.2662748196865,2446.8153214949357,1.859594225883484,19.27437641723356,-45.805931091308594,103.07852172851562,13.498007774353027,25.593469619750977,6.099605560302734,14.659841537475586,-4.936731815338135,1.650544047355652,-6.137879371643066,8.494843482971191,-2.2018837928771973,5.020930290222168,1.6066577434539795,5.433333333333334,0.0140454927459359,0.0188832807647591,0.738821804523468,0.5280976295471191,0.5425886511802673,0.37201452255249023,0.46895158290863037,0.5310023427009583,0.3304741680622101,0.5999351739883423,0.559946596622467,0.6151362061500549,0.4521557688713074,0.37061235308647156
0p4MS16waVYStmqhjwUcPS,calypso_soca,caribbean,../data/raw/audio/calypso_soca/0p4MS16waVYStmqhjwUcPS.m4a,A,minor,0.5407633174959582,135.99917763157896,68,0.4349409415507496,0.0186374164166683,6.411057949066162,0.2580476105213165,0.0861524641513824,-12.764132951762166,38.59175491333008,3110.635615517214,2971.1291163382234,2.006659030914306,253.24263038548756,-43.89517974853515,61.25166702270508,16.39435577392578,23.999483108520508,7.781127452850342,-6.728099822998047,-1.1279996633529663,16.86191177368164,6.159121990203857,10.888724327087402,-4.371229648590088,-4.806610584259033,-1.742240071296692,5.3,0.0401315353810787,0.0219564624035317,0.5285235047340393,0.30854159593582153,0.41349929571151733,0.2869454622268677,0.2965810298919678,0.372482031583786,0.32447367906570435,0.5900909900665283,0.5229519605636597,0.7450984716415405,0.5486546754837036,0.41738206148147583
5cJLeNdcXyxZzkAIMaXp9C,calypso_soca,caribbean,../data/raw/audio/calypso_soca/5cJLeNdcXyxZzkAIMaXp9C.m4a,E,major,0.4358239638084309,112.34714673913044,54,0.5454498780644333,0.0132452022870992,8.342803001403809,0.279263824224472,0.0993774235248565,-11.967880453789814,36.07504653930664,2507.702627833891,2542.0110588842185,1.8761277198791504,249.2063492063492,-40.393890380859375,71.92899322509766,0.9384536743164062,38.06893539428711,1.5308027267456057,12.66322422027588,-1.3847132921218872,8.6487455368042,2.142388105392456,4.817986965179443,-0.8732208013534546,4.14566707611084,0.1848577708005905,3.6666666666666665,0.0277119390666484,0.0172038383861366,0.3743433356285095,0.4602830111980438,0.4541131854057312,0.5895273089408875,0.7870595455169678,0.5585858821868896,0.7035272717475891,0.4812391996383667,0.5155202150344849,0.406272292137146,0.3359403908252716,0.4038321077823639
2WUPLFsNGENJPqRLsCvSWX,calypso_soca,caribbean,../data/raw/audio/calypso_soca/2WUPLFsNGENJPqRLsCvSWX.m4a,C,major,0.5676256452358057,151.99908088235293,75,0.3981908439051296,0.0211448884512637,5.703813076019287,0.3160000145435333,0.0967024639248848,-10.883901816842815,22.35301971435547,2728.409663813905,2729.8547279380496,1.902979016304016,6.757369614512472,-9.325018882751465,74.4924545288086,6.470353126525879,26.3151912689209,4.178574085235596,3.6143813133239746,-4.711977005004883,8.577875137329102,-3.629396915435791,9.596328735351562,-0.7418504953384399,7.403649806976318,0.2002811431884765,6.1,0.0301043279469013,0.0184904113462195,0.664504885673523,0.49831622838974,0.5914016366004944,0.6063792109489441,0.6093155145645142,0.7800455093383789,0.6822068691253662,0.8622355461120605,0.6012579798698425,0.5449377298355103,0.4996899664402008,0.42647433280944824
3xpnKNuV6IZxgMIIJLeLKX,calypso_soca,caribbean,../data/raw/audio/calypso_soca/3xpnKNuV6IZxgMIIJLeLKX.m4a,F#,minor,0.6972641162440799,123.046875,61,0.4856840513983371,0.0160266288304075,5.501832485198975,0.3062164485454559,0.0702255815267562,-10.507485111930045,21.232406616210938,2997.971646138486,2832.7779760142053,1.7240164279937744,275.6916099773243,9.624357223510742,63.95980072021485,-0.9029207229614258,19.69331169128418,4.734471797943115,7.509953022003174,-0.7745208144187927,6.056865215301514,-3.346956968307495,10.036904335021973,-3.1214253902435303,1.487822651863098,-2.479116439819336,6.066666666666666,0.040476206690073,0.0180005682575923,0.4776915907859802,0.5507808923721313,0.4042247235774994,0.37105047702789307,0.45379936695098877,0.3660796880722046,0.6317278742790222,0.4585517346858978,0.5934631824493408,0.717438280582428,0.5195440053939819,0.5114237666130066
5g3FsL8VeeCMt3rlFhEqw6,calypso_soca,caribbean,../data/raw/audio/calypso_soca/5g3FsL8VeeCMt3rlFhEqw6.m4a,F,minor,0.3383497266429385,107.666015625,51,0.5540281179138321,0.027478145460511,7.260633945465088,0.1521523594856262,0.0755716040730476,-17.44125129536968,31.95903778076172,2408.297463782195,2643.87464496188,2.0728089809417725,33.65079365079365,-112.81448364257812,84.32181549072266,1.97301721572876,14.824146270751951,5.281258583068848,2.35616683959961,-1.657714605331421,6.328107833862305,-11.962696075439451,7.528693675994873,-4.119740009307861,4.734113693237305,1.5776607990264893,5.266666666666667,0.0192667488008737,0.0145400145061724,0.42741331458091736,0.4821814298629761,0.5245745778083801,0.7865793704986572,0.891331136226654,0.9030569195747375,0.6448717713356018,0.5785609483718872,0.5293420553207397,0.3851298987865448,0.40173250436782837,0.3102583587169647
0rWyZb2HM9SecDZ85kIauC,calypso_soca,caribbean,../data/raw/audio/calypso_soca/0rWyZb2HM9SecDZ85kIauC.m4a,C,minor,0.7170816266669752,117.45383522727272,57,0.5137414965986394,0.0297821539395596,5.050792694091797,0.2781881392002105,0.1022538095712661,-11.802471292068535,46.802005767822266,2813.473301562444,2769.3867975869143,1.6642268896102903,24.399092970521544,-35.47578430175781,62.96903991699219,10.227398872375488,33.755126953125,7.222916126251221,13.46786880493164,-3.759521007537842,6.511535167694092,-5.718564987182617,4.523516654968262,5.232296943664551,5.821910381317139,0.7050802707672119,4.333333333333333,0.0295039024204015,0.0214678428965972,0.5030393004417419,0.4227098822593689,0.3379333019256592,0.541384220123291,0.36320817470550537,0.5288667678833008,0.3830684423446655,0.5060102343559265,0.45747771859169006,0.3648303151130676,0.3838319182395935,0.32412755489349365
22fFQtquJgXlte3RuXYYt7,calypso_soca,caribbean,../data/raw/audio/calypso_soca/22fFQtquJgXlte3RuXYYt7.m4a,F,major,0.5303231188936746,107.666015625,52,0.5622871370770531,0.0374449271968891,5.741549968719482,0.3796114921569824,0.0611834861338138,-10.178272750949873,14.60177230834961,2504.767028020324,2864.9930594832285,1.7580828666687012,46.03174603174603,1.1484884023666382,84.381591796875,25.156763076782227,25.60027503967285,10.83974552154541,8.898553848266602,1.310452580451965,10.942723274230955,-3.9203693866729736,12.324457168579102,1.7459267377853394,6.564464569091797,3.707897186279297,5.966666666666667,0.02323579788208,0.0195790011915245,0.5761716961860657,0.4732978641986847,0.6269306540489197,0.6528542637825012,0.6140003800392151,0.8775929808616638,0.7083996534347534,0.6455953121185303,0.4427433907985687,0.5316728949546814,0.5719216465950012,0.4408383071422577
6rIE6JA0jPE3OyuNPGrX2C,calypso_soca,caribbean,../data/raw/audio/calypso_soca/6rIE6JA0jPE3OyuNPGrX2C.m4a,G,major,0.6319195684062838,143.5546875,72,0.4146887675257897,0.0268014544134815,4.842818260192871,0.323597639799118,0.0933206602931022,-10.248801084868967,23.905336380004883,2725.831977486157,2746.40020567177,1.7255194187164309,4.444444444444445,2.5705277919769287,78.3241195678711,6.790645122528076,14.884499549865724,-1.5619367361068726,10.583632469177246,-4.28799295425415,5.197216510772705,-2.4577951431274414,1.6047635078430176,2.9812917709350586,3.831512689590454,1.3599578142166138,5.133333333333334,0.0371773056685924,0.0176736030472428,0.7068790793418884,0.6493160128593445,0.7811118960380554,0.4477258324623108,0.44563138484954834,0.44017618894577026,0.45580753684043884,0.7279638051986694,0.41440197825431824,0.41834184527397156,0.3461948335170746,0.35639604926109314
23NyOI3LyPTddD5kZRpO9b,calypso_soca,caribbean,../data/raw/audio/calypso_soca/23NyOI3LyPTddD5kZRpO9b.m4a,D,major,0.7942089183890169,129.19921875,63,0.4726384317167727,0.0191552818916035,5.808021545410156,0.3474734127521515,0.0970301479101181,-10.23896472249054,22.129709243774418,2238.372006285992,2626.5833876693214,1.6898019313812256,187.89115646258503,-10.767257690429688,94.91107177734376,10.13720989227295,24.44220733642578,6.410207748413086,8.16932487487793,-0.0376461260020732,9.005949020385742,-1.344217300415039,5.211122512817383,-1.006641864776611,1.9876725673675537,-4.525233268737793,4.9,0.0165093131363391,0.0181142883570615,0.427093505859375,0.5780894756317139,0.9032105207443237,0.5109912157058716,0.49733826518058777,0.4289495646953583,0.5576353669166565,0.4524229168891907,0.48297426104545593,0.6452276110649109,0.4793444275856018,0.41730567812919617
4178A5NkEjcsGc64jpBO6d,calypso_soca,caribbean,../data/raw/audio/calypso_soca/4178A5NkEjcsGc64jpBO6d.m4a,E,major,0.4358239638084309,112.34714673913044,54,0.5454498780644333,0.0132452022870992,8.342803001403809,0.279263824224472,0.0993774235248565,-11.967880453789814,36.07504653930664,2507.702627833891,2542.0110588842185,1.8761277198791504,249.2063492063492,-40.393890380859375,71.92899322509766,0.9384536743164062,38.06893539428711,1.5308027267456057,12.66322422027588,-1.3847132921218872,8.6487455368042,2.142388105392456,4.817986965179443,-0.8732208013534546,4.14566707611084,0.1848577708005905,3.6666666666666665,0.0277119390666484,0.0172038383861366,0.3743433356285095,0.4602830111980438,0.4541131854057312,0.5895273089408875,0.7870595455169678,0.5585858821868896,0.7035272717475891,0.4812391996383667,0.5155202150344849,0.406272292137146,0.3359403908252716,0.4038321077823639
0A9obIXOVkx2HXs7Lhf0Xv,calypso_soca,caribbean,../data/raw/audio/calypso_soca/0A9obIXOVkx2HXs7Lhf0Xv.m4a,G,major,0.5024213689717295,161.4990234375,79,0.3780684923542066,0.0199875111105911,5.600063323974609,0.3243603408336639,0.0841949731111526,-10.386405983415306,27.0615291595459,2841.3409624001133,2828.3224621261847,2.00300931930542,257.4149659863946,3.1386189460754395,78.72437286376953,15.986953735351562,17.327863693237305,-5.146780490875244,3.0633814334869385,-2.0471529960632324,-2.270209789276123,-1.5011049509048462,5.292819976806641,-2.3209447860717773,1.7990703582763672,-1.4877723455429075,5.933333333333334,0.0404519289731979,0.0166639858836557,0.27054014801979065,0.3131123483181,0.4489361047744751,0.34495002031326294,0.4488835632801056,0.5102121829986572,0.7064952254295349,0.9512519836425781,0.3587028682231903,0.31261757016181946,0.23467037081718445,0.2573588788509369
0S9LmCCnFIhVTsdjfIReIY,calypso_soca,caribbean,../data/raw/audio/calypso_soca/0S9LmCCnFIhVTsdjfIReIY.m4a,B,major,0.8407400034129561,99.38401442307692,49,0.6003325774754346,0.040493581352301,6.834944725036621,0.2675858736038208,0.0870877802371978,-12.603763744783786,24.94611167907715,2146.07411874083,2298.855763239191,1.8904486894607544,163.6281179138322,-87.74212646484375,100.52527618408205,0.7704214453697205,18.244155883789062,4.7856035232543945,5.105356216430664,-6.781419277191162,11.084547996520996,-10.951702117919922,8.129094123840332,-3.634472370147705,4.926372528076172,-1.0022937059402466,4.966666666666667,0.0103567484766244,0.0200410888643703,0.26842260360717773,0.4088651239871979,0.23867493867874146,0.40974313020706177,0.33045080304145813,0.3098754584789276,0.48366212844848633,0.3216979503631592,0.4786737263202667,0.2789153456687927,0.3387959599494934,0.48476478457450867
0VQCtoStmIbr3IS5lvDRiG,calypso_soca,caribbean,../data/raw/audio/calypso_soca/0VQCtoStmIbr3IS5lvDRiG.m4a,G,major,0.510568762057298,103.359375,53,0.5635304378161521,0.0322374162625619,7.187211036682129,0.3626169264316559,0.151566207408905,-9.71953215678693,25.881017684936523,1860.2113118681143,2267.483554002443,1.9570977687835691,268.25396825396825,-31.494539260864254,116.40483856201172,6.287132740020752,15.582775115966797,2.593796968460083,12.74706745147705,-3.229449510574341,6.816359996795654,-2.787393093109131,-1.0224146842956543,0.4818701148033142,1.9092072248458865,-2.39151668548584,4.633333333333334,0.0180089604109525,0.0198709052825954,0.6066065430641174,0.4422798752784729,0.46695226430892944,0.4024638831615448,0.5144506692886353,0.4029230773448944,0.49214839935302734,0.6793965101242065,0.5569663643836975,0.6803473830223083,0.600421130657196,0.6947904229164124
4qZ5BoiH3zNl6A18w0GwYk,calypso_soca,caribbean,../data/raw/audio/calypso_soca/4qZ5BoiH3zNl6A18w0GwYk.m4a,A,minor,0.658356898619472,143.5546875,70,0.4219974366558217,0.0249888147397738,5.622661113739014,0.1711263209581375,0.0501628965139389,-16.110451864220316,27.004255294799805,2674.0575275696497,3024.9933351085156,1.9168576002120972,100.68027210884354,-72.71009063720703,85.20498657226562,22.260154724121097,11.44634246826172,6.549530982971191,0.6510345935821533,7.909749507904053,-0.1117269471287727,4.3119587898254395,5.36728048324585,2.3162808418273926,11.123919486999512,3.427215576171875,5.566666666666666,0.0279381871223449,0.0174613966848038,0.5418328046798706,0.520915150642395,0.49087315797805786,0.46913430094718933,0.6804525852203369,0.5943334698677063,0.5217695236206055,0.4824838936328888,0.544461727142334,0.9246383905410767,0.7134483456611633,0.5178771615028381
3q3odJCJCPaMuCxwgEqvAl,calypso_soca,caribbean,../data/raw/audio/calypso_soca/3q3odJCJCPaMuCxwgEqvAl.m4a,C,minor,0.3930482851787207,129.19921875,61,0.4671080876795162,0.0194695623546177,7.377375602722168,0.2073424905538559,0.1402631551027298,-15.08433476216318,67.00618743896484,2360.856215488926,2524.158152450833,2.2437822818756104,33.46938775510204,-127.7761001586914,79.09869384765625,8.594342231750488,24.2423095703125,6.4163641929626465,9.548760414123535,-10.414016723632812,-0.4502410292625427,-14.396528244018556,-1.9801509380340576,-7.34807825088501,-9.508479118347168,-8.868727684020996,4.966666666666667,0.0329073555767536,0.0177206057993824,0.8139086961746216,0.6951389312744141,0.523760974407196,0.3792742192745209,0.36881381273269653,0.3317154049873352,0.40777045488357544,0.41995546221733093,0.4014790952205658,0.4248048663139343,0.36746448278427124,0.40854477882385254
4Acvzz3ckf8kuJhRYGsQUC,calypso_soca,caribbean,../data/raw/audio/calypso_soca/4Acvzz3ckf8kuJhRYGsQUC.m4a,A#,major,0.4725479037734892,99.38401442307692,48,0.5953201138611474,0.0205606790136587,7.803273677825928,0.3362645506858825,0.134110689163208,-9.462736775510525,31.14980125427246,2405.0373354486333,2560.1241314995136,2.004730463027954,201.49659863945575,-23.47388458251953,85.40045166015625,-5.305285930633545,8.551934242248535,-4.914999961853027,7.72538423538208,4.680728435516357,0.7038771510124207,-0.3870985805988312,4.094610691070557,-8.685648918151855,-4.859701633453369,-8.383235931396484,5.1,0.0233731027692556,0.01563817726291,0.4551134705543518,0.4113181531429291,0.4451819360256195,0.390771746635437,0.49038994312286377,0.4617955684661865,0.36267855763435364,0.48305854201316833,0.36589038372039795,0.4646083116531372,0.73125159740448,0.6400269269943237
79CQZYN1jHees6wFoMgvL7,calypso_soca,caribbean,../data/raw/audio/calypso_soca/79CQZYN1jHees6wFoMgvL7.m4a,F#,major,0.7376822962404882,107.666015625,49,0.5611489040060469,0.0424818714317888,5.420454502105713,0.2947142422199249,0.0755725130438804,-11.53969714709325,21.12908363342285,2469.185604534932,2780.0297356519404,1.6946240663528442,239.41043083900223,-34.421226501464844,83.42851257324219,16.123966217041016,18.483970642089844,7.606230735778809,8.473953247070312,4.441690444946289,10.246566772460938,-2.872708797454834,14.276979446411133,2.455913782119751,3.749706745147705,3.113888740539551,5.466666666666667,0.0178575962781906,0.0186412132366545,0.46056368947029114,0.5814599394798279,0.3758190870285034,0.5903130769729614,0.4754117727279663,0.5650433301925659,0.7675743699073792,0.6006017923355103,0.6132522225379944,0.49536576867103577,0.5952745079994202,0.5100412368774414
5jS8q2RrzftgogekkZqM8V,calypso_soca,caribbean,../data/raw/audio/calypso_soca/5jS8q2RrzftgogekkZqM8V.m4a,C,minor,0.5305668271121986,95.703125,38,0.6376074033216891,0.0175718575718576,4.160592555999756,0.3218018114566803,0.0988823473453521,-11.11592837799175,21.878360748291016,2634.0036535915597,2768.7273789446385,1.149295449256897,55.91836734693877,2.239196538925171,80.51602172851562,1.0348840951919556,15.167359352111816,11.697196006774902,11.066579818725586,3.016969919204712,12.093653678894045,-1.969016194343567,7.424632549285889,3.1771628856658936,5.235058784484863,-0.2599959671497345,3.033333333333333,0.0283584706485271,0.0214240704117306,0.5447245240211487,0.38797539472579956,0.43423253297805786,0.5674222707748413,0.47745281457901,0.6594251394271851,0.4452262818813324,0.5525560975074768,0.3709211051464081,0.3405044972896576,0.3583768904209137,0.32611897587776184
1x89dD1bENfCHL6MiZurDI,calypso_soca,caribbean,../data/raw/audio/calypso_soca/1x89dD1bENfCHL6MiZurDI.m4a,F,major,0.670070685833857,143.5546875,72,0.4205755165916132,0.0245084907554277,6.200106143951416,0.2703826129436493,0.1218932271003723,-12.21856718500018,27.542329788208008,1853.1044088270571,2360.924240906048,2.06856369972229,53.78684807256236,-85.06534576416016,112.24507904052734,22.483531951904297,16.06690216064453,4.873959064483643,9.854206085205078,-7.809475898742676,3.618796825408935,-6.475122451782227,-2.925717353820801,-1.9847140312194824,-1.182402491569519,-4.113755702972412,5.3,0.0125527074560523,0.0172045691261022,0.5549106001853943,0.3632061183452606,0.4871581494808197,0.39883172512054443,0.5218304395675659,0.6628701686859131,0.4849000871181488,0.6057161688804626,0.5750418305397034,0.7226513624191284,0.620792806148529,0.5100760459899902
0xziaVX2PIOfLC1FNNzNT9,calypso_soca,caribbean,../data/raw/audio/calypso_soca/0xziaVX2PIOfLC1FNNzNT9.m4a,E,major,0.7125359812092276,107.666015625,53,0.5621908250479678,0.0319859335641084,5.341546058654785,0.3609828054904938,0.1105310320854187,-9.556311817712968,21.40414047241211,2724.004066983367,2726.885833109598,1.686625838279724,37.82312925170068,29.81801986694336,79.72885131835938,-0.8083324432373047,20.346580505371097,5.754284381866455,8.809087753295898,2.3894007205963135,7.860891819000244,1.543148636817932,5.020379066467285,-0.1658283919095993,5.430954456329346,-1.126676082611084,5.5,0.045735839754343,0.017761648870918,0.7222877144813538,0.7654269337654114,0.5727300643920898,0.6406058073043823,0.7488309144973755,0.6851916909217834,0.7172836065292358,0.5963291525840759,0.7482404708862305,0.7787086367607117,0.6772328615188599,0.8209036588668823
7K8XoQXZBffc4xG2xIQHMO,calypso_soca,caribbean,../data/raw/audio/calypso_soca/7K8XoQXZBffc4xG2xIQHMO.m4a,G,minor,0.5871521241135284,123.046875,62,0.4800059477342849,0.0109003001886883,5.242475986480713,0.2620786130428314,0.0952801182866096,-11.826920610737645,24.794246673583984,2979.718255316574,2838.8533543542194,1.7083656787872314,117.91383219954648,-15.717323303222656,59.48729705810547,2.128944396972656,20.269332885742188,7.566948890686035,16.651830673217773,0.9271931052207948,8.956548690795898,2.209402561187744,5.824991703033447,3.2562663555145264,3.739142894744873,0.1515904068946838,6.966666666666667,0.0436359718441963,0.0194050623305986,0.45659324526786804,0.46204644441604614,0.6681919097900391,0.5310897827148438,0.5457368493080139,0.6260911822319031,0.6098845601081848,0.7037990093231201,0.5098740458488464,0.5556643009185791,0.5006722807884216,0.37514251470565796
2VZlQCR2NlWD7NWEUjIQMA,calypso_soca,caribbean,../data/raw/audio/calypso_soca/2VZlQCR2NlWD7NWEUjIQMA.m4a,F,major,0.5542528192414671,129.19921875,63,0.4726384317167727,0.0111099220990215,5.108432292938232,0.333571195602417,0.1037376001477241,-9.891843365206508,27.199308395385746,2717.1385814172163,2738.3469147431383,1.851483464241028,112.42630385487529,-3.7785913944244385,67.14392852783203,-4.6471638679504395,19.59478759765625,7.660536289215088,9.480929374694824,1.102219581604004,7.507471084594727,3.4085686206817627,9.605779647827148,4.828464508056641,3.8262972831726074,0.0967834293842315,5.7,0.025444945320487,0.0169016708126374,0.6476287245750427,0.6847835183143616,0.6255095601081848,0.5819346308708191,0.6813539266586304,0.8302930593490601,0.6938495635986328,0.6710056662559509,0.7369009256362915,0.7560418248176575,0.738663911819458,0.6358285546302795
2u7tDWQ6LX0Kw1LiK1jaok,calypso_soca,caribbean,../data/raw/audio/calypso_soca/2u7tDWQ6LX0Kw1LiK1jaok.m4a,E,major,0.4358239638084309,112.34714673913044,54,0.5454498780644333,0.0132452022870992,8.342803001403809,0.279263824224472,0.0993774235248565,-11.967880453789814,36.07504653930664,2507.702627833891,2542.0110588842185,1.8761277198791504,249.2063492063492,-40.393890380859375,71.92899322509766,0.9384536743164062,38.06893539428711,1.5308027267456057,12.66322422027588,-1.3847132921218872,8.6487455368042,2.142388105392456,4.817986965179443,-0.8732208013534546,4.14566707611084,0.1848577708005905,3.6666666666666665,0.0277119390666484,0.0172038383861366,0.3743433356285095,0.4602830111980438,0.4541131854057312,0.5895273089408875,0.7870595455169678,0.5585858821868896,0.7035272717475891,0.4812391996383667,0.5155202150344849,0.406272292137146,0.3359403908252716,0.4038321077823639
3dPtJVvJC5KYjTqeL7w47T,calypso_soca,caribbean,../data/raw/audio/calypso_soca/3dPtJVvJC5KYjTqeL7w47T.m4a,D,minor,0.2052518819279068,123.046875,62,0.4758187427976655,0.0116084171579826,14.948614120483398,0.1937289834022522,0.1706156730651855,-14.803070070059857,46.945308685302734,2529.908120432557,2552.876991247766,2.31131362915039,137.82312925170066,-203.62461853027344,65.52085876464844,-8.361266136169434,2.5436062812805176,2.0617926120758057,-9.36182689666748,-3.650466203689575,5.662655830383301,-2.596656560897827,9.515957832336426,8.290188789367676,11.531977653503418,-1.1327766180038452,5.2,0.0197756215929985,0.01682589038072,0.7517407536506653,0.8137384653091431,0.8676965832710266,0.9018564224243164,0.9133833646774292,0.8528261184692383,0.8432105779647827,0.8409643769264221,0.7667748332023621,0.7551129460334778,0.7313718795776367,0.6677254438400269
0SzkSdNdNm6b3tEWbzd9qM,calypso_soca,caribbean,../data/raw/audio/calypso_soca/0SzkSdNdNm6b3tEWbzd9qM.m4a,D#,major,0.5250768652726864,112.34714673913044,56,0.5353254998969286,0.022758649250497,9.13849639892578,0.2141773998737335,0.1060614585876464,-14.489063336807105,51.19943618774414,2126.471549474839,2389.7255984807252,2.5406179428100586,102.17687074829932,-124.7347640991211,93.80199432373048,20.90223503112793,29.07404327392578,6.855874061584473,11.802423477172852,6.0790252685546875,-2.365612030029297,0.8499723076820374,4.67559289932251,-3.395146608352661,5.110781192779541,3.530682325363159,5.566666666666666,0.0187981408089399,0.0197208259787043,0.46546775102615356,0.62889564037323,0.59731525182724,0.8702596426010132,0.5415464043617249,0.3930025100708008,0.33491939306259155,0.3932722210884094,0.4680241048336029,0.4373847246170044,0.5423325896263123,0.4008873999118805
2dyrtbI45wYoDCJ3TASuGi,calypso_soca,caribbean,../data/raw/audio/calypso_soca/2dyrtbI45wYoDCJ3TASuGi.m4a,D#,major,0.3612903684283737,103.359375,50,0.576707853209311,0.0262649085392277,6.934140205383301,0.333592027425766,0.1040601655840873,-10.381449286431726,22.084320068359375,2503.2378695271364,2618.6107691840684,1.8760578632354736,24.71655328798186,-11.914509773254396,88.53430938720703,16.796375274658203,27.251493453979492,-5.371189117431641,13.516020774841309,-8.032491683959961,-0.6254026889801025,-2.5164215564727783,1.7740391492843628,-2.3812103271484375,7.050102710723877,-3.698120594024658,5.466666666666667,0.0227919854223728,0.0155378787923859,0.5066978931427002,0.4845755994319916,0.5081281065940857,0.895267903804779,0.8294413089752197,0.8345498442649841,0.5948822498321533,0.5480406284332275,0.54490065574646,0.3783954083919525,0.47789818048477173,0.35060200095176697
0lLWVfXgKX8EDdQ04PK56u,calypso_soca,caribbean,../data/raw/audio/calypso_soca/0lLWVfXgKX8EDdQ04PK56u.m4a,A,minor,0.5940045881497135,107.666015625,48,0.5557967867998264,0.0369178341156632,4.964451313018799,0.1074561104178428,0.0681048482656478,-17.36789276463492,47.37822723388672,1443.9916045246098,1421.6039318128185,1.6753984689712524,249.1156462585034,-190.10414123535156,148.51910400390625,-48.6933708190918,34.561767578125,9.849601745605469,-4.234900951385498,7.0730133056640625,-9.613574981689451,-5.386984825134277,-9.935925483703612,-0.4462212324142456,-0.3450175523757934,-9.76309585571289,5.433333333333334,0.0020988909527659,0.0183534957023752,0.45196080207824707,0.2981241047382355,0.33582741022109985,0.34087079763412476,0.5607076287269592,0.32799798250198364,0.27841025590896606,0.5842769145965576,0.5499683022499084,0.5909486413002014,0.37396034598350525,0.41424915194511414
0IWae7Fa5cxYvwZuBB1BQA,calypso_soca,caribbean,../data/raw/audio/calypso_soca/0IWae7Fa5cxYvwZuBB1BQA.m4a,A,minor,0.5407633174959582,135.99917763157896,68,0.4349409415507496,0.0186374164166683,6.411057949066162,0.2580476105213165,0.0861524641513824,-12.764132951762166,38.59175491333008,3110.635615517214,2971.1291163382234,2.006659030914306,253.24263038548756,-43.89517974853515,61.25166702270508,16.39435577392578,23.999483108520508,7.781127452850342,-6.728099822998047,-1.1279996633529663,16.86191177368164,6.159121990203857,10.888724327087402,-4.371229648590088,-4.806610584259033,-1.742240071296692,5.3,0.0401315353810787,0.0219564624035317,0.5285235047340393,0.30854159593582153,0.41349929571151733,0.2869454622268677,0.2965810298919678,0.372482031583786,0.32447367906570435,0.5900909900665283,0.5229519605636597,0.7450984716415405,0.5486546754837036,0.41738206148147583
2eD5bmknmcojiCxoKpvVTI,calypso_soca,caribbean,../data/raw/audio/calypso_soca/2eD5bmknmcojiCxoKpvVTI.m4a,A,major,0.950477795461539,123.046875,59,0.496426616623661,0.0135171707315046,2.9002127647399902,0.168787196278572,0.0453298762440681,-15.077322410779384,23.686138153076172,1894.264776328495,1975.1372808280184,1.114744782447815,269.3424036281179,-70.96220397949219,116.02674102783205,-31.06140518188477,20.431591033935547,-0.0776210352778434,6.202284336090088,-6.5314202308654785,-2.5583057403564453,-10.036825180053713,2.7965826988220215,-6.197884559631348,1.5176533460617063,-2.920820951461792,3.9,0.0091207213699817,0.0180749642344669,0.20528694987297058,0.3828371465206146,0.49261417984962463,0.280208557844162,0.6445884108543396,0.2444864958524704,0.30418890714645386,0.2000272274017334,0.32845112681388855,0.6741145253181458,0.20120351016521454,0.39246299862861633
3iYA7JMaAlwjSHZWZivZVD,calypso_soca,caribbean,../data/raw/audio/calypso_soca/3iYA7JMaAlwjSHZWZivZVD.m4a,G,major,0.6195625932766382,172.265625,87,0.3426293308020883,0.0162022181988143,3.0193140506744385,0.0994040220975875,0.0441355444490909,-19.344335824281337,38.89422607421875,999.2731718558508,918.55491577034,1.1887036561965942,187.6190476190476,-223.91314697265625,199.9045562744141,-48.92326354980469,9.126900672912598,3.770364999771118,-19.81275177001953,-1.2337526082992554,-14.248385429382324,-7.393965721130371,-2.6448378562927246,-5.232614040374756,-1.821686029434204,-6.5617170333862305,5.033333333333333,0.0009266848792321,0.0191188469643756,0.45902836322784424,0.35485243797302246,0.41095641255378723,0.39867502450942993,0.43313688039779663,0.34311261773109436,0.3831470012664795,0.623975396156311,0.518491804599762,0.45225176215171814,0.35446733236312866,0.3903268575668335
3o2g4rjFVgHsRFSa2qcpgr,calypso_soca,caribbean,../data/raw/audio/calypso_soca/3o2g4rjFVgHsRFSa2qcpgr.m4a,C#,major,0.552863535570035,129.19921875,57,0.4780822805312601,0.0312690692496425,6.8558783531188965,0.3324095606803894,0.1115719005465507,-12.142744412434018,32.04618835449219,2488.7633588390545,2676.268997234221,1.884050726890564,267.0748299319728,-49.87435531616211,71.47537994384766,-7.747650623321533,19.876802444458008,11.68297004699707,0.3285443186759949,6.369314670562744,7.50591230392456,-6.414074420928955,14.11113739013672,-0.4576165080070495,4.124780654907227,4.6450676918029785,3.966666666666667,0.0175389070063829,0.0198509204931018,0.38033410906791687,0.49705150723457336,0.3720741868019104,0.5944956541061401,0.4446517825126648,0.5408816933631897,0.6362875699996948,0.5470550656318665,0.5933670401573181,0.4049326777458191,0.4343811571598053,0.36489853262901306
5NiRDAlFxIkFJvqQ7cnxKL,calypso_soca,caribbean,../data/raw/audio/calypso_soca/5NiRDAlFxIkFJvqQ7cnxKL.m4a,C#,major,0.4344694765136266,107.666015625,51,0.5619229024943311,0.0377279606637061,4.191386699676514,0.3974687755107879,0.0944583117961883,-9.095450464929614,16.564029693603516,2853.4172556875037,2748.844052860127,1.5622063875198364,73.69614512471655,40.51438522338867,70.17681121826172,-1.0943951606750488,25.54185676574707,5.107299327850342,15.210338592529297,0.3300502598285675,7.750894069671631,1.790254831314087,6.876977443695068,3.1577117443084717,9.293415069580078,-0.55218106508255,6.166666666666667,0.0439722761511802,0.0167257531419342,0.40713050961494446,0.6084344387054443,0.4287187457084656,0.3917403519153595,0.4472000002861023,0.7129946947097778,0.941969633102417,0.8003917932510376,0.6705861687660217,0.4421815276145935,0.40604937076568604,0.3435242176055908
6e9bF3wNZ2Nl3z50W4jPVG,calypso_soca,caribbean,../data/raw/audio/calypso_soca/6e9bF3wNZ2Nl3z50W4jPVG.m4a,D,major,0.7888186896928097,103.359375,50,0.5714952103290296,0.0113136493679343,6.878322601318359,0.3143815696239471,0.0732249021530151,-10.675746594529151,20.4465389251709,2661.89451620777,2719.034347449849,1.7107099294662476,114.87528344671202,-3.773740530014038,76.0796127319336,-3.229649305343628,11.222599029541016,-0.154782697558403,9.615495681762695,0.0709043368697166,7.973189830780029,0.5174479484558105,8.398569107055664,4.1386189460754395,9.126644134521484,5.315818786621094,5.166666666666667,0.0315217599272728,0.0200396055774555,0.3811585307121277,0.58710777759552,0.7630760073661804,0.5038309693336487,0.473204106092453,0.3776574730873108,0.4735272228717804,0.5211859941482544,0.48189064860343933,0.6049907207489014,0.48785674571990967,0.5115864872932434
0kEsBGQkt9bP8O71Rcz1LI,calypso_soca,caribbean,../data/raw/audio/calypso_soca/0kEsBGQkt9bP8O71Rcz1LI.m4a,D#,major,0.3956854966291726,117.45383522727272,58,0.516542149023352,0.0125162004150338,4.7852888107299805,0.300088107585907,0.0890308171510696,-10.734146609003025,23.862564086914062,3252.905186862262,2872.634175464052,1.5526506900787354,29.79591836734694,20.494464874267575,53.98338317871094,-3.8575963973999023,12.575819969177246,-4.309380054473877,4.4262614250183105,-4.256222724914551,6.056530475616455,-3.6772053241729736,4.156437873840332,-1.7120168209075928,0.5239004492759705,-3.829414129257202,5.366666666666666,0.0650116950273513,0.0175939012107295,0.5197409987449646,0.41823330521583557,0.49586641788482666,0.699272632598877,0.6772638559341431,0.6733721494674683,0.4755594730377197,0.550491452217102,0.4371865689754486,0.3462159335613251,0.44012460112571716,0.3379707932472229
6VtkZ454trSSjvLLW9QxiU,calypso_soca,caribbean,../data/raw/audio/calypso_soca/6VtkZ454trSSjvLLW9QxiU.m4a,A,minor,0.4926293260310921,135.99917763157896,68,0.4394463058855383,0.0162036048343621,5.804380893707275,0.2483234256505966,0.078152909874916,-12.7280768594516,24.615196228027344,2588.0899640264265,2713.669531676634,1.8890645503997805,30.068027210884352,-34.983577728271484,77.2122802734375,10.37770652770996,28.870630264282227,-3.131655693054199,-1.0784920454025269,-7.248134613037109,3.1079440116882324,-8.05799388885498,1.0945841073989868,-6.207302570343018,-0.4356704652309418,-2.7200047969818115,5.9,0.0272180661559104,0.0177232695795751,0.6922433376312256,0.511323869228363,0.5035927891731262,0.38224828243255615,0.4918932318687439,0.4693450331687927,0.4302463233470917,0.6795816421508789,0.5725900530815125,0.693607747554779,0.6325896382331848,0.6847021579742432
1rRL1mufcX09teyeTfnARC,calypso_soca,caribbean,../data/raw/audio/calypso_soca/1rRL1mufcX09teyeTfnARC.m4a,F,minor,0.3324114901512704,103.359375,52,0.5745800542439198,0.0321360913073883,7.220674991607666,0.2884193062782287,0.1288686543703079,-11.683885919535902,39.24916458129883,2730.880666155214,2842.9613892686134,2.051612138748169,12.471655328798189,-45.126346588134766,77.56111907958984,20.95039749145508,20.454761505126953,9.426870346069336,4.736384868621826,-6.57557487487793,1.4110512733459473,-7.42808723449707,7.839127063751221,-7.634686946868896,1.599887490272522,6.776498794555664,5.633333333333334,0.0241507086902856,0.0157303516262506,0.4693956971168518,0.4606526792049408,0.49870890378952026,0.8905456066131592,0.8806909322738647,0.8830534219741821,0.6239965558052063,0.5385798215866089,0.5226954817771912,0.3571217954158783,0.39741942286491394,0.3105414807796478
53DRjYdQP3nBUrwGzK15Br,calypso_soca,caribbean,../data/raw/audio/calypso_soca/53DRjYdQP3nBUrwGzK15Br.m4a,D#,minor,0.4979966045891879,143.5546875,67,0.4320318834604548,0.0255255654761907,7.632744312286377,0.2606251835823059,0.108861543238163,-12.356835907137082,34.86722183227539,2069.7474413961404,2305.022918100037,2.1882824897766113,93.69614512471657,-89.99951934814453,100.53498840332033,1.9351699352264404,19.265331268310547,6.450735092163086,9.021125793457031,-7.0863471031188965,-1.0957306623458862,-9.557597160339355,-1.822217583656311,-7.041750431060791,-7.116775035858154,-3.506430387496948,5.266666666666667,0.0249437857419252,0.0170717642481764,0.22353126108646393,0.3136328160762787,0.6073256731033325,0.8295316696166992,0.49323025345802307,0.4238726794719696,0.3289787769317627,0.23890313506126404,0.24368532001972198,0.24184082448482513,0.2930052578449249,0.22808709740638733
6A5hSpa9QSlGE6eZJOC3yA,calypso_soca,caribbean,../data/raw/audio/calypso_soca/6A5hSpa9QSlGE6eZJOC3yA.m4a,D#,major,0.7954018991399823,99.38401442307692,50,0.596136794853996,0.0240979193971645,5.28326416015625,0.2941407561302185,0.0424555167555809,-11.312612118908843,17.032201766967773,2660.9529674015653,2655.2783672100086,1.8497068881988523,287.2562358276644,11.54629135131836,81.82559204101562,1.0978381633758545,23.454086303710938,-3.0708518028259277,10.475255966186523,-1.1229952573776243,7.939117431640625,1.759654879570007,4.55108118057251,-1.0765775442123413,4.114304065704346,-0.2218055427074432,6.1,0.037425760179758,0.0180008735207561,0.5910588502883911,0.558356761932373,0.5797149538993835,0.8162388205528259,0.5594303011894226,0.5845356583595276,0.5800032019615173,0.6430555582046509,0.5803714990615845,0.47925183176994324,0.5842281579971313,0.443317711353302
32796ORTwZLzK9fMNYLZwK,calypso_soca,caribbean,../data/raw/audio/calypso_soca/32796ORTwZLzK9fMNYLZwK.m4a,F,major,0.5502655497959217,112.34714673913044,56,0.5264596990311275,0.0212604915959638,5.1255903244018555,0.3297262191772461,0.0908147022128105,-10.804900895437976,21.375221252441406,2585.5800163858835,2885.045913103802,1.679303765296936,173.10657596371885,-9.09786319732666,87.04878234863281,17.97035789489746,17.13860321044922,6.893577575683594,-3.13181734085083,-1.6683114767074585,2.423644542694092,-2.4302966594696045,2.324667453765869,-4.366146087646484,0.5195935368537903,-3.485481977462769,6.033333333333333,0.0258817207068204,0.0207180089617533,0.6473850011825562,0.41355451941490173,0.45155271887779236,0.44126489758491516,0.46308040618896484,0.6057490110397339,0.5729848742485046,0.6828981041908264,0.5752832293510437,0.6391189694404602,0.7204791307449341,0.47346019744873047
0HSfp7t9CTBjWXDAzMIqt3,calypso_soca,caribbean,../data/raw/audio/calypso_soca/0HSfp7t9CTBjWXDAzMIqt3.m4a,G,minor,0.7179697002550159,103.359375,50,0.5823943727150724,0.0487148858735449,4.844120979309082,0.2833544313907623,0.0650933384895324,-11.266719186360202,22.290178298950195,3113.7371733566615,3100.8834017613026,1.571502685546875,135.73696145124717,7.766498565673828,69.41748809814453,14.053481101989746,11.301461219787598,12.604838371276855,5.1544880867004395,0.3341575860977173,8.476859092712402,-3.7341294288635254,8.466148376464844,0.3443491160869598,-0.8137614130973816,-1.6356462240219116,6.0,0.0435702204704284,0.0201531201320481,0.6127957701683044,0.5748324394226074,0.6689790487289429,0.501624584197998,0.44376957416534424,0.571809709072113,0.47500184178352356,0.7060256600379944,0.5215662121772766,0.6423534750938416,0.6919091939926147,0.5979412794113159
61iRFcNPdE7dg2RmdhrdZe,calypso_soca,caribbean,../data/raw/audio/calypso_soca/61iRFcNPdE7dg2RmdhrdZe.m4a,B,major,0.5334239566833276,112.34714673913044,56,0.532792413935271,0.0190028350333786,5.619170665740967,0.227313295006752,0.0702328309416771,-13.15456994703069,23.991531372070312,2351.8056433105216,2429.570851797939,1.927918791770935,46.25850340136054,-56.341941833496094,85.76205444335938,5.116440773010254,38.88620376586914,-3.897596597671509,5.76304292678833,2.60059118270874,-4.276562213897705,-11.347036361694336,0.06559569388628,-1.3125334978103638,0.0910604819655418,-6.447131156921387,5.6,0.0195751842111349,0.0176211218139545,0.3841610252857208,0.27741798758506775,0.3282180726528168,0.46499103307724,0.5687079429626465,0.3716782033443451,0.4420150816440582,0.4670127332210541,0.4345096945762634,0.5489334464073181,0.6437121033668518,0.8021638989448547
77efykPXrKPWQUVN7CTvPa,calypso_soca,caribbean,../data/raw/audio/calypso_soca/77efykPXrKPWQUVN7CTvPa.m4a,C#,major,0.8471290750469581,103.359375,50,0.5743384700819103,0.0238167205110538,7.143465995788574,0.3240016102790832,0.0897821933031082,-10.889856299695872,21.232450485229492,2334.6386256911755,2761.0810234271307,1.7201554775238037,181.8140589569161,-36.26963424682617,87.96215057373047,23.802017211914062,24.024621963500977,6.687448024749756,7.424905776977539,1.8636513948440552,11.624377250671388,3.9591495990753174,7.894178867340088,4.431569576263428,9.090444564819336,0.1592714339494705,4.533333333333333,0.0179646052420139,0.0197556774464887,0.44460564851760864,0.7404084205627441,0.4584786593914032,0.5097086429595947,0.3921584486961365,0.46725067496299744,0.5626742839813232,0.4122180640697479,0.48507341742515564,0.3802338242530823,0.5391817092895508,0.3850860893726349
5Tw9dq5HdS70xGCpJqQtG0,calypso_soca,caribbean,../data/raw/audio/calypso_soca/5Tw9dq5HdS70xGCpJqQtG0.m4a,D#,major,0.7606583604668613,103.359375,46,0.6078468127991937,0.0441352612649463,5.539353370666504,0.3305009007453918,0.0894836038351059,-10.507366261573162,21.13264274597168,2892.081378525412,2937.7001184550045,1.6600428819656372,69.47845804988661,10.41551399230957,70.43138885498047,8.807005882263184,15.270825386047363,6.763585567474365,6.72973108291626,-3.036776065826416,6.129916667938232,0.8550643920898438,9.607645988464355,4.108584403991699,12.686402320861816,3.9006943702697754,7.266666666666667,0.0381557047367095,0.0178430332033972,0.5406222343444824,0.44980600476264954,0.617689311504364,0.737003743648529,0.5195447206497192,0.5856860876083374,0.5479455590248108,0.6867244839668274,0.6006771326065063,0.46837666630744934,0.5517411828041077,0.4137952923774719
0YWDVOZE0phKo6ZWYJG4kn,calypso_soca,caribbean,../data/raw/audio/calypso_soca/0YWDVOZE0phKo6ZWYJG4kn.m4a,D,major,0.6647484995067251,143.5546875,70,0.425026126392586,0.0254067845204155,5.545079231262207,0.2731074094772339,0.101395845413208,-12.27818933799728,21.282949447631836,2297.8392116176506,2610.9057466172208,1.865473985671997,4.535147392290249,-35.527950286865234,92.8891143798828,8.568408966064453,22.4626522064209,7.36214542388916,9.346957206726074,2.588266611099243,1.9751667976379397,-3.4292798042297363,7.080994129180908,-0.1690145432949066,3.8531603813171382,0.9015744924545288,5.833333333333333,0.0217629019170999,0.0187852856644765,0.5031919479370117,0.5299434661865234,0.6469557881355286,0.43680107593536377,0.4905647337436676,0.42094987630844116,0.6642227172851562,0.5523073077201843,0.595515787601471,0.7364001870155334,0.6182268857955933,0.677753746509552
1Cy2yw8wrzHpi1UMK8nnL2,calypso_soca,caribbean,../data/raw/audio/calypso_soca/1Cy2yw8wrzHpi1UMK8nnL2.m4a,G#,minor,0.5118967686315468,112.34714673913044,54,0.5358114063235357,0.0179572627978311,11.142739295959473,0.2959981262683868,0.0962039902806282,-12.834657317686013,29.131561279296875,2037.963075385425,2457.9463230243355,2.567312717437744,41.45124716553288,-101.98121643066406,86.01446533203125,19.987979888916016,32.185630798339844,3.3973944187164307,16.47914695739746,5.0224289894104,2.876479148864746,-0.7010210752487183,12.195850372314451,5.239073276519775,10.741241455078123,1.9430725574493408,5.633333333333334,0.0152256079018116,0.0154153922709508,0.33197715878486633,0.2637249231338501,0.2305198460817337,0.2186635434627533,0.2027302086353302,0.18671242892742157,0.24646015465259552,0.6268109083175659,0.8821543455123901,0.43624231219291687,0.33994895219802856,0.3704523742198944
6VjxcmDTB2UvpyEAeJurNg,calypso_soca,caribbean,../data/raw/audio/calypso_soca/6VjxcmDTB2UvpyEAeJurNg.m4a,C#,major,0.453953445379561,117.45383522727272,58,0.5079874288896845,0.0076211504237905,6.6954426765441895,0.3204067349433899,0.1054229959845542,-10.808476375476529,20.127704620361328,2569.830143510544,2808.1241344632035,1.9256327152252195,34.965986394557824,-15.563135147094728,81.66735076904297,18.961116790771484,26.580242156982425,7.619009017944336,5.5775465965271,2.4781079292297363,10.823860168457031,-1.2242027521133425,13.113630294799805,2.400486946105957,0.8013947010040283,-0.5051543116569519,6.466666666666667,0.0256387777626514,0.0182795663663496,0.4898032546043396,0.5540502071380615,0.3739362061023712,0.4896090030670166,0.4173453152179718,0.5806031823158264,0.6331666111946106,0.5846936702728271,0.8518596291542053,0.6801719069480896,0.749436616897583,0.5317086577415466
37U6SWpjdUNLmdbneCeVSP,calypso_soca,caribbean,../data/raw/audio/calypso_soca/37U6SWpjdUNLmdbneCeVSP.m4a,F,major,0.5853542903164278,143.5546875,71,0.4189543245869776,0.0249580071387368,6.821746349334717,0.336865484714508,0.1272456794977188,-10.99890474133922,27.314191818237305,2946.0897944812777,2826.347674934748,2.286768913269043,95.05668934240364,-37.56121063232422,65.08500671386719,7.432848453521728,19.470703125,8.38672924041748,16.478431701660156,1.9791486263275144,8.292350769042969,0.1110657975077629,5.746941089630127,0.8804506659507751,8.034433364868164,-2.7827000617980957,6.633333333333334,0.0332770533859729,0.0197893450456351,0.49933773279190063,0.4054289162158966,0.5376059412956238,0.42459219694137573,0.503503143787384,0.7621845006942749,0.5056102871894836,0.3936319053173065,0.2827247381210327,0.32509952783584595,0.34471672773361206,0.30707770586013794
7v3ak3O6tw43jNDAsZxuxR,calypso_soca,caribbean,../data/raw/audio/calypso_soca/7v3ak3O6tw43jNDAsZxuxR.m4a,D#,minor,0.3923783933964623,129.19921875,55,0.4648290921306794,0.0031304411382479,6.797388076782227,0.2721475064754486,0.0711467117071151,-12.1552387966291,24.94586181640625,3128.4378540520925,2905.8483480182535,1.884947419166565,46.66666666666667,-19.782625198364254,55.699954986572266,1.8815947771072388,16.62295150756836,9.071925163269045,19.320985794067383,6.825069904327393,9.66355037689209,2.026267766952514,9.479866027832031,2.6950974464416504,0.9900924563407898,3.0211095809936523,6.233333333333333,0.0425652787089347,0.0187382337970435,0.5464779734611511,0.41694989800453186,0.5288235545158386,0.7697619199752808,0.730320155620575,0.7886326909065247,0.7572108507156372,0.6007506251335144,0.6455212235450745,0.56097412109375,0.5651947259902954,0.4436543881893158
52bv7icQDT52KyePr5JDuf,highlife,westafrica,../data/raw/audio/highlife/52bv7icQDT52KyePr5JDuf.m4a,F,major,0.52382673327644,143.5546875,69,0.4227397625716954,0.027172081438463,7.554983139038086,0.3000201284885406,0.1094943583011627,-11.06055364368305,25.422468185424805,1925.0604005309624,2307.285401358081,2.0888185501098633,241.9954648526077,-60.23037338256836,104.2532196044922,1.9593530893325808,24.677520751953125,0.8438531756401062,7.736728668212891,3.1295313835144043,1.731745362281799,-1.1399143934249878,3.484511375427246,-2.903265476226806,6.0299906730651855,9.214494705200195,5.833333333333333,0.0102046709507703,0.0195548641260498,0.5207331776618958,0.41259485483169556,0.4696581959724426,0.42103275656700134,0.5081513524055481,0.5405973196029663,0.4473974406719208,0.5206522941589355,0.5021533370018005,0.7167733311653137,0.7137941122055054,0.45560920238494873
1M50Q68VqP8RECGfAeoUMR,highlife,westafrica,../data/raw/audio/highlife/1M50Q68VqP8RECGfAeoUMR.m4a,C,major,0.7182910399787525,99.38401442307692,50,0.6027710676107177,0.0328242951414728,6.930792808532715,0.2270327806472778,0.0922235175967216,-13.135472738439637,23.531740188598633,2459.4385754338077,2612.808014090859,1.8523576259613037,293.24263038548753,-52.1400260925293,81.64203643798828,0.6425745487213135,18.80816078186035,1.2741507291793823,6.019588470458984,0.0064183287322521,1.5590723752975464,-2.688371419906616,1.7654706239700315,-4.419068336486816,0.7387293577194214,-5.604322910308838,6.0,0.0223744697868824,0.018332883119119,0.6151139736175537,0.3552979528903961,0.35196366906166077,0.3737463057041168,0.578877329826355,0.7042407393455505,0.43301430344581604,0.46373260021209717,0.32567667961120605,0.38864386081695557,0.32338982820510864,0.32419830560684204
3nd1LksVqG40uG6w9hpZcz,highlife,westafrica,../data/raw/audio/highlife/3nd1LksVqG40uG6w9hpZcz.m4a,C#,major,0.501879805599041,117.45383522727272,57,0.5145707806932297,0.0190148531835199,4.648538589477539,0.1800943911075592,0.0561416745185852,-15.109458785583795,24.95917320251465,2256.478733863132,2643.617240248834,1.7826348543167114,58.2766439909297,-88.65227508544922,96.93434143066406,26.644025802612305,16.269298553466797,2.3942947387695312,14.190155029296877,2.4644999504089355,4.394320487976074,-4.321763515472412,0.5598258972167969,-2.1398415565490723,0.8852358460426331,-2.8632352352142334,5.533333333333333,0.0168028976768255,0.0196736316883515,0.34204620122909546,0.5160031914710999,0.3401269018650055,0.431404173374176,0.41312944889068604,0.4759223461151123,0.5721346735954285,0.5875987410545349,0.47922608256340027,0.32427674531936646,0.3755705654621124,0.3814024031162262
1XE4iQ35cADqpZeAOTmvOS,highlife,westafrica,../data/raw/audio/highlife/1XE4iQ35cADqpZeAOTmvOS.m4a,A,minor,0.565172793149493,103.359375,50,0.5847637558424731,0.0246780096513167,8.267337799072266,0.2236797511577606,0.0425729155540466,-13.85376758253622,172.4685821533203,2291.4322343407966,2786.739631721268,2.0589940547943115,1.6780045351473922,-79.19762420654297,103.5209732055664,43.60526657104492,-1.5601050853729248,3.286020278930664,20.159744262695312,-4.5921502113342285,7.459298610687256,-4.270599365234375,-1.7733689546585083,2.5048584938049316,9.125420570373535,-2.7754945755004883,5.733333333333333,0.0203728135675191,0.0189678477930868,0.7586632370948792,0.4834778606891632,0.47198259830474854,0.28273677825927734,0.33505284786224365,0.31277796626091003,0.3159395158290863,0.3342798054218292,0.5109396576881409,0.5947381258010864,0.386854887008667,0.56253582239151
06eFoCMzPv11p97V1AScu6,highlife,westafrica,../data/raw/audio/highlife/06eFoCMzPv11p97V1AScu6.m4a,G,minor,0.7933941432178101,117.45383522727272,58,0.5177642518995902,0.0285099136474341,4.328841686248779,0.2324560135602951,0.0385407470166683,-12.814847618179954,19.90185546875,1553.2057271696162,1719.80636817262,1.5721375942230225,32.56235827664399,-70.41356658935547,144.42613220214844,-18.787717819213867,39.87127304077149,-5.604833602905273,9.290278434753418,-15.008142471313477,8.892658233642578,-16.36060333251953,8.399852752685547,0.2883065640926361,-3.524932622909546,-0.2102835923433303,5.0,0.0048976340331137,0.0180465995766319,0.3625112771987915,0.3542330861091614,0.5752499103546143,0.34816089272499084,0.35385850071907043,0.587389349937439,0.379972904920578,0.8363766670227051,0.4273572862148285,0.3733055591583252,0.49468374252319336,0.3032824993133545
7wBc1GgjHtROXgq9oXQvwQ,highlife,westafrica,../data/raw/audio/highlife/7wBc1GgjHtROXgq9oXQvwQ.m4a,F#,major,0.297772331917091,117.45383522727272,45,0.5171717171717171,0.0143168540563186,9.95362663269043,0.1223426684737205,0.0950677543878555,-16.620477166356988,97.83600616455078,2335.2475212630507,2521.724418060584,1.6403192281723022,62.31292517006803,-167.59735107421875,67.87171936035156,4.185682773590088,34.98241424560547,4.229603290557861,16.073427200317383,4.441163539886475,11.061564445495604,1.7449758052825928,4.293934345245361,-3.3705103397369385,1.0694624185562134,-3.744117975234986,4.533333333333333,0.0230674166232347,0.019545203168226,0.6057786345481873,0.5577088594436646,0.4243888854980469,0.38541707396507263,0.4462452828884125,0.47671306133270264,0.6931890249252319,0.6915024518966675,0.7101141214370728,0.641586184501648,0.6109679937362671,0.7060958743095398
5TI7ut89bTHEeobd9y55Ni,highlife,westafrica,../data/raw/audio/highlife/5TI7ut89bTHEeobd9y55Ni.m4a,A,minor,0.6146398011375627,112.34714673913044,55,0.5319089611153104,0.0120476525938933,3.703867673873902,0.1461434811353683,0.0547080524265766,-17.031292932212708,32.319366455078125,1286.4186537425385,1923.6982757002008,1.370990753173828,96.50793650793652,-175.09152221679688,134.4788818359375,25.231237411499023,30.621889114379883,-8.070322036743164,10.942886352539062,-5.737202167510986,8.197571754455566,-11.041309356689451,6.799077033996582,1.8317073583602903,2.5474588871002197,-8.511178016662598,5.966666666666667,0.0026635527610778,0.0196973674718346,0.44567111134529114,0.3400827944278717,0.3618948757648468,0.31575852632522583,0.30880308151245117,0.4700087308883667,0.3674740195274353,0.48487046360969543,0.4885719120502472,0.6911219954490662,0.38905343413352966,0.2809101343154907
3xm3OnerPVFh8X5l7skbLd,highlife,westafrica,../data/raw/audio/highlife/3xm3OnerPVFh8X5l7skbLd.m4a,C,minor,0.896882382626923,123.046875,60,0.4899803989392366,0.0133113581259038,8.385903358459473,0.196998581290245,0.0495918355882167,-14.330237864643784,35.31978988647461,1384.1186117800653,1821.824776113385,2.1257503032684326,244.53514739229024,-140.74273681640625,138.06192016601562,10.07030963897705,16.98880958557129,-0.8313058018684387,11.97118854522705,0.8038747906684875,4.870447635650635,-4.530492782592773,-1.1100839376449585,-4.107138633728027,5.713804721832275,-2.025329113006592,6.3,0.0051164883188903,0.0202137615057607,0.6668562889099121,0.34779268503189087,0.47524046897888184,0.5698010325431824,0.33587127923965454,0.4251202642917633,0.36752551794052124,0.5408347845077515,0.31127578020095825,0.2869478464126587,0.3698126971721649,0.36534440517425537
6EvqYkFZr168Rkxyst3ByJ,highlife,westafrica,../data/raw/audio/highlife/6EvqYkFZr168Rkxyst3ByJ.m4a,C,major,0.5185732937384654,129.19921875,62,0.4731541578379986,0.0127277733773734,7.367429256439209,0.2338867634534835,0.0667936131358146,-13.280022929377036,29.773569107055664,2184.2378876552852,2366.6029418468424,2.1017987728118896,299.5011337868481,-78.25251770019531,86.24437713623047,6.37753963470459,46.62718963623047,-2.2828128337860107,19.762998580932617,-0.2577163577079773,2.613682746887207,-6.791302680969238,-4.819492340087891,-6.951915740966797,3.824561834335327,-4.394097328186035,6.4,0.013750085607171,0.0188908051357511,0.449946790933609,0.27006983757019043,0.3008366823196411,0.3701150417327881,0.4491833746433258,0.5659881234169006,0.43858474493026733,0.6335670351982117,0.3946608603000641,0.37211889028549194,0.479338139295578,0.3455159366130829
7nFKsfZjsCGDKvu5z0UHq7,highlife,westafrica,../data/raw/audio/highlife/7nFKsfZjsCGDKvu5z0UHq7.m4a,G#,minor,0.5423982078123666,95.703125,46,0.634678760393046,0.0224326073894149,6.683651447296143,0.1781699359416961,0.1376390308141708,-15.361597439399048,158.8831329345703,2646.961371282045,2808.684992755414,1.6701854467391968,28.52607709750567,-186.67269897460935,61.83855056762695,32.365394592285156,33.36381149291992,11.662216186523438,14.493720054626465,2.853708267211914,5.6334967613220215,0.5846372246742249,1.754863142967224,-2.9648468494415283,2.725355863571167,0.4466719627380371,4.1,0.0299398936331272,0.0234145323101598,0.34779295325279236,0.35793834924697876,0.2548067569732666,0.2646408677101135,0.32502204179763794,0.2903459072113037,0.43698328733444214,0.35953542590141296,0.474482923746109,0.37395021319389343,0.4431610107421875,0.5067639946937561
1G8h2BbHv7hobEGIrq7O7G,highlife,westafrica,../data/raw/audio/highlife/1G8h2BbHv7hobEGIrq7O7G.m4a,A,minor,0.4072764546285736,112.34714673913044,57,0.531156462585034,0.0263517988495726,5.595011234283447,0.1862186342477798,0.0661107972264289,-15.168791742051305,28.266855239868164,1898.3828971315536,2395.9212027449125,1.809711456298828,107.80045351473925,-101.92288970947266,105.0313949584961,10.203469276428224,25.63492202758789,14.92760181427002,13.014470100402832,-7.747978687286377,1.2358330488204956,-10.807146072387695,2.7777559757232666,-5.960052967071533,0.2823379039764404,-2.55509877204895,6.133333333333334,0.0099709071218967,0.0189929234973127,0.5524539947509766,0.36910414695739746,0.4227837324142456,0.41160261631011963,0.5471898317337036,0.5640321969985962,0.4321918785572052,0.49566909670829773,0.46028733253479004,0.5397456884384155,0.5622575283050537,0.7145324349403381
0pdbYqd4uhdVwawzZkbhic,highlife,westafrica,../data/raw/audio/highlife/0pdbYqd4uhdVwawzZkbhic.m4a,G,major,0.4145579074653939,112.34714673913044,53,0.5309331937903367,0.0079252560150361,7.594348907470703,0.2969436049461365,0.099510446190834,-11.421820753554725,25.22678565979004,2289.1830960341026,2649.6105029303035,2.0075535774230957,135.19274376417235,-38.814796447753906,91.13899230957033,13.437755584716797,20.003032684326172,0.8539575934410095,1.2074167728424072,-2.1906023025512695,1.893389105796814,-5.9175286293029785,7.159613609313965,-3.6283695697784424,-0.1950422823429107,-3.0470898151397705,6.266666666666667,0.0160024184733629,0.0175438843941312,0.45549383759498596,0.4928353726863861,0.49964216351509094,0.33569180965423584,0.46334195137023926,0.3790282607078552,0.5585638880729675,0.8444432020187378,0.7806143760681152,0.7448346614837646,0.5660718679428101,0.667153537273407
4P7wLOCCB1kcjzA9gqKt1V,highlife,westafrica,../data/raw/audio/highlife/4P7wLOCCB1kcjzA9gqKt1V.m4a,C,minor,0.7939554425795144,112.34714673913044,53,0.5429897087039944,0.0112966067469471,7.566910743713379,0.229463517665863,0.0417729020118713,-13.762296604414152,20.57048797607422,1731.6178254020108,2206.52719695007,2.0548155307769775,261.08843537414964,-74.49922943115234,117.30650329589844,8.207369804382324,24.704673767089844,8.56738567352295,8.857378959655762,4.297600746154785,9.546433448791504,-3.1525440216064453,7.869316101074219,1.0797457695007324,4.484577178955078,-1.1007678508758545,6.333333333333333,0.0080947130918502,0.0197210939035861,0.7331523299217224,0.44302797317504883,0.37851130962371826,0.5505645871162415,0.41648414731025696,0.5640707612037659,0.41438302397727966,0.45518758893013,0.42005443572998047,0.3581080138683319,0.4674317538738251,0.4320793151855469
4jDUAF9vcKXSuyMV0bKXlW,highlife,westafrica,../data/raw/audio/highlife/4jDUAF9vcKXSuyMV0bKXlW.m4a,A,major,0.5922870310799176,129.19921875,66,0.4515388103959533,0.0157910238770818,4.51027774810791,0.2044947445392608,0.054459411650896,-13.164115171252222,25.61309242248535,3453.3991610092976,3051.661160367695,1.7259869575500488,90.38548752834468,-23.187110900878903,51.93049240112305,6.355281829833984,18.043054580688477,24.576183319091797,10.09765625,-7.435349464416504,3.2926361560821533,-6.243941307067871,4.690593719482422,-1.6772371530532837,-1.9609036445617676,-8.822480201721191,6.466666666666667,0.0633560270071029,0.0203464263586028,0.49333813786506653,0.6181227564811707,0.5916324853897095,0.5783874988555908,0.6716901659965515,0.4985349178314209,0.5717537999153137,0.40492117404937744,0.4445720613002777,0.5496332049369812,0.5222108960151672,0.614863395690918
68LBPBEmXttBwc5XaKEjZv,highlife,westafrica,../data/raw/audio/highlife/68LBPBEmXttBwc5XaKEjZv.m4a,C,major,0.7867210619017975,112.34714673913044,51,0.5410249433106576,0.0116099773242632,9.33545970916748,0.1091606095433235,0.0382025092840194,-19.38375452311287,159.25088500976562,1387.4663612136442,1788.688244562731,2.175283193588257,152.4263038548753,-200.0330047607422,150.61532592773438,11.23855972290039,14.849505424499512,-8.001202583312988,2.063389539718628,-8.885562896728516,-3.6086485385894775,-6.712420463562012,3.888550996780395,-0.0116937598213553,2.012505531311035,-5.495079040527344,6.266666666666667,0.0060408106073737,0.018630319386528,0.6744672060012817,0.3423253893852234,0.3649986684322357,0.35487449169158936,0.5311836004257202,0.5156245827674866,0.4080057442188263,0.5079048275947571,0.25575000047683716,0.3231008052825928,0.3179503381252289,0.5544449090957642
3GN1GkAlZ1hd59ek8ySru7,highlife,westafrica,../data/raw/audio/highlife/3GN1GkAlZ1hd59ek8ySru7.m4a,A,major,0.8003359058228003,129.19921875,66,0.4522532705389848,0.0320990650632854,4.202204704284668,0.1864602267742157,0.0589810423552989,-15.43617477319614,111.61444091796876,1982.363382228211,2213.3426931076424,1.379405856132507,299.1836734693877,-92.8284149169922,95.55670166015624,-11.516557693481444,35.7994384765625,1.128074288368225,6.826729774475098,-0.9403696656227112,8.771110534667969,-2.31223464012146,7.826606273651123,-3.672198534011841,3.930219173431397,-1.9170552492141724,3.2666666666666666,0.010418327525258,0.0165336268814356,0.24340391159057617,0.3745998442173004,0.4736440181732178,0.23043544590473175,0.3263089656829834,0.24344989657402039,0.22310350835323334,0.22426971793174744,0.3407418131828308,0.7018272280693054,0.2883417308330536,0.24848215281963348
4MSbENHi7SSa5UeBerHuSF,highlife,westafrica,../data/raw/audio/highlife/4MSbENHi7SSa5UeBerHuSF.m4a,F,major,0.7097336135422916,103.359375,50,0.5762339765838308,0.0218394925609258,3.5109286308288574,0.1365418583154678,0.0361971445381641,-17.20317222199608,29.476573944091797,3066.919311467377,3149.4155270070205,1.3184497356414795,128.39002267573696,-61.24955368041992,81.74308013916016,24.063783645629883,4.677822113037109,5.218829154968262,-11.185965538024902,-2.5031485557556152,1.6585015058517456,-8.819183349609375,3.58949613571167,0.2778725624084472,0.2070232629776001,-4.92491340637207,4.733333333333333,0.04031453281641,0.0192711044905783,0.5441626310348511,0.3539946377277374,0.5214498043060303,0.41664016246795654,0.4546046853065491,0.5726702213287354,0.4512386620044708,0.5912233591079712,0.4892190396785736,0.6400412321090698,0.5554508566856384,0.4724977910518646
5l55C4GlG6i8qcZbN70WL0,highlife,westafrica,../data/raw/audio/highlife/5l55C4GlG6i8qcZbN70WL0.m4a,B,minor,0.7625257445945923,123.046875,62,0.4822898776997137,0.0180319609607121,5.746142864227295,0.2573122680187225,0.1648580580949783,-12.39807281454738,30.320404052734375,2804.768192636397,2875.170537393249,1.7827823162078855,216.281179138322,-52.36601257324219,67.95701599121094,13.31794548034668,16.67610740661621,4.308586120605469,10.604052543640137,-4.3070478439331055,4.415637969970703,-1.7740778923034668,0.2122166901826858,-1.441459894180298,1.7984020709991455,0.7009269595146179,6.466666666666667,0.0431546494364738,0.0214335060749116,0.42563802003860474,0.4504459798336029,0.4588121473789215,0.33206313848495483,0.34005096554756165,0.33431699872016907,0.45995938777923584,0.3478509187698364,0.3267863690853119,0.46904557943344116,0.490049809217453,0.8042445778846741
1N0GdFeRwgEeiDqkX0m4HB,highlife,westafrica,../data/raw/audio/highlife/1N0GdFeRwgEeiDqkX0m4HB.m4a,C#,major,0.7870765217412032,117.45383522727272,58,0.5083947965150972,0.0071260230818969,6.321691036224365,0.4157812595367431,0.1094875037670135,-8.51669432721833,19.531389236450195,2068.825083159026,2661.626729150607,1.724407196044922,248.25396825396825,-9.310789108276367,105.20480346679688,16.311979293823242,12.806134223937988,18.53805923461914,6.8701019287109375,-3.6938908100128174,5.519722938537598,-9.677689552307127,4.849087238311768,-4.412472724914551,6.313107013702393,0.5736978650093079,4.433333333333334,0.0119594605639576,0.0197869886118158,0.4505644142627716,0.5843589901924133,0.35392528772354126,0.45963814854621887,0.36903461813926697,0.7085649371147156,0.6679542660713196,0.4759511649608612,0.6326590776443481,0.40677961707115173,0.5516083240509033,0.3711284399032593
51RoP2DDdEFjbqcm4mPS92,highlife,westafrica,../data/raw/audio/highlife/51RoP2DDdEFjbqcm4mPS92.m4a,C#,major,0.6769951400094868,117.45383522727272,44,0.5205589832832358,0.0340499202803878,5.327535152435303,0.0802594944834709,0.0588652715086936,-20.068600686676476,49.40665435791016,1767.214306709996,2168.8810062663547,1.462909698486328,22.494331065759635,-254.91514587402344,98.48050689697266,1.8453556299209597,32.36369323730469,-4.4248127937316895,-1.2132188081741333,-2.9383604526519775,-6.580887794494629,-10.20567512512207,-4.218283176422119,0.3093554675579071,-2.3025152683258057,-8.9935884475708,2.8333333333333335,0.006193459033966,0.0216064771897638,0.4866524934768677,0.5703011155128479,0.3457898497581482,0.40138688683509827,0.2585504353046417,0.3951380252838135,0.3244251310825348,0.3367248773574829,0.39240533113479614,0.23888590931892395,0.25721415877342224,0.2296387106180191
0QjROckwixXDGcPPcYspBg,highlife,westafrica,../data/raw/audio/highlife/0QjROckwixXDGcPPcYspBg.m4a,D,minor,0.7155400461067174,112.34714673913044,55,0.5323389602754682,0.0289092499966523,4.0966691970825195,0.2637215852737427,0.0970282405614852,-12.36448717124189,23.40726661682129,2474.438553131838,2760.168537958184,1.4505480527877808,246.25850340136057,-61.50022888183594,91.4620361328125,36.93303298950195,19.995887756347656,1.2024271488189695,2.4034035205841064,-1.939411163330078,12.23038387298584,-13.216416358947754,2.223792314529419,6.695640563964844,3.91478967666626,4.064765930175781,3.3333333333333335,0.02232376486063,0.0189068673207305,0.540627658367157,0.5832773447036743,0.7636293172836304,0.5132900476455688,0.4944874346256256,0.49135616421699524,0.4159587025642395,0.5400913953781128,0.5082336068153381,0.6708522439002991,0.5973710417747498,0.5129272937774658
4Kceskb09PSE3TGFMwvR8z,highlife,westafrica,../data/raw/audio/highlife/4Kceskb09PSE3TGFMwvR8z.m4a,F,major,0.52382673327644,143.5546875,69,0.4227397625716954,0.027172081438463,7.554983139038086,0.3000201284885406,0.1094943583011627,-11.06055364368305,25.422468185424805,1925.0604005309624,2307.285401358081,2.0888185501098633,241.9954648526077,-60.23037338256836,104.2532196044922,1.9593530893325808,24.677520751953125,0.8438531756401062,7.736728668212891,3.1295313835144043,1.731745362281799,-1.1399143934249878,3.484511375427246,-2.903265476226806,6.0299906730651855,9.214494705200195,5.833333333333333,0.0102046709507703,0.0195548641260498,0.5207331776618958,0.41259485483169556,0.4696581959724426,0.42103275656700134,0.5081513524055481,0.5405973196029663,0.4473974406719208,0.5206522941589355,0.5021533370018005,0.7167733311653137,0.7137941122055054,0.45560920238494873
7jAOs2vHIb2b1Qiwy7q3am,highlife,westafrica,../data/raw/audio/highlife/7jAOs2vHIb2b1Qiwy7q3am.m4a,C,major,0.4662766136132097,123.046875,59,0.4812135428884196,0.0112381929001183,8.693903923034668,0.1183986589312553,0.0578279644250869,-18.51748424772909,33.55579376220703,1874.35910968373,2312.569397115576,1.9084831476211548,2.5396825396825395,-137.4717254638672,117.29135131835938,3.7946481704711914,18.23333740234375,8.08137321472168,12.902464866638184,2.951030969619751,4.932231903076172,-1.5806443691253662,1.4412219524383545,-6.211216926574707,-1.0809004306793213,-4.487575054168701,5.2,0.0134034203365445,0.0184023047708604,0.7201704978942871,0.66844642162323,0.6318804621696472,0.6068018674850464,0.6561102271080017,0.6874998807907104,0.6501946449279785,0.7054665088653564,0.5335305333137512,0.5427719354629517,0.6986252069473267,0.6450874209403992
5I9ru11ZxYNG9XqixTQKOy,highlife,westafrica,../data/raw/audio/highlife/5I9ru11ZxYNG9XqixTQKOy.m4a,A,minor,0.4161508071046508,95.703125,48,0.622986442804072,0.0284664002274699,12.120892524719238,0.1331360936164856,0.0708396360278129,-17.267878628226587,109.4655532836914,2361.964330318895,2528.061661182143,2.5467159748077393,11.83673469387755,-161.96340942382812,78.68355560302734,15.096259117126465,36.74333190917969,13.534658432006836,18.83604621887207,-5.26977014541626,8.23954963684082,-3.682955026626587,0.3773667514324188,-3.4782707691192627,1.3554368019104004,-1.8296563625335691,5.366666666666666,0.0264294389635324,0.0212084129670773,0.5692085027694702,0.47942671179771423,0.39115235209465027,0.4129889905452728,0.5813117027282715,0.4052446782588959,0.4388076663017273,0.30396994948387146,0.29526206851005554,0.4521862268447876,0.4676627516746521,0.456295907497406
0nOmu10BmtJNdqY3YJzuj8,highlife,westafrica,../data/raw/audio/highlife/0nOmu10BmtJNdqY3YJzuj8.m4a,C,minor,0.7121462330764994,103.359375,49,0.5829176114890401,0.0151669022830206,8.66919231414795,0.0989799052476883,0.0384700447320938,-19.44281195400753,167.74887084960938,2138.8295227771237,2309.4641704520263,1.9687706232070925,71.60997732426304,-154.0639190673828,100.9178237915039,-1.4554128646850586,29.260080337524418,2.199756622314453,0.8250212669372559,-0.2934305667877197,4.724894046783447,-10.4418306350708,2.6595470905303955,-4.542665481567383,0.2887047529220581,-7.2646803855896,4.733333333333333,0.0153925865888595,0.0187806357024601,0.6005860567092896,0.3844301402568817,0.49347609281539917,0.48823249340057373,0.41861674189567566,0.49155688285827637,0.3797566294670105,0.47532087564468384,0.4551185667514801,0.5190340280532837,0.48250269889831543,0.46400079131126404
3lGukAlXCWKgZr2m4v4osa,highlife,westafrica,../data/raw/audio/highlife/3lGukAlXCWKgZr2m4v4osa.m4a,F#,major,0.4695720066818557,112.34714673913044,55,0.5448089359200471,0.0235245305641858,4.1897454261779785,0.1288484781980514,0.0320026651024818,-16.71201877050377,25.26836204528809,3979.607743579227,3242.553451227084,1.469443917274475,31.11111111111111,-83.93431854248047,46.940486907958984,39.544281005859375,14.386625289916992,2.4910402297973633,1.3665529489517212,-12.08104419708252,8.403446197509766,-7.665778160095215,4.342152118682861,-0.5601205825805664,0.5897656083106995,-6.178761005401611,6.233333333333333,0.0481232888996601,0.0195946255263646,0.4495299160480499,0.3803844749927521,0.3013816773891449,0.42559105157852173,0.335138738155365,0.5086818933486938,0.5755955576896667,0.4773486256599426,0.5858255624771118,0.4381268322467804,0.5957481861114502,0.6013317108154297
1YqKOA7wkzMSsTH6VR60xw,highlife,westafrica,../data/raw/audio/highlife/1YqKOA7wkzMSsTH6VR60xw.m4a,B,major,0.647544880424207,103.359375,51,0.5842140589569161,0.0219597434694923,3.5834100246429443,0.1751623749732971,0.0488194301724433,-15.731992022276213,23.60112953186035,1925.2669901303825,2186.0587528213337,1.278947114944458,21.8140589569161,-69.15927124023438,109.7803192138672,-10.55911350250244,33.15290069580078,1.807541251182556,0.2350105792284011,-11.159836769104004,11.63676929473877,-6.559051990509033,3.2010319232940674,0.1132073327898979,-2.3392632007598877,-4.172802448272705,5.2,0.0119198895990848,0.0181751141783697,0.4181704819202423,0.4829685389995575,0.6128870844841003,0.6542794108390808,0.6513956785202026,0.47211936116218567,0.5468044281005859,0.30645132064819336,0.39885279536247253,0.43941929936408997,0.39743655920028687,0.6751722693443298
3RQesWsOqRLurh96zbXe2z,highlife,westafrica,../data/raw/audio/highlife/3RQesWsOqRLurh96zbXe2z.m4a,G#,minor,0.6902437073562772,92.28515625,38,0.6520414291842864,0.0189936040365652,10.60679531097412,0.0779818743467331,0.0386085249483585,-21.398874571967166,36.73303985595703,2265.406707234864,2423.1507540142275,1.964557647705078,255.7369614512472,-208.7342834472656,82.34823608398438,5.672374248504639,22.286108016967773,-7.112932205200195,-3.3385376930236816,-13.591678619384766,-7.735052108764648,-12.247732162475586,-8.259517669677734,-14.331493377685549,-10.409869194030762,-10.838547706604004,4.8,0.0148916449397802,0.0214595364788404,0.19579361379146576,0.36220261454582214,0.19309230148792267,0.3280488848686218,0.22872839868068695,0.23226092755794525,0.34051185846328735,0.17707370221614838,0.42711004614830017,0.2130814790725708,0.4830329716205597,0.46750110387802124
7wktFcp4BjvhHwpI6wbnGQ,highlife,westafrica,../data/raw/audio/highlife/7wktFcp4BjvhHwpI6wbnGQ.m4a,F,major,0.6463571425781613,107.666015625,50,0.565334814197788,0.0178947258740555,5.827682018280029,0.1988850384950637,0.0624505504965782,-14.05982990181037,29.19948959350586,2473.0750880567257,2622.0424695920815,1.6576383113861084,176.28117913832202,-54.456424713134766,81.3167724609375,6.01027774810791,28.864866256713867,-0.7631877660751343,7.527531147003174,-4.855179786682129,4.959580421447754,-3.3631844520568848,0.2736068069934845,-7.305084228515625,-3.0921308994293213,-5.6518964767456055,6.0,0.025572407990694,0.0208816868961533,0.41986173391342163,0.3247625529766083,0.47056087851524353,0.39197489619255066,0.5238764882087708,0.644696831703186,0.41418007016181946,0.5875686407089233,0.4587453007698059,0.4905368983745575,0.5357919931411743,0.3770514130592346
3U9NVmsEdrTutU49F1ykvf,highlife,westafrica,../data/raw/audio/highlife/3U9NVmsEdrTutU49F1ykvf.m4a,D,major,0.7342830399570192,103.359375,48,0.5903796979784821,0.0196004423708924,8.595450401306152,0.2406379580497741,0.0861366614699363,-12.844061711733543,29.229890823364254,2274.5281811833443,2564.6973150477515,2.0839147567749023,200.3628117913832,-81.72765350341797,88.50787353515625,27.21417808532715,27.896774291992188,-1.0333044528961182,10.330288887023926,-0.4923652708530426,2.556124448776245,-9.668133735656738,-2.9211361408233643,-4.005984306335449,-2.2025341987609863,-2.8654510974884033,5.766666666666667,0.0177477691322565,0.0213538129357227,0.3410797417163849,0.3800930380821228,0.4866679608821869,0.38465407490730286,0.5324046015739441,0.3506413400173187,0.4611279368400574,0.41286414861679077,0.30705153942108154,0.4619654715061188,0.34986093640327454,0.39920470118522644
2jcg6QHuL3XdwK2eIuOK94,juju,westafrica,../data/raw/audio/juju/2jcg6QHuL3XdwK2eIuOK94.m4a,C#,major,0.6418759580062975,112.34714673913044,53,0.5304866562009419,0.0267027985017119,6.7628092765808105,0.1805911660194397,0.0776147320866584,-14.648199861960924,34.305084228515625,4180.137089278111,3417.153914134325,1.769927740097046,224.0362811791383,-88.94109344482422,21.52145195007324,10.361845970153809,17.497583389282227,22.180679321289062,-5.127126216888428,8.839737892150879,1.4301773309707642,-2.9317262172698975,3.536440372467041,7.58804178237915,4.366037845611572,2.0535528659820557,4.066666666666666,0.045303750783205,0.0179756457654358,0.43802258372306824,0.7032344937324524,0.540000855922699,0.5804480910301208,0.5630719065666199,0.7428059577941895,0.7010529637336731,0.5838782787322998,0.6082842946052551,0.42992767691612244,0.42717617750167847,0.2835829257965088
5MY2shxqQ4bFBPUeYB5azo,juju,westafrica,../data/raw/audio/juju/5MY2shxqQ4bFBPUeYB5azo.m4a,D,major,0.4890786356419847,123.046875,57,0.4925947521865889,0.0179401579498304,6.840243816375732,0.1992217749357223,0.070926621556282,-14.93530016614278,27.40199089050293,1750.0325148641384,2449.6156812501868,1.942553997039795,209.56916099773244,-108.84280395507812,112.7211685180664,19.065099716186523,19.40234375,6.746804237365723,12.953235626220703,10.063247680664062,2.715879201889038,-2.0145184993743896,0.7588410377502441,1.395007610321045,5.716920852661133,-0.6053842306137085,6.633333333333334,0.0079243341460824,0.0183024262122643,0.6095864772796631,0.6621792912483215,0.8458852767944336,0.4749051034450531,0.428646981716156,0.38634932041168213,0.3987162113189697,0.49180135130882263,0.3699215352535248,0.46125778555870056,0.41121578216552734,0.5096298456192017
53Df6hdXnMoqxwuWHbYdqu,juju,westafrica,../data/raw/audio/juju/53Df6hdXnMoqxwuWHbYdqu.m4a,G,major,0.6334068424897416,123.046875,59,0.4860176714363906,0.0187265180030511,6.760273456573486,0.1846512109041214,0.0574940554797649,-15.709176917761,25.546550750732425,1635.6102774310937,2126.4628867780216,2.032261848449707,8.072562358276645,-127.78840637207033,110.1142349243164,5.715280532836914,44.3918571472168,8.944844245910645,15.318824768066406,6.5298004150390625,13.39746379852295,-0.4992133975028991,3.981595754623413,-1.7186700105667114,2.393018960952759,-5.774596214294434,6.933333333333334,0.0067053204402327,0.0203396828598499,0.5969821810722351,0.5400938987731934,0.5905961394309998,0.47351905703544617,0.5721622705459595,0.5167385339736938,0.6174594759941101,0.6907355189323425,0.6247594356536865,0.5953693985939026,0.5411222577095032,0.5566953420639038
3p99vSgqqsFFDPaunOUI7o,juju,westafrica,../data/raw/audio/juju/3p99vSgqqsFFDPaunOUI7o.m4a,D#,major,0.816587410639321,143.5546875,65,0.4121541950113379,0.0142192601848635,2.7654924392700195,0.1953256875276565,0.0629823952913284,-14.610021131145208,22.98223876953125,2077.6132997149657,2266.3281015548782,1.121346354484558,166.07709750566892,-48.69645690917969,101.89159393310548,-11.764010429382324,33.716426849365234,7.392488956451416,9.216259956359863,-1.683321475982666,5.284816741943359,-5.664516448974609,7.870490550994873,-1.0136926174163818,2.8909125328063965,0.627029299736023,3.6666666666666665,0.0149236628785729,0.0204213046480291,0.6134382486343384,0.43326693773269653,0.5244719982147217,0.6155046224594116,0.4079095125198364,0.46896296739578247,0.4149366319179535,0.5066364407539368,0.4905413091182709,0.38319769501686096,0.5794785618782043,0.3781619369983673
740vfmatXFtyNO8FzsQpSN,juju,westafrica,../data/raw/audio/juju/740vfmatXFtyNO8FzsQpSN.m4a,A#,major,0.5251027448579317,117.45383522727272,59,0.5088372820392525,0.0212484275829992,5.543237686157227,0.3320677578449249,0.1018267944455146,-10.717377532013488,28.374916076660156,2640.9392674858987,2675.133610875296,1.831925630569458,249.8866213151927,-24.971960067749023,78.6486587524414,9.279060363769531,16.695140838623047,-2.420604705810547,5.296717166900635,-6.466515064239502,-0.4868777394294739,-12.115562438964844,-1.5469462871551514,-3.674334526062012,2.1101841926574707,-0.8168898224830627,6.333333333333333,0.0215468276292085,0.0181786283755454,0.7287729978561401,0.5616952776908875,0.5921885371208191,0.5301820039749146,0.5105075240135193,0.5540334582328796,0.49231675267219543,0.6359916925430298,0.5436648726463318,0.6314809918403625,0.787835419178009,0.6301205158233643
4t1QxIeSmArrQN53MevNxQ,juju,westafrica,../data/raw/audio/juju/4t1QxIeSmArrQN53MevNxQ.m4a,A,minor,0.905651498200329,151.99908088235293,73,0.4024792139077853,0.0211968215754078,8.589166641235352,0.2403585761785507,0.1112523227930069,-12.782716033714546,26.639928817749023,2094.9563174327373,2402.647539243628,2.413647174835205,61.8140589569161,-72.06257629394531,105.68417358398438,9.019590377807615,20.142757415771484,10.062810897827148,9.18144702911377,2.8561224937438965,2.8408432006835938,-5.327112674713135,0.5645092129707336,-4.045474529266357,-1.817127346992493,-7.708017826080322,4.966666666666667,0.0288913249969482,0.020264810732765,0.7460289001464844,0.47082704305648804,0.5511449575424194,0.5030184984207153,0.658544659614563,0.5844225287437439,0.5006350874900818,0.6525604724884033,0.5362403988838196,0.718540608882904,0.4612504243850708,0.563315749168396
1tb5PhrN4RTkc2fS4i6Ri0,juju,westafrica,../data/raw/audio/juju/1tb5PhrN4RTkc2fS4i6Ri0.m4a,G#,minor,0.5844098509863337,117.45383522727272,57,0.5141561386459346,0.0092345168570423,3.205044746398926,0.4258095026016235,0.1176721453666687,-8.99868159165222,13.16416358947754,2604.617860650578,2893.3682700499544,1.1986067295074463,293.6961451247165,25.932889938354492,75.34505462646484,21.967897415161133,34.38604736328125,8.927080154418945,16.19096565246582,0.3049010634422302,8.247775077819824,1.1409928798675537,8.22942066192627,4.002606391906738,8.939157485961914,4.195318698883057,5.433333333333334,0.0303541012108325,0.021050541388609,0.602458119392395,0.5429008603096008,0.5315236449241638,0.6279243230819702,0.7118814587593079,0.48006072640419006,0.5353295207023621,0.760879635810852,0.7592654824256897,0.6180140376091003,0.612932026386261,0.6595433950424194
6EiWjlcIm0MOEmQ6xAU3zQ,juju,westafrica,../data/raw/audio/juju/6EiWjlcIm0MOEmQ6xAU3zQ.m4a,D,minor,0.601610604219482,95.703125,46,0.62126278659612,0.0190570660217912,4.643343448638916,0.1857971847057342,0.0677701756358146,-14.563592601217126,30.53447723388672,2735.0949589115144,2821.373465358679,1.4949814081192017,265.44217687074826,-63.8189697265625,78.35960388183594,17.26253890991211,14.68440055847168,-0.1697124987840652,3.234804391860962,-1.756676435470581,4.449625015258789,-12.335381507873535,3.572279214859009,-3.150406837463379,4.455276012420654,-0.0368881002068519,4.8,0.030816139653325,0.0183000745553858,0.44676855206489563,0.38467755913734436,0.6632778644561768,0.41060465574264526,0.6603902578353882,0.4563596248626709,0.34786608815193176,0.3638153672218323,0.30507218837738037,0.4420638382434845,0.32466864585876465,0.3767056465148926
3dvKQwFDsbdZ2dQuI07BlI,juju,westafrica,../data/raw/audio/juju/3dvKQwFDsbdZ2dQuI07BlI.m4a,C#,minor,0.6067317502833397,123.046875,61,0.489167044595616,0.021140221149747,5.050529956817627,0.1087778881192207,0.0306926183402538,-18.775513873512555,25.308841705322266,2007.6411676079,2131.1330938382584,1.6377228498458862,256.8707482993197,-121.6427993774414,101.4289779663086,-31.686248779296875,16.3618106842041,11.959027290344238,3.1188485622406006,-1.3281362056732178,14.08719253540039,11.268003463745115,-1.1206063032150269,-7.42393684387207,-3.531128406524658,-3.8626840114593506,7.066666666666666,0.0095010204240679,0.0191664599979083,0.47252005338668823,0.6989636421203613,0.523141086101532,0.5343369841575623,0.39049601554870605,0.38667941093444824,0.3800479769706726,0.3734126389026642,0.6517328023910522,0.523607075214386,0.4483984112739563,0.44712701439857483
1x9jw0pdfbtYXRrdgYCc8O,juju,westafrica,../data/raw/audio/juju/1x9jw0pdfbtYXRrdgYCc8O.m4a,F#,minor,0.5513519809720093,99.38401442307692,49,0.607588813303099,0.0269513786769399,7.051704406738281,0.2545558512210846,0.085168570280075,-12.053803213399602,25.29518699645996,2272.68379934064,2391.8604759401846,2.0861129760742188,27.346938775510203,-42.09135055541992,90.20946502685548,-10.15831470489502,24.16881561279297,-0.578270435333252,0.8050811290740967,-10.712980270385742,2.297770738601685,-17.48114776611328,0.1802646368741989,-6.385267734527588,-5.507009506225586,-3.995325803756714,5.966666666666667,0.0213646776974201,0.0178063902756522,0.47550681233406067,0.520148754119873,0.42705631256103516,0.4555191695690155,0.5600160956382751,0.5226369500160217,0.7043691873550415,0.5341086983680725,0.6687783598899841,0.5267969369888306,0.4090908169746399,0.5593160390853882
1JaQ8nuA4UCtVQCFizttu0,juju,westafrica,../data/raw/audio/juju/1JaQ8nuA4UCtVQCFizttu0.m4a,G,major,0.6431487429605947,123.046875,61,0.4791050642479214,0.0198693115595849,6.9236626625061035,0.349737286567688,0.1137740686535835,-9.729234178792804,151.88763427734375,2637.513224904971,2789.584430999603,2.1564464569091797,3.6281179138322,-33.262733459472656,79.69959259033203,12.311249732971191,15.556864738464355,5.413633346557617,9.4746732711792,1.6656087636947632,1.5732742547988892,-3.3493285179138184,4.9605207443237305,0.913310170173645,7.482227802276611,-0.7455321550369263,5.333333333333333,0.03322584182024,0.0188753468469406,0.4854486882686615,0.44238314032554626,0.7142763733863831,0.5151174664497375,0.5102790594100952,0.37683582305908203,0.4053773581981659,0.5411205291748047,0.3851258158683777,0.3519950211048126,0.4759509265422821,0.527640700340271
47ZKAaOco4DebMlGRzcvUn,juju,westafrica,../data/raw/audio/juju/47ZKAaOco4DebMlGRzcvUn.m4a,B,major,0.6450221024383007,99.38401442307692,47,0.6016996943705017,0.0094705427152899,7.1441850662231445,0.0858694463968277,0.0365073271095752,-21.29018507491204,33.00544357299805,2122.952476229677,2449.1251387063344,1.9231361150741575,275.328798185941,-162.11386108398438,95.62319946289062,3.479328155517578,30.25379180908203,6.535937786102295,7.276319026947021,-2.377162456512451,-2.39921498298645,-2.6091349124908447,2.3041622638702393,-10.7427339553833,0.44112029671669,0.8607967495918274,6.366666666666666,0.014294633641839,0.0185541726122068,0.5712478756904602,0.6743126511573792,0.5760025978088379,0.5859495997428894,0.5574506521224976,0.44071993231773376,0.5812081694602966,0.4446326494216919,0.5230116248130798,0.49295568466186523,0.6164031028747559,0.7328387498855591
6SyvPeEmj4yBblsKIyiGqT,juju,westafrica,../data/raw/audio/juju/6SyvPeEmj4yBblsKIyiGqT.m4a,A,major,0.7665689900322364,172.265625,82,0.348872651941435,0.0089189561135302,3.072023868560791,0.2999441921710968,0.0848588943481445,-11.602507589248562,23.176485061645508,2009.4798098768472,2399.5921793647603,1.2485367059707642,18.54875283446712,-25.24797821044922,101.64285278320312,0.4618680477142334,28.815935134887695,8.541080474853516,7.7712554931640625,2.6489405632019043,6.669119834899902,-2.5883679389953613,9.521212577819824,-2.175203323364258,3.353928804397583,-4.385293960571289,5.433333333333334,0.0118187852203845,0.0216083031084627,0.37872058153152466,0.46904370188713074,0.47691282629966736,0.3646998107433319,0.4682219922542572,0.3557965159416199,0.4147966802120209,0.4183804988861084,0.5592531561851501,0.6471173763275146,0.37436774373054504,0.45834237337112427
7LLyEy0GVYBpziR5O06ZZv,juju,westafrica,../data/raw/audio/juju/7LLyEy0GVYBpziR5O06ZZv.m4a,D#,minor,0.707301730551132,135.99917763157896,67,0.4404755033326462,0.0224943203186439,6.138573169708252,0.0863909944891929,0.0357511006295681,-21.807726102213135,31.253246307373047,1849.579273321345,2413.504384753245,1.9336224794387815,36.68934240362812,-183.2608642578125,105.33047485351562,15.248825073242188,32.112056732177734,9.63012409210205,11.606462478637695,3.316854953765869,1.9480674266815183,1.5218098163604736,5.307536602020264,-6.226862907409668,1.4450489282608032,-4.706498146057129,6.233333333333333,0.0092582525685429,0.0188175513218024,0.44581279158592224,0.5458149909973145,0.5162498354911804,0.7178860902786255,0.39838874340057373,0.4308997392654419,0.5016971230506897,0.3562326431274414,0.44895637035369873,0.5040171146392822,0.7753400206565857,0.4570666253566742
1SiBHQQkkySXWZfARVr6Pz,juju,westafrica,../data/raw/audio/juju/1SiBHQQkkySXWZfARVr6Pz.m4a,C,minor,0.4012591701507644,129.19921875,62,0.4598312330396639,0.0117572490959858,8.945183753967285,0.1022990643978118,0.0677563920617103,-19.839894332624983,116.36134338378906,3416.403611654975,3221.3759885488103,2.495316982269287,0.997732426303855,-175.7761688232422,49.9552116394043,47.07637023925781,28.621244430541992,10.70265007019043,12.282885551452637,7.22891902923584,4.641373157501221,-0.7932314276695251,3.9477810859680176,-2.2717130184173584,-1.1059173345565796,-4.978188991546631,6.366666666666666,0.0460906252264976,0.0172165549177365,0.7202072143554688,0.7496023774147034,0.8298283815383911,0.8311935663223267,0.7054541110992432,0.5542199015617371,0.5213546752929688,0.6581556797027588,0.5744213461875916,0.5744466185569763,0.48873651027679443,0.45734626054763794
0z9PmOearUomC1PrW2EBkK,juju,westafrica,../data/raw/audio/juju/0z9PmOearUomC1PrW2EBkK.m4a,D#,minor,0.3601990601132493,143.5546875,72,0.4091290600747341,0.0131387722224388,8.001251220703125,0.1036635041236877,0.0493012405931949,-19.567027795995937,176.59735107421875,2514.3163720583925,2785.784169059119,2.483732223510742,279.00226757369614,-222.7704162597656,93.97891998291016,25.941762924194336,-10.879639625549316,31.546070098876953,9.981082916259766,-13.365970611572266,20.973838806152344,-17.965696334838867,11.243020057678224,2.061012506484986,0.6695800423622131,-4.017688274383545,4.966666666666667,0.0179164558649063,0.0191830924053719,0.44421321153640747,0.47176873683929443,0.5740146040916443,0.664878249168396,0.6176568269729614,0.5344123840332031,0.5805911421775818,0.545557975769043,0.5018464922904968,0.4798315763473511,0.4345802664756775,0.4432063102722168
6VFE6YpWM90aNqKwzuBBLg,juju,westafrica,../data/raw/audio/juju/6VFE6YpWM90aNqKwzuBBLg.m4a,D#,minor,0.5526603253176563,117.45383522727272,54,0.5077722158045608,0.0306052131558474,8.837940216064453,0.1467939913272857,0.1060897558927536,-15.945381862025462,38.52098846435547,2286.4839777543357,2585.618220202464,2.6164743900299072,12.970521541950111,-156.22384643554688,86.37151336669922,8.550324440002441,29.979228973388672,16.651729583740234,8.544578552246094,2.540461301803589,1.169524073600769,-5.522294044494629,-2.406939744949341,-8.531003952026367,3.4672937393188477,-1.3880130052566528,7.333333333333333,0.0177653431892395,0.0198690901313266,0.49084576964378357,0.5764257311820984,0.555687665939331,0.6359338760375977,0.5114858746528625,0.5507653951644897,0.6090885400772095,0.5802896022796631,0.5815712213516235,0.565208911895752,0.5426359176635742,0.48683279752731323
1PSd517DTBVFACNiF0nskz,juju,westafrica,../data/raw/audio/juju/1PSd517DTBVFACNiF0nskz.m4a,G#,minor,0.4297326739472672,103.359375,51,0.571675283446712,0.0138465712038607,8.438552856445312,0.2194437384605407,0.1017705574631691,-13.6423425472969,40.669921875,2191.3390756023136,2593.8777384383475,2.272160768508911,93.15192743764172,-84.01607513427734,95.10230255126952,8.401891708374023,11.345440864562988,13.092713356018066,14.05820369720459,-0.7214750647544861,-3.496889591217041,-5.392892360687256,-1.2141056060791016,-10.650243759155272,2.89900541305542,0.4818304777145386,5.133333333333334,0.0183090325444936,0.0176474093678895,0.5719248056411743,0.46382397413253784,0.4007059931755066,0.4979865550994873,0.4327210783958435,0.4898969233036041,0.7092714309692383,0.6771963834762573,0.8680989742279053,0.7460036873817444,0.7200374007225037,0.689849853515625
3ICibjXxX610PI6rcQZvRY,juju,westafrica,../data/raw/audio/juju/3ICibjXxX610PI6rcQZvRY.m4a,G#,minor,0.7104187116980348,123.046875,57,0.4996436669906058,0.0116025706394106,6.537640571594238,0.1988010257482528,0.0489778369665145,-16.772217789927325,18.512630462646484,355.86569904004625,798.2385814750891,1.0436476469039917,8.390022675736962,-304.7772216796875,194.47808837890625,71.46800231933594,35.77170944213867,29.78632545471191,13.949763298034668,5.2605485916137695,7.114538192749023,1.7995786666870115,-2.9604406356811523,-4.98883581161499,3.380962610244751,7.2221760749816895,2.8,2.388208849879447e-05,0.0193762474578136,0.16415514051914215,0.2119557112455368,0.1626749485731125,0.23358799517154694,0.4434524476528168,0.16044773161411285,0.3567507863044739,0.13884855806827545,0.5758748650550842,0.1957271695137024,0.16265404224395752,0.2506401538848877
2dViR2V6fHWWRX5no1DBhm,juju,westafrica,../data/raw/audio/juju/2dViR2V6fHWWRX5no1DBhm.m4a,B,minor,0.7709228376537786,117.45383522727272,59,0.4988286808976465,0.0131078289755218,5.055439472198486,0.1415609121322631,0.0377439893782138,-17.22341759437495,23.020763397216797,2513.5091151786723,2586.713549394642,1.5823568105697632,224.48979591836735,-110.60734558105467,86.27178955078125,11.277305603027344,24.63822364807129,3.168602466583252,22.081932067871097,-7.579875469207764,14.041640281677246,-1.3257769346237185,6.887801170349121,-13.945297241210938,1.7044116258621216,-2.4840147495269775,4.9,0.0246134400367736,0.0206024654892759,0.470139741897583,0.38185757398605347,0.48138192296028137,0.2836274802684784,0.23879188299179077,0.2636413276195526,0.47586244344711304,0.3203989565372467,0.2775883376598358,0.39135390520095825,0.49038076400756836,0.9028822779655457
4S0Grq19Sgac84APE6xD1x,juju,westafrica,../data/raw/audio/juju/4S0Grq19Sgac84APE6xD1x.m4a,C,major,0.5669241292538545,135.99917763157896,63,0.4411791383219955,0.0171951108917369,5.887670516967773,0.2350877672433853,0.0885821357369422,-13.23533009712294,26.815542221069336,2749.458160314834,2831.4530897961263,1.747369647026062,47.80045351473923,-28.138656616210938,71.8703842163086,3.5787417888641357,19.220600128173828,7.0458455085754395,16.30243492126465,0.93768310546875,8.144038200378418,-0.966703236103058,6.358164310455322,-0.2964508831501007,0.8997029662132263,-0.8695695996284485,5.866666666666666,0.0376489050686359,0.0158835986801438,0.8618446588516235,0.5915474891662598,0.538501501083374,0.4803448021411896,0.5412867069244385,0.5722451210021973,0.6095104217529297,0.772735059261322,0.567465603351593,0.5685440897941589,0.6777118444442749,0.7684651017189026
6rSWa9ri8DDfYDhdWLaxjL,juju,westafrica,../data/raw/audio/juju/6rSWa9ri8DDfYDhdWLaxjL.m4a,D#,major,0.478928353525227,135.99917763157896,68,0.4394463058855383,0.0092475472986535,5.514870643615723,0.203662559390068,0.0629195272922515,-14.225133259207338,26.12290954589844,1693.059954951025,2334.2813255064566,1.955410838127136,143.8095238095238,-108.67766571044922,127.48727416992188,11.652155876159668,3.471038341522217,10.779655456542969,-4.6280341148376465,10.427770614624023,-0.9269464015960692,-14.757512092590332,9.243813514709473,1.3988442420959473,0.8460325002670288,1.828193426132202,6.5,0.006841845344752,0.0177186339512874,0.5310569405555725,0.4989732801914215,0.5528233051300049,0.6445016860961914,0.5961296558380127,0.6340063810348511,0.5728881359100342,0.6254411935806274,0.6372941732406616,0.543258547782898,0.5236033797264099,0.5043295621871948
2jZQ4tNLP0tgzYXbdtwPdi,juju,westafrica,../data/raw/audio/juju/2jZQ4tNLP0tgzYXbdtwPdi.m4a,A,major,0.6046936103280781,135.99917763157896,66,0.4461803593232165,0.0103781330426973,6.403212547302246,0.2213547825813293,0.0668561533093452,-13.37788374341473,25.118881225585938,2219.303228653103,2618.4792981361948,1.8987833261489868,13.06122448979592,-47.87581253051758,100.291748046875,9.615687370300291,10.358745574951172,-0.6563917398452759,2.86445951461792,0.0866493284702301,-4.230170726776123,-8.759686470031738,-5.372034549713135,-5.319921493530273,-1.6107107400894165,-6.065878391265869,6.033333333333333,0.0228018332272768,0.0185097808804762,0.6085538864135742,0.5980847477912903,0.6788201332092285,0.6190019249916077,0.656403124332428,0.5237375497817993,0.47622227668762207,0.5562886595726013,0.49317383766174316,0.6686675548553467,0.4861607849597931,0.5710879564285278
7srz6fVKgQhnFc2rsZJe7z,juju,westafrica,../data/raw/audio/juju/7srz6fVKgQhnFc2rsZJe7z.m4a,C,major,0.6459361083142421,117.45383522727272,55,0.5147089947089947,0.0182888707531469,5.2669758796691895,0.1884020566940307,0.045359019190073,-14.81720555104588,23.52543067932129,1773.367373746308,2061.551652991104,1.733487248420715,275.9637188208617,-83.6872787475586,117.25580596923828,-15.944294929504396,22.833587646484375,-1.900884747505188,5.6024088859558105,-4.021722316741943,15.117925643920898,3.145441770553589,-1.827645778656006,-8.561277389526367,3.681114196777344,-6.3564839363098145,7.166666666666667,0.008159052580595,0.0196062947267878,0.49763521552085876,0.3157029151916504,0.44097068905830383,0.28133097290992737,0.5004453063011169,0.5083491802215576,0.560427188873291,0.705400288105011,0.3729627728462219,0.30515536665916443,0.2489110231399536,0.3484921157360077
2GcHlqRkqpQOQAMrJ6XNcj,juju,westafrica,../data/raw/audio/juju/2GcHlqRkqpQOQAMrJ6XNcj.m4a,D#,minor,0.6933219804773114,112.34714673913044,53,0.5425431711145997,0.0407378374412965,4.484521389007568,0.205588087439537,0.1080154702067375,-13.927814187037573,36.64927291870117,1942.4983121188632,2283.323034771998,1.4062055349349976,130.8843537414966,-93.9228286743164,103.6676025390625,9.303380966186523,30.83150291442871,-4.171879768371582,15.80692195892334,3.5117316246032715,4.622156620025635,0.1731544733047485,5.37251615524292,-4.168272495269775,-1.1504883766174316,-4.448868751525879,3.8,0.014562732540071,0.0197801150937251,0.3265027105808258,0.5818234086036682,0.2895016372203827,0.7842410206794739,0.38394486904144287,0.3912506699562073,0.48752257227897644,0.4968410134315491,0.5662884712219238,0.3754895329475403,0.5402733087539673,0.3811265826225281
7HwvN8toW9TIikL0Jr0AfV,juju,westafrica,../data/raw/audio/juju/7HwvN8toW9TIikL0Jr0AfV.m4a,A#,major,0.5251027448579317,117.45383522727272,59,0.5088372820392525,0.0212484275829992,5.543237686157227,0.3320677578449249,0.1018267944455146,-10.717377532013488,28.374916076660156,2640.9392674858987,2675.133610875296,1.831925630569458,249.8866213151927,-24.971960067749023,78.6486587524414,9.279060363769531,16.695140838623047,-2.420604705810547,5.296717166900635,-6.466515064239502,-0.4868777394294739,-12.115562438964844,-1.5469462871551514,-3.674334526062012,2.1101841926574707,-0.8168898224830627,6.333333333333333,0.0215468276292085,0.0181786283755454,0.7287729978561401,0.5616952776908875,0.5921885371208191,0.5301820039749146,0.5105075240135193,0.5540334582328796,0.49231675267219543,0.6359916925430298,0.5436648726463318,0.6314809918403625,0.787835419178009,0.6301205158233643
1vdP5l03rrRobswkVke5qP,juju,westafrica,../data/raw/audio/juju/1vdP5l03rrRobswkVke5qP.m4a,C,minor,0.6199334078024121,107.666015625,55,0.5473889308809944,0.0308312696274948,8.841706275939941,0.1631570309400558,0.1012618690729141,-16.711773432863556,35.7629280090332,2624.330429541224,2874.5849033807735,2.365272283554077,126.93877551020408,-136.90943908691406,71.63850402832031,34.76763916015625,30.749942779541016,7.197676181793213,9.476417541503906,-4.371227741241455,2.6544528007507324,-4.255074977874756,-4.243649005889893,-0.978123903274536,0.7560123205184937,-3.0429329872131348,5.466666666666667,0.0296044386923313,0.0174235451879259,0.8928952217102051,0.5493548512458801,0.43932241201400757,0.33486929535865784,0.2705298066139221,0.284529447555542,0.2864159643650055,0.5341817736625671,0.436420202255249,0.4167554974555969,0.4667235016822815,0.4658951461315155
6IqKmZd43Xw7jHCekXY1bO,juju,westafrica,../data/raw/audio/juju/6IqKmZd43Xw7jHCekXY1bO.m4a,D#,minor,0.3524108457453038,117.45383522727272,58,0.5035063850101444,0.0107933203569874,6.804085731506348,0.1311646401882171,0.0634629875421524,-17.580688979126155,31.345304489135746,2288.230131326364,2515.5353054338866,2.181604385375977,97.7777777777778,-131.60792541503906,92.20497131347656,8.385497093200684,22.55506706237793,-3.951680183410645,8.603547096252441,-6.933687686920166,-0.0648618265986442,6.808968544006348,13.002208709716797,-2.1049792766571045,8.708513259887695,2.0034940242767334,7.066666666666666,0.0170429963618516,0.0183184111906621,0.46414339542388916,0.49396488070487976,0.5455381274223328,0.7556673288345337,0.7581286430358887,0.5301594734191895,0.5237632989883423,0.44753286242485046,0.42304250597953796,0.4479438066482544,0.47210991382598877,0.43455368280410767
2SI1Wz6w8mUV46jIY5EJDW,juju,westafrica,../data/raw/audio/juju/2SI1Wz6w8mUV46jIY5EJDW.m4a,C,minor,0.3817277694117595,95.703125,48,0.6215043180392725,0.024051251641452,5.968563079833984,0.28277388215065,0.1367719024419784,-14.288754037574892,37.58430099487305,838.0472868922972,1499.4118489087134,1.676508903503418,105.03401360544218,-215.78407287597656,138.28623962402344,20.765304565429688,35.3789176940918,21.83867454528809,24.20315742492676,17.317888259887695,9.727123260498049,-4.514265537261963,6.106192588806152,3.692119836807251,2.882726669311523,-0.0465246625244617,5.266666666666667,0.0012901156442239,0.0206109314412006,0.8046101927757263,0.8591394424438477,0.7294594645500183,0.6938560009002686,0.5791893005371094,0.48035919666290283,0.39339134097099304,0.4572254717350006,0.3797188103199005,0.3486832082271576,0.3478299379348755,0.3077486455440521
3TviTbf0afhiIeZKp8Qoam,kora,westafrica,../data/raw/audio/kora/3TviTbf0afhiIeZKp8Qoam.m4a,A,major,0.959933459066986,117.45383522727272,58,0.4998400763814297,0.0115938858718667,8.401521682739258,0.2580932378768921,0.1013665348291397,-12.64702207954522,25.99520492553711,1881.9751719334913,2544.867939181755,1.788845181465149,19.727891156462583,-88.99280548095703,113.34749603271484,22.395998001098633,10.269673347473145,8.488239288330078,3.726269245147705,9.693319320678713,2.718947649002075,0.4796509742736816,8.5390625,-2.2702085971832275,-5.2971415519714355,-3.121413230895996,4.733333333333333,0.00862892344594,0.020589894723332,0.2962353229522705,0.5071733593940735,0.48746711015701294,0.36149832606315613,0.6419205069541931,0.3412722647190094,0.445072740316391,0.3325421214103699,0.4118058979511261,0.6411100625991821,0.3157670199871063,0.365283340215683
7E9ktJQOj8tBFRNMkLdUaC,kora,westafrica,../data/raw/audio/kora/7E9ktJQOj8tBFRNMkLdUaC.m4a,G,major,0.7154962279188434,129.19921875,63,0.4655226391631921,0.0183818017415133,2.442830801010132,0.0288094114512205,0.0212723910808563,-27.860601153676253,169.74343872070312,1030.845543369902,1321.5787956606905,0.9993875622749328,23.12925170068027,-405.1667785644531,153.99234008789062,-4.141932964324951,-1.947926640510559,11.601298332214355,-14.163504600524902,-23.861133575439453,-2.042752504348755,-11.781506538391112,-14.277254104614258,-6.570406913757324,-3.793617010116577,-1.5021003484725952,4.066666666666666,0.0180449597537517,0.0190322221808837,0.4958430528640747,0.19862043857574463,0.6933630704879761,0.17027835547924042,0.17647644877433777,0.3820214569568634,0.18696606159210205,0.5963139533996582,0.15124475955963135,0.4040124714374542,0.12017906457185745,0.1291830986738205
7u1PHaYkLixo6zONYqvrHQ,kora,westafrica,../data/raw/audio/kora/7u1PHaYkLixo6zONYqvrHQ.m4a,F#,minor,0.6001982083744315,143.5546875,68,0.4189988831353436,0.0190012010231261,4.166645526885986,0.0423559732735157,0.0202348157763481,-27.409531076216084,171.20726013183594,572.9112911480751,1049.4808955914311,0.9340833425521852,2.35827664399093,-432.9457702636719,147.8992919921875,53.428611755371094,30.36373519897461,21.28029441833496,7.689237117767334,-4.7360615730285645,-10.030417442321776,-9.294631958007812,-10.268463134765623,-12.5380859375,-9.809597969055176,-11.58061408996582,2.7,0.0040506715886294,0.0188749960953235,0.15221448242664337,0.38160887360572815,0.22981855273246765,0.12891726195812225,0.40206199884414673,0.14802692830562592,0.6008709669113159,0.38202136754989624,0.1386549472808838,0.17713099718093872,0.0891590416431427,0.14758634567260742
4oaahUdtJfsBA8HipvnbSm,kora,westafrica,../data/raw/audio/kora/4oaahUdtJfsBA8HipvnbSm.m4a,F,major,0.824485989232944,161.4990234375,79,0.3750915750915751,0.0098912527886832,4.920290946960449,0.1346341520547866,0.0581391938030719,-17.476122874076268,32.5166130065918,1606.3985515287725,2059.110602799502,1.4656449556350708,203.7641723356009,-146.7217559814453,120.81549835205078,-7.514644622802734,16.522993087768555,21.621843338012695,9.305999755859377,11.571797370910645,8.081993103027344,-2.2367138862609863,7.379657745361328,-5.541007041931152,-2.3687968254089355,-2.815260648727417,4.8,0.0046607530675828,0.0199613492682597,0.4953462481498718,0.350648432970047,0.3405587673187256,0.3094344735145569,0.4861135184764862,0.9065346717834473,0.3614688217639923,0.38787490129470825,0.3245476186275482,0.42577600479125977,0.39914822578430176,0.26732179522514343
2Ya1w0wO3IkiTl8GCQuEPT,kora,westafrica,../data/raw/audio/kora/2Ya1w0wO3IkiTl8GCQuEPT.m4a,F,minor,0.4092557801785085,161.4990234375,79,0.3739008081865225,0.0151442894100637,5.610523700714111,0.2939566969871521,0.0851907879114151,-11.817052302778633,21.78484344482422,2693.1392172553683,2924.1558709976193,1.9028078317642212,8.616780045351474,-18.8529109954834,80.80668640136719,15.64084529876709,16.844009399414062,14.174835205078123,6.178960800170898,6.5821852684021,5.66058349609375,-3.202164649963379,9.136503219604492,-4.504640102386475,3.40979266166687,-3.219399690628052,7.266666666666667,0.026043351739645,0.0176680435981364,0.3970731794834137,0.29305869340896606,0.381590873003006,0.40260621905326843,0.40345603227615356,0.7589713931083679,0.6875415444374084,0.6128917336463928,0.455366849899292,0.3624725937843323,0.5277388095855713,0.3010044991970062
64YEomh2JG8YhdmNa1RSPq,kora,westafrica,../data/raw/audio/kora/64YEomh2JG8YhdmNa1RSPq.m4a,B,major,0.7020679440209755,103.359375,49,0.5703401360544217,0.0236542900504141,5.080807209014893,0.2358207106590271,0.0527544878423213,-13.319766500078517,21.183935165405273,670.2672543937165,1150.7041964322664,1.335790753364563,245.2607709750567,-220.6395568847656,158.26731872558594,23.720806121826172,39.68344497680664,10.027881622314451,15.662251472473145,15.09391975402832,2.4114863872528076,-13.109457015991213,-15.34875202178955,-18.137901306152344,-10.769540786743164,4.862514972686768,6.1,0.0001508446584921,0.0180667693096294,0.12434443831443787,0.13485510647296906,0.12501780688762665,0.1435113251209259,0.13538454473018646,0.3675498962402344,0.6745867133140564,0.2919995188713074,0.19383974373340607,0.1479608565568924,0.415310263633728,0.8687795400619507
40sgwuGnpN1XQ3AbE9exPD,kora,westafrica,../data/raw/audio/kora/40sgwuGnpN1XQ3AbE9exPD.m4a,C#,minor,0.8267994244820971,112.34714673913044,49,0.5200302343159486,0.0271201645528715,3.3059492111206055,0.195734292268753,0.081111155450344,-15.13712574569819,27.953474044799805,1278.2570073413929,1794.1820015534506,1.1201889514923096,4.535147392290249,-153.22288513183594,148.9717559814453,9.060781478881836,21.7869815826416,9.155391693115234,-3.656061887741089,1.7005441188812256,-2.679523468017578,-5.0847859382629395,0.8589101433753967,-5.607123851776123,1.6522995233535769,-2.283757209777832,2.6,0.0041689337231218,0.0179906029667237,0.20822176337242126,0.7246455550193787,0.21518824994564056,0.18183386325836182,0.27092018723487854,0.11686602979898453,0.15203623473644257,0.12734593451023102,0.29649218916893005,0.2629829943180084,0.15654653310775757,0.311984121799469
4nufrKWttWse1HVSwFNJSW,kora,westafrica,../data/raw/audio/kora/4nufrKWttWse1HVSwFNJSW.m4a,F#,minor,0.8751299747410574,107.666015625,49,0.5592139077853363,0.0271589661752856,7.746203422546387,0.2471944838762283,0.1192544028162956,-12.08149988857212,31.149887084960938,2173.787554538217,2455.4889456138167,2.025353193283081,219.4104308390023,-66.8384780883789,100.06986236572266,-0.5482877492904663,17.806913375854492,9.472807884216309,-6.223655700683594,-4.303988456726074,1.410084843635559,-5.316876411437988,9.669663429260254,-8.379462242126465,5.474255084991455,-6.108806610107422,4.266666666666667,0.0165731534361839,0.0193345965997347,0.3753816485404968,0.5047204494476318,0.5997838973999023,0.45652472972869873,0.5498339533805847,0.46028217673301697,0.6752641797065735,0.46823209524154663,0.46332859992980957,0.6506760120391846,0.39820417761802673,0.4914347529411316
1pKPiIEuxKINF3uQI52Ihd,kora,westafrica,../data/raw/audio/kora/1pKPiIEuxKINF3uQI52Ihd.m4a,A,major,0.8720102662392267,80.74951171875,39,0.7405943430003581,0.0275718976317526,8.173096656799316,0.2299820780754089,0.1261656880378723,-13.222804722671574,27.617733001708984,1791.3354163742915,2492.3206252293494,2.0887250900268555,233.0612244897959,-123.99382019042967,116.20306396484376,41.00699615478515,17.999326705932617,7.234588146209717,1.2937837839126587,-6.620149612426758,3.2581307888031006,-6.363352298736572,-6.789568901062012,-6.8284502029418945,-2.2652788162231445,-5.989903926849365,5.766666666666667,0.0083810556679964,0.0201868854186557,0.31955888867378235,0.39640405774116516,0.5494816303253174,0.33896753191947937,0.5288528800010681,0.3574652075767517,0.41831034421920776,0.3715163767337799,0.3598712384700775,0.5837312340736389,0.33689165115356445,0.4909377098083496
6zONDwWrSN3qynCci8v98d,kora,westafrica,../data/raw/audio/kora/6zONDwWrSN3qynCci8v98d.m4a,F,major,0.660237812529697,103.359375,50,0.5819204960895923,0.0286920459351157,4.1266913414001465,0.0718252435326576,0.0256752949208021,-23.37808182241593,26.157052993774418,1410.7964276805533,1988.3650384166633,1.3879492282867432,6.621315192743764,-234.83465576171875,137.60630798339844,17.331954956054688,17.792457580566406,0.5514785051345825,-3.494110107421875,-8.950854301452637,-1.629933476448059,-11.04865264892578,-6.445333480834961,-4.127453327178955,2.769015073776245,4.713314056396484,6.733333333333333,0.0037251440808176,0.0198470749857853,0.4461684226989746,0.3115134835243225,0.4412977397441864,0.40256810188293457,0.443362832069397,0.8786774277687073,0.44465240836143494,0.294254869222641,0.19005222618579865,0.3267805576324463,0.24897560477256775,0.15331311523914337
0504BmZ0EdVRO4faj6q0Yc,kora,westafrica,../data/raw/audio/kora/0504BmZ0EdVRO4faj6q0Yc.m4a,F,major,0.5463797444977943,99.38401442307692,47,0.6037188208616779,0.0227095636484331,4.778184413909912,0.14517642557621,0.0475509203970432,-17.56944304645158,25.483983993530273,1096.6383739925052,1698.279692091458,1.483695149421692,168.34467120181407,-190.8275451660156,144.7845458984375,22.638763427734375,36.749176025390625,7.751773357391357,8.691594123840332,-4.469457149505615,8.83289623260498,5.004807949066162,1.1552038192749023,1.7773369550704956,2.6484813690185547,-1.3694993257522583,6.4,0.0022786394692957,0.0185146568890763,0.3941834270954132,0.24067331850528717,0.3324718177318573,0.37838736176490784,0.5963719487190247,0.8342710137367249,0.3743569552898407,0.32351556420326233,0.17220430076122284,0.27712613344192505,0.1429709792137146,0.16523557901382446
0nfzcEx8zmGT9kUAKok6yf,kora,westafrica,../data/raw/audio/kora/0nfzcEx8zmGT9kUAKok6yf.m4a,F,major,0.6041361055082567,112.34714673913044,56,0.5273040610183468,0.0271774403396863,6.6244611740112305,0.1200923845171928,0.0502729713916778,-18.42933856599984,75.7398910522461,2340.66525572408,2634.8879667532224,1.8241161108016968,292.1541950113379,-123.31076049804688,90.14852142333984,13.080940246582031,27.47840118408203,3.460137128829956,3.7170724868774414,-1.816254734992981,7.999254703521728,-2.166912317276001,2.827561140060425,-1.2891215085983276,3.138266324996948,-1.7774314880371094,5.933333333333334,0.0238648504018783,0.0206474055428194,0.37990206480026245,0.311945378780365,0.4038236737251282,0.396485835313797,0.30800560116767883,0.582053542137146,0.28616753220558167,0.40028226375579834,0.5351983904838562,0.5434008836746216,0.5050307512283325,0.3100857138633728
37IbDeC2CfODD3OGcAO8Vd,kora,westafrica,../data/raw/audio/kora/37IbDeC2CfODD3OGcAO8Vd.m4a,B,major,0.7056902002522568,89.10290948275862,42,0.6614855373043526,0.0295149732030186,4.2652716636657715,0.2016384750604629,0.0825952515006065,-14.535004119166166,27.743934631347656,999.3743018294564,1590.4869391297682,1.2975714206695557,4.625850340136054,-205.86817932128903,132.2526397705078,23.643718719482425,53.632179260253906,18.387771606445312,5.736664772033691,2.675837278366089,3.722153663635254,-1.37270987033844,-0.5830358266830444,-4.416920185089111,1.7754758596420288,3.6130049228668217,5.166666666666667,0.0011208286741748,0.0166471935388519,0.18078240752220154,0.15563364326953888,0.19878697395324707,0.16361911594867706,0.3109956383705139,0.15359385311603546,0.21566598117351532,0.09735032171010971,0.14608484506607056,0.2243015021085739,0.26325228810310364,0.8567264080047607
0NpH083VqdlWHUSSsotx1Z,kora,westafrica,../data/raw/audio/kora/0NpH083VqdlWHUSSsotx1Z.m4a,D#,major,0.3579833945581687,129.19921875,61,0.4802660619803476,0.0276345643699059,5.906724452972412,0.2850031554698944,0.1146239265799522,-13.290682475998349,26.30516242980957,2135.3767024288695,2659.0754322060034,1.7380446195602417,23.44671201814059,-81.46476745605469,93.08434295654295,26.82206344604492,19.33858299255371,5.702242374420166,23.13666725158691,5.379906177520752,-1.9572523832321167,3.982494354248047,14.188437461853027,-5.978633403778076,10.197761535644531,0.5333812236785889,5.0,0.0134275471791625,0.0211580608526782,0.3486999273300171,0.48771798610687256,0.7208277583122253,0.7623783946037292,0.5390902161598206,0.4543306827545166,0.42076247930526733,0.3963529169559479,0.47047191858291626,0.37053242325782776,0.40666821599006653,0.2780699133872986
6wAmjWMvgWJc6PDXfz92FA,kora,westafrica,../data/raw/audio/kora/6wAmjWMvgWJc6PDXfz92FA.m4a,G,major,0.7968627875753984,151.99908088235293,74,0.3947392290249433,0.0158467204125757,5.011317253112793,0.2236436605453491,0.063219279050827,-13.435367813928313,25.633913040161133,2122.522989517315,2533.8908624308106,1.849239945411682,100.90702947845804,-55.64536666870117,99.3634033203125,15.467887878417969,24.560434341430664,3.483975887298584,13.581289291381836,-3.555325508117676,4.324443817138672,0.0893137082457542,4.923487186431885,2.3005073070526123,6.105532646179199,-5.556474208831787,7.1,0.0145834693685173,0.0197698660003172,0.5541834235191345,0.3951849937438965,0.5186957120895386,0.36001741886138916,0.48578590154647827,0.3624233305454254,0.4581650197505951,0.5364663600921631,0.40020647644996643,0.550445020198822,0.40922173857688904,0.5378803610801697
36tR7kGlYwgi9IWpuUSbp1,kora,westafrica,../data/raw/audio/kora/36tR7kGlYwgi9IWpuUSbp1.m4a,D,major,0.6922757484178392,135.99917763157896,64,0.4223820321779505,0.0303618160953933,3.0009591579437256,0.2709693610668182,0.106712520122528,-11.836059777701664,30.48556327819824,1733.4535339130932,2235.912694761372,1.3552149534225464,37.23356009070295,-103.90187072753906,119.28878784179688,11.56712245941162,19.35286521911621,15.087006568908691,10.232479095458984,2.266335964202881,8.86682415008545,1.5219764709472656,-1.0030597448349,2.200328826904297,2.708238363265991,-2.646476984024048,3.433333333333333,0.0067125060595571,0.0208769226069258,0.15926456451416016,0.1958063840866089,0.3412068486213684,0.1982472687959671,0.28521275520324707,0.1664961278438568,0.2838006317615509,0.3323071002960205,0.33497488498687744,0.3852275311946869,0.22898542881011963,0.3937029540538788
4NDFxJrczMb3FBQxanKguk,kora,westafrica,../data/raw/audio/kora/4NDFxJrczMb3FBQxanKguk.m4a,G,minor,0.7540083157911923,89.10290948275862,45,0.663351886209029,0.0206488698079058,7.887893199920654,0.2309059649705886,0.0483526438474655,-13.327576498989298,21.471160888671875,2420.320414635324,2772.1322792958863,2.39078140258789,102.58503401360544,-46.4629020690918,86.46305084228516,17.43683433532715,27.583885192871097,7.155054092407227,2.526588678359986,-6.470997333526611,-0.2143788039684295,-8.976221084594727,-1.342514991760254,-5.584629535675049,-3.428252935409546,-9.737716674804688,8.466666666666667,0.0225785765796899,0.0190212087625554,0.567115843296051,0.4117760956287384,0.5257052779197693,0.5013886094093323,0.40490514039993286,0.5096315145492554,0.47836577892303467,0.6582038998603821,0.5826725959777832,0.5070828199386597,0.6330077648162842,0.5010398626327515
5LER6USZktM8Uxxy7O71rl,kora,westafrica,../data/raw/audio/kora/5LER6USZktM8Uxxy7O71rl.m4a,C,major,0.7689773411215357,112.34714673913044,55,0.5426589401192575,0.0363851457135088,2.980295181274414,0.1169380471110344,0.0540065988898277,-18.65403305599696,27.73713493347168,2134.3918324781807,2532.6638587931866,1.313873529434204,126.48526077097505,-156.38755798339844,91.82064819335938,16.205244064331055,38.65330505371094,8.475757598876953,2.9859132766723633,-4.0402445793151855,11.421648025512695,-19.652219772338867,7.005220890045166,-5.0081305503845215,-7.361802577972412,-1.5495234727859497,3.4,0.010726224631071,0.0204706060877678,0.8881679773330688,0.19377641379833221,0.2043304443359375,0.1532820165157318,0.2362191379070282,0.22625097632408142,0.2109285295009613,0.3132531940937042,0.2632244825363159,0.1891057938337326,0.1819700300693512,0.20554161071777344
5IRO2Zveo6SikaOasAOtZN,kora,westafrica,../data/raw/audio/kora/5IRO2Zveo6SikaOasAOtZN.m4a,G#,minor,0.8898805281466341,129.19921875,66,0.4522532705389848,0.0310482052534368,4.634420394897461,0.1490142196416854,0.0499141886830329,-16.69568232630241,28.208431243896484,1699.2693333295383,2187.749916414481,1.5547237396240234,8.253968253968255,-142.965576171875,121.8125,10.903160095214844,15.781015396118164,8.87666130065918,-1.2216962575912476,-4.978320121765137,-3.2946653366088867,-2.6449947357177734,-1.9329161643981936,-6.7314300537109375,-8.61647891998291,-7.948946475982666,5.333333333333333,0.0116445505991578,0.0194109664431587,0.17213112115859985,0.34045884013175964,0.202177494764328,0.41171708703041077,0.3267210125923157,0.28576916456222534,0.45012208819389343,0.28646591305732727,0.6734977960586548,0.22128213942050934,0.319815456867218,0.42632856965065
6ZI9EoHXoU3cJets5OdZ1Y,kora,westafrica,../data/raw/audio/kora/6ZI9EoHXoU3cJets5OdZ1Y.m4a,A,minor,0.7526871660146598,151.99908088235293,75,0.3853257338971624,0.0152306097516697,3.6777701377868657,0.2645774781703949,0.0616429522633552,-11.928860348024283,19.223783493041992,2503.1900305166223,2760.800244264786,1.3761152029037476,299.4104308390023,-7.7395830154418945,84.23334503173828,16.06899642944336,28.046390533447266,-0.055115595459938,7.244692325592041,0.7133289575576782,4.231616973876953,-6.8764777183532715,3.702158689498902,0.314933180809021,-0.8173688054084778,-6.736523151397705,7.466666666666667,0.0255810562521219,0.0178870683009804,0.5402368903160095,0.2956983149051666,0.41548070311546326,0.33673524856567383,0.5711176991462708,0.32939085364341736,0.3098748028278351,0.603583812713623,0.44132640957832336,0.6060752272605896,0.3172864317893982,0.42548051476478577
5UkxsKHHVJ96WF7UkRA78E,kora,westafrica,../data/raw/audio/kora/5UkxsKHHVJ96WF7UkRA78E.m4a,F#,minor,0.5665783907717274,123.046875,59,0.4964266166236609,0.0341772846566627,6.542819976806641,0.308174729347229,0.1216291114687919,-12.204255004356495,29.31495475769043,1961.882152058653,2534.208249962018,1.8827295303344729,19.410430839002267,-64.17051696777344,104.84201049804688,9.522727012634276,8.408492088317871,10.168922424316406,4.11102294921875,-2.4928438663482666,3.496955394744873,-3.1443605422973633,0.4129246473312378,-1.816048502922058,-1.610656976699829,-1.9525550603866575,3.6666666666666665,0.0175264757126569,0.0206504164840794,0.31698623299598694,0.4520949721336365,0.46713370084762573,0.4055543839931488,0.6258249282836914,0.5657938122749329,0.7044035196304321,0.60350501537323,0.4883347749710083,0.5589591860771179,0.37469229102134705,0.47016414999961853
3JIKbZm4XjwM2BcuK5pSHw,kora,westafrica,../data/raw/audio/kora/3JIKbZm4XjwM2BcuK5pSHw.m4a,E,major,0.7566289191403003,161.4990234375,80,0.3694618100404719,0.0128991893313076,3.286226987838745,0.1638365089893341,0.0571932084858417,-16.527854803293966,27.87401580810547,1095.8194878011043,1651.9340631100492,1.3463064432144165,280.6349206349206,-172.4753875732422,150.19761657714844,11.15407657623291,35.07047653198242,9.013036727905272,8.076109886169434,-13.240899085998535,3.667813539505005,-5.769955158233643,4.481221675872803,0.4977807998657226,-2.7063193321228027,-1.5098499059677124,5.1,0.0013232167111709,0.01759132875801,0.3443143963813782,0.34152501821517944,0.23501862585544586,0.3973676860332489,0.5593782067298889,0.25520557165145874,0.3000558316707611,0.2297573983669281,0.2735888957977295,0.3684382140636444,0.3478774130344391,0.683721661567688
3c3QcTYwyxtClqdYs8cb1H,kora,westafrica,../data/raw/audio/kora/3c3QcTYwyxtClqdYs8cb1H.m4a,G,major,0.8248321193529814,151.99908088235293,73,0.4050592088687327,0.0144226102857127,6.350980758666992,0.1374363452196121,0.0720919892191886,-16.401899386434792,32.647972106933594,2464.742047376173,2467.9343752736486,1.4717358350753784,208.07256235827663,-121.46369171142578,79.33142852783203,-1.3577570915222168,34.57429122924805,6.91363000869751,7.780930995941162,3.254570722579956,6.2724103927612305,-7.160081386566162,7.258092403411865,-1.7875560522079468,1.1489487886428833,-3.024066686630249,3.4,0.0221363455057144,0.0195028223358507,0.6004509925842285,0.35064947605133057,0.43484917283058167,0.2835920453071594,0.40814757347106934,0.2935555875301361,0.3816172480583191,0.6948735117912292,0.3494578003883362,0.3158799707889557,0.2580263912677765,0.3865932524204254
2aeoejEPxOP3Sbp5soBqR2,kora,westafrica,../data/raw/audio/kora/2aeoejEPxOP3Sbp5soBqR2.m4a,G#,minor,0.825675693651215,129.19921875,62,0.4663023679417122,0.017485286785955,4.687406539916992,0.1539110839366912,0.0527807883918285,-16.148795208443538,29.25086975097656,2057.910921944141,2217.32220304719,1.732163429260254,10.34013605442177,-105.91365051269533,98.7122802734375,-4.860477924346924,44.79202651977539,-9.032892227172852,6.438453674316406,-1.7906078100204468,3.926325798034668,-13.238203048706056,3.534010410308838,-11.5787992477417,6.032186031341553,-16.284162521362305,6.033333333333333,0.0078604687005281,0.0192476657229998,0.2908921241760254,0.350211501121521,0.2996661067008972,0.544981062412262,0.32557204365730286,0.33737924695014954,0.4353967308998108,0.303556352853775,0.5352301597595215,0.28331881761550903,0.4549342393875122,0.46756434440612793
4VPOximul51ghex5WKzSIb,kora,westafrica,../data/raw/audio/kora/4VPOximul51ghex5WKzSIb.m4a,F,major,0.5918123589204035,143.5546875,70,0.4196417890827829,0.0241499308171038,4.04905366897583,0.0408929623663425,0.0174050722271204,-27.923679642400547,27.00528335571289,1193.0100715431124,1711.789357641319,1.3292001485824585,224.17233560090705,-305.5804138183594,151.12591552734375,19.62588119506836,17.775203704833984,2.129685878753662,-0.9447879195213318,-5.286197662353516,1.7020692825317385,-3.805251359939575,-6.913686275482178,-7.027874946594238,-1.158308982849121,1.4340553283691406,5.033333333333333,0.0034475980792194,0.0203186635192955,0.5786944627761841,0.3659832775592804,0.5213361382484436,0.4585290253162384,0.538173258304596,0.5274416208267212,0.33853447437286377,0.3257659673690796,0.2704356908798218,0.47174516320228577,0.35279780626296997,0.19747893512248993
51ZaoEpokglsNDI2F0ClDN,kora,westafrica,../data/raw/audio/kora/51ZaoEpokglsNDI2F0ClDN.m4a,F,major,0.7568385307061541,143.5546875,68,0.4297424442413781,0.0193953419643879,5.700146675109863,0.0488889031112194,0.0207234025001525,-26.49670496384316,30.285682678222656,1102.1348493631835,1657.4647639181544,1.3280082941055298,259.27437641723355,-301.6411437988281,154.4038848876953,19.95022773742676,19.95658302307129,5.483418941497803,-0.2986201345920563,-3.466712951660156,4.805994987487793,-2.811521530151367,-6.538647651672363,-5.700979709625244,2.4094772338867188,3.823439121246338,4.333333333333333,0.0029869123827666,0.0208201475657617,0.5671361684799194,0.26958081126213074,0.3602484464645386,0.38270241022109985,0.38317593932151794,0.6888434886932373,0.34907305240631104,0.317281574010849,0.22367407381534576,0.31449514627456665,0.23769567906856537,0.24141071736812592
63ILYZMqZcwMlv0TdtK7Vd,kora,westafrica,../data/raw/audio/kora/63ILYZMqZcwMlv0TdtK7Vd.m4a,C#,minor,0.942689506535212,95.703125,47,0.6193670511682934,0.0454331503072642,5.16129732131958,0.1781367063522339,0.0625584498047828,-15.01087192505666,47.79019927978515,1936.061540268008,2380.898904494831,1.582302212715149,7.98185941043084,-89.92626190185547,110.4247055053711,1.698777198791504,15.658799171447754,7.62908935546875,-0.0351293124258518,1.4111562967300415,0.5214833617210388,-14.02363395690918,-2.440107583999634,-6.439949035644531,-1.6332790851593018,-8.601837158203125,5.2,0.0142406541854143,0.0203986884378546,0.3503724932670593,0.6441228985786438,0.35696446895599365,0.42639869451522827,0.6514142155647278,0.3533475399017334,0.49553507566452026,0.3757949769496918,0.5389905571937561,0.4600149691104889,0.33362090587615967,0.4712284505367279
1ozDI6N4dzkTmiW7XPqKow,kora,westafrica,../data/raw/audio/kora/1ozDI6N4dzkTmiW7XPqKow.m4a,F,major,0.8568115707965799,73.828125,34,0.8218456675599533,0.0127044605011435,9.761202812194824,0.1204675734043121,0.0571572743356227,-18.820839088839566,38.360015869140625,1871.465057649187,2346.3265993952573,1.3837072849273682,11.383219954648528,-183.05728149414065,108.05667114257812,31.66465187072754,31.279054641723633,15.97697925567627,14.20224666595459,2.23030424118042,11.579842567443848,1.9673070907592771,3.6814913749694824,-0.7455723881721497,3.864647150039673,1.3617489337921145,2.8,0.0113525735214352,0.0196678870595982,0.5842627882957458,0.25114354491233826,0.24211928248405457,0.2237236499786377,0.2641664147377014,0.5372400879859924,0.19993971288204193,0.2607678771018982,0.19589053094387054,0.27470529079437256,0.48658058047294617,0.2406996190547943
3P705vwQA045FNfUFiqjRB,kora,westafrica,../data/raw/audio/kora/3P705vwQA045FNfUFiqjRB.m4a,A,minor,0.6077547362081068,143.5546875,71,0.4202811791383219,0.0104949498075967,5.864207744598389,0.1490264981985092,0.0542324408888816,-17.46959927165651,26.997730255126953,2128.2865015591865,2716.852853779808,1.54781174659729,0.4081632653061224,-138.14576721191406,89.5011978149414,37.53543472290039,33.940467834472656,4.665508270263672,15.14597511291504,5.7681121826171875,12.821990966796877,1.0767077207565308,3.7383008003234863,-4.486443042755127,-0.2718873023986816,-5.3215179443359375,5.8,0.0121319107711315,0.0189878605373304,0.5084743499755859,0.4416649043560028,0.3904135823249817,0.31702589988708496,0.43148916959762573,0.3470768630504608,0.5022819638252258,0.47131994366645813,0.5458665490150452,0.7841952443122864,0.4391460716724396,0.5593413710594177
2YRDTr0reanrGZOTsWXdek,kora,westafrica,../data/raw/audio/kora/2YRDTr0reanrGZOTsWXdek.m4a,F#,minor,0.5985452114951677,123.046875,61,0.4802660619803476,0.017730310290991,6.216301441192627,0.3491565585136413,0.133023589849472,-10.04502880940526,20.12588882446289,2075.637323244815,2373.121399597507,2.0573980808258057,52.698412698412696,-22.302392959594727,102.8302764892578,5.589087963104248,37.71866989135742,3.982578039169311,-1.387550711631775,5.9719767570495605,1.8084977865219116,-5.859302997589111,9.538132667541504,-2.8807759284973145,3.705096960067749,-0.398463100194931,5.5,0.0178351160138845,0.0166283304777627,0.5358606576919556,0.6676114797592163,0.5101733803749084,0.4421595633029938,0.5351185202598572,0.5812867283821106,0.8486586809158325,0.7467023730278015,0.7979699373245239,0.7760855555534363,0.6459974646568298,0.6270750164985657
5FG7Tl93LdH117jEKYl3Cm,afrobeats,westafrica,../data/raw/audio/afrobeats/5FG7Tl93LdH117jEKYl3Cm.m4a,D,major,0.5331813638161784,103.359375,51,0.5772480725623582,0.0250129679849851,7.02787446975708,0.2336956709623336,0.1297489702701568,-13.30827668000702,28.175018310546875,1965.7994753183923,2313.1764516631024,1.945592164993286,135.23809523809524,-118.23363494873048,102.978759765625,7.1151933670043945,17.424955368041992,12.257555961608888,6.9179768562316895,3.5832183361053467,3.9820117950439458,-6.791723251342773,2.670541286468506,-6.670341968536377,-2.4657373428344727,-1.796514868736267,4.8,0.0140522047877311,0.0196017030245525,0.4343077540397644,0.44166210293769836,0.6760579943656921,0.5172803401947021,0.7140659093856812,0.6505652070045471,0.60924232006073,0.6286100149154663,0.5576592087745667,0.5957363247871399,0.48093336820602417,0.48668456077575684
0uNZ77FulqBuacdDEysX6E,afrobeats,westafrica,../data/raw/audio/afrobeats/0uNZ77FulqBuacdDEysX6E.m4a,G,minor,0.7753883920580168,103.359375,50,0.5823943727150723,0.0091888086889614,6.037331581115723,0.3263232707977295,0.0932392850518226,-10.38564417650433,27.835208892822266,2282.2136332749715,2719.9775658397775,1.7338440418243408,53.560090702947846,-19.89056968688965,96.5018310546875,16.334068298339844,14.33865737915039,15.577109336853027,6.031736373901367,-3.95897912979126,4.424765586853027,-2.94991397857666,6.051550388336182,-4.760530471801758,1.3846538066864014,-1.386243462562561,4.7,0.0193727444857358,0.0188978683578154,0.5123251080513,0.4068757891654968,0.5774906277656555,0.4604499638080597,0.33663904666900635,0.3765253722667694,0.40936368703842163,0.7520759701728821,0.4885103702545166,0.5026370286941528,0.4399084448814392,0.3141603469848633
0WsC4ETIXyiHDMXRaPMvKe,afrobeats,westafrica,../data/raw/audio/afrobeats/0WsC4ETIXyiHDMXRaPMvKe.m4a,F#,minor,0.635189240352767,117.45383522727272,58,0.5055432231372081,0.0184623394267755,5.806655406951904,0.2708715796470642,0.1686039865016937,-12.897875629101526,27.9473876953125,2129.767579622811,2451.378825978595,1.9532907009124756,280.2267573696145,-106.58978271484376,109.34536743164062,28.774885177612305,3.4674344062805176,12.531798362731934,16.472911834716797,-0.9320411086082458,11.593379974365234,-6.331430435180664,8.65290355682373,2.66339111328125,2.753734350204468,-1.4056344032287598,4.766666666666667,0.0191396884620189,0.0217465774647291,0.30954959988594055,0.6718288660049438,0.7053532004356384,0.38637402653694153,0.41175559163093567,0.3211507201194763,0.6041919589042664,0.41447409987449646,0.40579384565353394,0.43034225702285767,0.28683358430862427,0.2738528549671173
4kCkgD1ITALBjzBwGsf6tW,afrobeats,westafrica,../data/raw/audio/afrobeats/4kCkgD1ITALBjzBwGsf6tW.m4a,F#,minor,0.635189240352767,117.45383522727272,58,0.5055432231372081,0.0184623394267755,5.806655406951904,0.2708715796470642,0.1686039865016937,-12.897875629101526,27.9473876953125,2129.767579622811,2451.378825978595,1.9532907009124756,280.2267573696145,-106.58978271484376,109.34536743164062,28.774885177612305,3.4674344062805176,12.531798362731934,16.472911834716797,-0.9320411086082458,11.593379974365234,-6.331430435180664,8.65290355682373,2.66339111328125,2.753734350204468,-1.4056344032287598,4.766666666666667,0.0191396884620189,0.0217465774647291,0.30954959988594055,0.6718288660049438,0.7053532004356384,0.38637402653694153,0.41175559163093567,0.3211507201194763,0.6041919589042664,0.41447409987449646,0.40579384565353394,0.43034225702285767,0.28683358430862427,0.2738528549671173
3FskQrDXcY24ur2fCvz35O,afrobeats,westafrica,../data/raw/audio/afrobeats/3FskQrDXcY24ur2fCvz35O.m4a,F,minor,0.5776724803333725,135.99917763157896,65,0.443718820861678,0.0331233455493621,6.114049434661865,0.1234809830784797,0.0527658574283123,-19.782510797415476,29.98138427734375,1860.6023134072989,2353.3914616291077,1.803133487701416,85.578231292517,-178.3426055908203,98.1932373046875,16.05729866027832,32.683815002441406,6.110655784606934,23.839006423950195,-8.158458709716797,9.298954963684082,0.4307740330696106,11.21173095703125,12.681353569030762,-0.4463301599025726,0.2461511045694351,3.7333333333333334,0.0099744396284222,0.0199475351426061,0.5144285559654236,0.35992005467414856,0.4585583508014679,0.5242301821708679,0.4521329402923584,0.7013334631919861,0.4082190990447998,0.4762413203716278,0.3428075313568115,0.2799123227596283,0.3032899498939514,0.25495874881744385
44G2gUVQvNNZ6w3i05tR4n,afrobeats,westafrica,../data/raw/audio/afrobeats/44G2gUVQvNNZ6w3i05tR4n.m4a,G#,major,0.7267818884465121,99.38401442307692,48,0.6091532783326096,0.0296095408719106,6.648911952972412,0.2314736545085907,0.1069167405366897,-13.33051755665378,30.384323120117188,3089.994077697975,3121.598677592978,1.8113468885421753,6.712018140589569,-65.06292724609375,70.94602966308594,33.27361297607422,7.1325554847717285,1.856260895729065,1.158639669418335,-7.604362964630127,1.080899715423584,-6.611660480499268,4.7331061363220215,-3.0158915519714355,-2.139871120452881,-5.8267130851745605,4.166666666666667,0.0343534089624881,0.0187903086569735,0.4480462372303009,0.47804495692253113,0.45719996094703674,0.5950921773910522,0.4079303443431854,0.47148218750953674,0.46623149514198303,0.48696961998939514,0.7514765858650208,0.5242488384246826,0.6182190179824829,0.4735318124294281
6N9GrK3OSdZPgiFnXEnucr,afrobeats,westafrica,../data/raw/audio/afrobeats/6N9GrK3OSdZPgiFnXEnucr.m4a,E,minor,0.8189988164341013,117.45383522727272,56,0.5049284683570398,0.0432070845204657,6.94799280166626,0.2286953330039978,0.1115308627486229,-13.16257079723458,40.912593841552734,2667.410232832288,2498.740074028862,2.177515983581543,252.15419501133783,-94.12924194335938,78.89067840576172,14.21247673034668,14.825952529907228,-8.022753715515137,9.868489265441896,-6.7635698318481445,11.116172790527344,-11.703022003173828,4.892465591430664,-1.5304803848266602,2.9986572265625,-0.7609930634498596,5.8,0.0255266483873128,0.020745091609126,0.489396333694458,0.47662585973739624,0.4656023383140564,0.4357965290546417,0.6600227952003479,0.4272308945655823,0.4249650239944458,0.461112916469574,0.3759680390357971,0.4448537528514862,0.42302337288856506,0.5560071468353271
1MZtr7IH5qtjIkqrXj8WOJ,afrobeats,westafrica,../data/raw/audio/afrobeats/1MZtr7IH5qtjIkqrXj8WOJ.m4a,E,minor,0.4397175120989421,103.359375,51,0.5828208616780045,0.023793373207126,5.947266101837158,0.219992384314537,0.1250310838222503,-13.637783373674775,27.2289981842041,2450.0594756176447,2661.4240711883444,1.9060485363006592,135.23809523809524,-91.64624786376952,83.43758392333984,8.424914360046387,18.033082962036133,8.90471076965332,-0.5000888109207153,-2.8304548263549805,-1.7098896503448486,-11.38926601409912,0.1840422004461288,-9.098602294921877,-4.419862270355225,-6.698735237121582,5.433333333333334,0.023200400173664,0.0186387877275894,0.4694059491157532,0.45283401012420654,0.6233281493186951,0.5365919470787048,0.7519137859344482,0.7126022577285767,0.6632747054100037,0.741645872592926,0.6021246910095215,0.6410912871360779,0.5011425614356995,0.4822060167789459
6KFWubocLBhrLs31RpEdR9,afrobeats,westafrica,../data/raw/audio/afrobeats/6KFWubocLBhrLs31RpEdR9.m4a,D,minor,0.6759415265407794,151.99908088235293,67,0.4123301037586752,0.0343125782681294,7.680312633514404,0.0789227411150932,0.0295622181147336,-23.227448978060295,24.467071533203125,2126.980789573831,2508.752960145079,1.9606510400772097,249.1609977324263,-223.3584747314453,96.09125518798828,38.81803131103515,38.4505729675293,6.243039608001709,12.377555847167969,-1.02133309841156,6.131232738494873,-1.5320641994476318,5.25730562210083,-1.146617412567139,6.587814807891846,-0.7686777114868164,3.8,0.0136637315154075,0.0203843816257265,0.3999656140804291,0.4207463264465332,0.5150305032730103,0.28377166390419006,0.3515588939189911,0.46223515272140503,0.37927621603012085,0.5253471732139587,0.3459124267101288,0.5137665271759033,0.3090318739414215,0.3028569519519806
2vK93nwA5PNJVQa3OXeg5Y,afrobeats,westafrica,../data/raw/audio/afrobeats/2vK93nwA5PNJVQa3OXeg5Y.m4a,C,major,0.797319548039243,103.359375,46,0.5825628621819099,0.0420594573650802,8.394458770751953,0.2958746552467346,0.1338179260492324,-10.476181014261694,58.854949951171875,2273.755345047827,2543.8729465352485,1.7317862510681152,59.72789115646258,-48.59728240966797,88.12699127197266,2.1671602725982666,15.328935623168944,3.8161370754241943,13.015643119812012,0.5912731885910034,2.328078031539917,-11.606929779052734,2.4283971786499023,-4.541398048400879,0.6764684319496155,-8.439104080200195,3.1666666666666665,0.0151848811656236,0.0196764524204501,0.5929635763168335,0.39430636167526245,0.5340510606765747,0.3120470643043518,0.41857096552848816,0.42523008584976196,0.31415030360221863,0.4851418137550354,0.3650260865688324,0.49199455976486206,0.34051188826560974,0.44579067826271057
1lEhZRJ67hhF1EaBEXetYF,afrobeats,westafrica,../data/raw/audio/afrobeats/1lEhZRJ67hhF1EaBEXetYF.m4a,B,major,0.7585775671852135,123.046875,62,0.480005947734285,0.023680289891611,7.213806629180908,0.2550025284290313,0.1125660240650177,-11.778113353024484,179.89524841308594,2243.360870137727,2508.80621000625,2.0281732082366943,11.201814058956916,-72.92354583740234,94.02638244628906,5.799519062042236,16.124826431274414,14.434534072875977,-0.4847402572631836,-0.0869865268468856,1.2976419925689695,-9.382732391357422,7.092602729797363,-4.403476238250732,-2.639131546020508,-2.727128744125366,4.7,0.0280430857092142,0.0194457748359682,0.3981799781322479,0.47493457794189453,0.36298704147338867,0.4771499037742615,0.5197001099586487,0.45833057165145874,0.7413243651390076,0.541732668876648,0.5609873533248901,0.4694775938987732,0.5494556427001953,0.6574440002441406
5mN3xSyvCmFy1jkdA98IfS,afrobeats,westafrica,../data/raw/audio/afrobeats/5mN3xSyvCmFy1jkdA98IfS.m4a,G,minor,0.5019483125290046,129.19921875,61,0.4771700680272108,0.0269541570263802,6.25323486328125,0.351216197013855,0.0954855978488922,-10.281350064345316,23.39340591430664,1628.1881788563508,2198.1712688261214,1.820099711418152,140.72562358276645,-62.3181037902832,119.04077911376952,9.295695304870604,19.026857376098633,-2.487260103225708,-6.460464954376221,0.2951924204826355,-3.1785521507263184,-5.874561786651611,-4.756478309631348,-8.452391624450684,-5.574903964996338,-8.768743515014648,4.4,0.007831078954041,0.0187485319437788,0.4687703549861908,0.3089882433414459,0.4257790148258209,0.3951893746852875,0.4016508162021637,0.6488332152366638,0.49000284075737,0.7608509659767151,0.5944235920906067,0.4293818473815918,0.4566227197647095,0.3523545563220978
1AtBzcUzKLh4BGwXhFA9K6,afrobeats,westafrica,../data/raw/audio/afrobeats/1AtBzcUzKLh4BGwXhFA9K6.m4a,A,minor,0.6221736076103296,99.38401442307692,50,0.5994539312323569,0.0089911767985905,6.615561008453369,0.3374338448047638,0.1102693751454353,-10.593708811187604,24.77699279785156,2253.030527150475,2831.3619071741728,1.75227952003479,268.390022675737,-51.20964431762695,91.22721862792967,37.77667999267578,24.28261947631836,7.464887619018555,5.420179843902588,-1.9069658517837524,6.82553243637085,-5.701663970947266,1.6775715351104736,0.9282066226005554,0.8959770202636719,-0.7618295550346375,5.4,0.0125757399946451,0.0190695683495326,0.41470038890838623,0.3508029878139496,0.42372390627861023,0.4550134539604187,0.7190634608268738,0.41740337014198303,0.3449961841106415,0.5429491400718689,0.5684991478919983,0.7292914986610413,0.46131631731987,0.46031585335731506
0lk5tzmaJWVAv5GBvpm3xu,afrobeats,westafrica,../data/raw/audio/afrobeats/0lk5tzmaJWVAv5GBvpm3xu.m4a,G,minor,0.7665898864400934,107.666015625,51,0.5558857142857143,0.009752380952381,9.180390357971191,0.1915554404258728,0.0920750871300697,-14.43732603926241,29.83578109741211,2659.151399150937,2760.381271505609,2.2682137489318848,250.29478458049888,-111.14398956298828,69.82742309570312,18.6077938079834,12.905137062072754,-4.525448322296143,-1.2975990772247314,-6.40387487411499,-7.981182098388672,-17.711864471435547,-7.536758422851563,-5.5953898429870605,-11.043170928955078,-6.913929462432861,4.1,0.0282111335545778,0.0203538891655204,0.4882151484489441,0.28339868783950806,0.42405909299850464,0.31250494718551636,0.23041054606437683,0.40744760632514954,0.2827422022819519,0.6463004946708679,0.28724169731140137,0.2808881402015686,0.3501802980899811,0.24930402636528015
0VjzaXw81JQJM61pzWwP8b,afrobeats,westafrica,../data/raw/audio/afrobeats/0VjzaXw81JQJM61pzWwP8b.m4a,D,minor,0.4770780985818609,123.046875,60,0.4978515700065337,0.034005827567672,6.781012058258057,0.2601518332958221,0.1215140670537948,-13.103913933064437,26.818893432617188,2201.7730060886433,2659.3751378476145,1.941349983215332,282.53968253968253,-83.04202270507812,91.22010803222656,29.170427322387695,28.019371032714844,10.387081146240234,12.705286979675291,3.8669373989105225,-0.0383869558572769,-7.330323219299316,7.067241668701172,-9.55331039428711,5.118542194366455,-1.4604120254516602,5.1,0.0165775381028652,0.0172139882566494,0.5653858780860901,0.6571776866912842,0.8056096434593201,0.5037918090820312,0.5580971837043762,0.43717578053474426,0.37483033537864685,0.5145419836044312,0.3793567717075348,0.46557044982910156,0.2725999355316162,0.3003157675266266
1AVVencV5yF6KzISmmjUbg,afrobeats,westafrica,../data/raw/audio/afrobeats/1AVVencV5yF6KzISmmjUbg.m4a,G#,major,0.5928258862476985,129.19921875,65,0.4517006802721088,0.0287126051750698,5.860483646392822,0.1778376698493957,0.0895616114139556,-15.49796998940325,42.98774337768555,2705.031801268906,2796.9034618246014,2.0224804878234863,44.08163265306123,-119.61557006835938,83.05126953125,19.767290115356445,15.093341827392578,20.3087215423584,-4.605483531951904,2.00520658493042,-1.757770538330078,-18.472055435180664,0.9948464035987854,-7.650136470794678,0.9003376960754395,-1.8793474435806272,5.333333333333333,0.0285550169646739,0.0210226500593545,0.6086350083351135,0.5766416192054749,0.4123121201992035,0.43001124262809753,0.33834218978881836,0.2770225703716278,0.24359121918678284,0.39430952072143555,0.5767059326171875,0.4597562849521637,0.4470846951007843,0.41307610273361206
3F5CgOj3wFlRv51JsHbxhe,afrobeats,westafrica,../data/raw/audio/afrobeats/3F5CgOj3wFlRv51JsHbxhe.m4a,F,minor,0.5848860251238144,103.359375,49,0.5814663643235072,0.0227104596836145,6.832639217376709,0.3092355132102966,0.1462261974811554,-11.050756176685727,53.05390548706055,2840.1274208968343,2790.923674925965,2.0604560375213623,165.3061224489796,-59.457611083984375,70.51242065429688,22.704505920410156,20.501890182495117,11.24305534362793,9.395605087280272,-3.600534200668335,10.946829795837402,-3.1046581268310547,11.4344482421875,5.935947418212891,7.308974742889404,2.65916109085083,5.233333333333333,0.0258797984570264,0.0217525928918441,0.5033953189849854,0.3933236300945282,0.3425649404525757,0.3755490779876709,0.4029868543148041,0.55399489402771,0.4206204116344452,0.5686063766479492,0.5904494524002075,0.4980994462966919,0.5691323280334473,0.4223425090312958
5fC069mGvqIEewBM1vCZKy,afrobeats,westafrica,../data/raw/audio/afrobeats/5fC069mGvqIEewBM1vCZKy.m4a,G,minor,0.5776149168473028,95.703125,49,0.620650037792895,0.0428520848428524,7.900783061981201,0.221931904554367,0.1154567375779151,-14.03773634141707,32.182247161865234,2427.61038093173,2640.9631527591023,2.108780860900879,63.265306122448976,-123.1740264892578,84.3124008178711,20.671632766723633,23.060527801513672,19.683334350585938,0.1503018140792846,3.0724291801452637,15.79441261291504,-10.723248481750488,5.1032490730285645,-0.4739574491977691,-1.7055641412734983,2.026561498641968,4.7,0.016573304310441,0.018611973659688,0.5958632826805115,0.5456351637840271,0.5887905359268188,0.4988870918750763,0.5355544686317444,0.5091887712478638,0.5087371468544006,0.6940253973007202,0.5500028133392334,0.7058231830596924,0.5801637768745422,0.4673687219619751
0AzAaHxrFAP9x0LXWDDfkp,afrobeats,westafrica,../data/raw/audio/afrobeats/0AzAaHxrFAP9x0LXWDDfkp.m4a,F,major,0.9397780754896594,117.45383522727272,58,0.5079874288896845,0.027532747956693,4.00205135345459,0.2641213834285736,0.1109795942902565,-12.51566794452508,24.344404220581055,2629.135379458582,3175.044113071553,1.4418134689331057,16.91609977324263,-66.53248596191406,98.51106262207033,38.84141159057617,-3.715344190597534,20.086769104003903,5.128200054168701,6.864966869354248,2.577138185501098,-2.0926003456115723,7.085208892822266,-5.705833435058594,-3.79121732711792,-5.95557165145874,4.7,0.0160296391695737,0.0194159342252566,0.5727929472923279,0.2755626142024994,0.2935250699520111,0.20873866975307465,0.3365451991558075,0.7176477909088135,0.3155190050601959,0.44167038798332214,0.3071570098400116,0.4837287366390228,0.40113481879234314,0.25498315691947937
5vBSmiYdx3PRYM3VynXWkj,afrobeats,westafrica,../data/raw/audio/afrobeats/5vBSmiYdx3PRYM3VynXWkj.m4a,D#,major,0.5944750298279751,117.45383522727272,56,0.5171717171717172,0.0112493609538171,5.691964149475098,0.3299098014831543,0.1133551225066185,-11.575312947813323,23.28942489624023,2115.880318566807,2611.8945137512123,1.7146512269973757,131.38321995464852,-39.579124450683594,96.3857879638672,21.584272384643555,24.246597290039062,5.0509748458862305,10.62824821472168,-3.0216760635375977,9.687864303588867,-3.618244647979736,12.49958610534668,0.9541450142860411,1.908245086669922,1.893692970275879,5.866666666666666,0.0110797053202986,0.0178849560661705,0.5098676681518555,0.39207926392555237,0.4525843858718872,0.8338942527770996,0.6884961724281311,0.6955941915512085,0.46453219652175903,0.4600072205066681,0.5127578973770142,0.35208597779273987,0.5467302203178406,0.3023856580257416
5YbPxJwPfrj7uswNwoF1pJ,afrobeats,westafrica,../data/raw/audio/afrobeats/5YbPxJwPfrj7uswNwoF1pJ.m4a,F,minor,0.670718970926712,117.45383522727272,56,0.5264596990311275,0.0535121695511653,7.559761047363281,0.2434916049242019,0.1291802078485489,-13.340753711124115,31.61407470703125,2375.9058278419543,2591.390080785154,1.7574228048324585,279.7278911564626,-52.95832443237305,92.04273223876952,7.8564372062683105,22.85637664794922,2.8601160049438477,15.574373245239258,-2.1463801860809326,1.9975457191467283,-7.737096786499023,2.1962790489196777,2.3766348361968994,5.5009236335754395,-0.2489715665578842,4.666666666666667,0.0213673803955316,0.0190696541538938,0.3823116421699524,0.3968998193740845,0.3195438086986542,0.41461804509162903,0.493204265832901,0.8093048930168152,0.5070080161094666,0.4475509524345398,0.5381101369857788,0.42497408390045166,0.6113324165344238,0.33130478858947754
2UxfLzrOzdHlwrIzjhsHT2,afrobeats,westafrica,../data/raw/audio/afrobeats/2UxfLzrOzdHlwrIzjhsHT2.m4a,C#,major,0.7225209997645202,151.99908088235293,75,0.3928565299993871,0.0228265125733658,5.522943019866943,0.2791353464126587,0.0921094268560409,-12.470417022455246,27.467378616333008,1965.4977331190812,2515.7866338695853,1.8321000337600708,109.61451247165532,-49.72977066040039,109.29762268066406,12.633770942687988,15.562373161315918,7.168605327606201,1.2264119386672974,4.452327728271484,4.878794193267822,-7.182407855987549,6.490262508392334,-6.116603374481201,0.925554096698761,3.924596548080444,5.3,0.0131045496091246,0.0181918022430704,0.4349447786808014,0.8510819673538208,0.5521376729011536,0.5515590906143188,0.5716201066970825,0.5887883305549622,0.6667628288269043,0.5721940994262695,0.6630975008010864,0.45902779698371887,0.3529090881347656,0.3351016342639923
6bqlNzdVBe9wo5zkh5yjDX,afrobeats,westafrica,../data/raw/audio/afrobeats/6bqlNzdVBe9wo5zkh5yjDX.m4a,F#,minor,0.2914625731386819,123.046875,59,0.5000297130346392,0.0216519147670368,8.65332317352295,0.2676014006137848,0.1275294572114944,-12.004543926239185,29.42404556274414,2720.287345391897,2683.460012018405,2.105210304260254,18.2312925170068,-41.82506561279297,74.02043914794922,-2.006812810897827,21.40475273132324,12.862579345703123,8.635315895080566,1.6907678842544556,-0.5114253163337708,-6.513454914093018,9.703608512878418,-1.4387524127960205,7.591320514678955,2.2616302967071533,5.3,0.0504690706729888,0.0188751648385827,0.5193436741828918,0.5560413599014282,0.5126233696937561,0.46650421619415283,0.520125687122345,0.6025669574737549,0.8203028440475464,0.9120967984199524,0.898931622505188,0.8191723823547363,0.7135595679283142,0.6033821702003479
57DarSfRMIVRCeDBGW0l5S,afrobeats,westafrica,../data/raw/audio/afrobeats/57DarSfRMIVRCeDBGW0l5S.m4a,F,minor,0.670718970926712,117.45383522727272,56,0.5264596990311275,0.0535121695511653,7.559761047363281,0.2434916049242019,0.1291802078485489,-13.340753711124115,31.61407470703125,2375.9058278419543,2591.390080785154,1.7574228048324585,279.7278911564626,-52.95832443237305,92.04273223876952,7.8564372062683105,22.85637664794922,2.8601160049438477,15.574373245239258,-2.1463801860809326,1.9975457191467283,-7.737096786499023,2.1962790489196777,2.3766348361968994,5.5009236335754395,-0.2489715665578842,4.666666666666667,0.0213673803955316,0.0190696541538938,0.3823116421699524,0.3968998193740845,0.3195438086986542,0.41461804509162903,0.493204265832901,0.8093048930168152,0.5070080161094666,0.4475509524345398,0.5381101369857788,0.42497408390045166,0.6113324165344238,0.33130478858947754
2ZFAAhOIIFuIKFWuE59UtM,afrobeats,westafrica,../data/raw/audio/afrobeats/2ZFAAhOIIFuIKFWuE59UtM.m4a,G,minor,0.7665898864400934,107.666015625,51,0.5558857142857143,0.009752380952381,9.180390357971191,0.1915554404258728,0.0920750871300697,-14.43732603926241,29.83578109741211,2659.151399150937,2760.381271505609,2.2682137489318848,250.29478458049888,-111.14398956298828,69.82742309570312,18.6077938079834,12.905137062072754,-4.525448322296143,-1.2975990772247314,-6.40387487411499,-7.981182098388672,-17.711864471435547,-7.536758422851563,-5.5953898429870605,-11.043170928955078,-6.913929462432861,4.1,0.0282111335545778,0.0203538891655204,0.4882151484489441,0.28339868783950806,0.42405909299850464,0.31250494718551636,0.23041054606437683,0.40744760632514954,0.2827422022819519,0.6463004946708679,0.28724169731140137,0.2808881402015686,0.3501802980899811,0.24930402636528015
5pAbCxt9e3f81lOmjIXwzd,afrobeats,westafrica,../data/raw/audio/afrobeats/5pAbCxt9e3f81lOmjIXwzd.m4a,E,minor,0.7726588430183098,129.19921875,65,0.4662131519274376,0.0276285407542797,5.102413654327393,0.1606013029813766,0.0970704853534698,-14.94591579359224,155.95668029785156,2127.3521781627396,2129.100218290212,1.7095353603363037,34.37641723356009,-137.2586212158203,99.0438232421875,-8.126368522644043,5.58418607711792,-6.872836589813232,-9.39942741394043,-12.64852809906006,-16.47781753540039,-3.278015613555908,-9.23593807220459,-9.230748176574709,1.0005213022232056,-5.179351329803467,4.733333333333333,0.0171738229691982,0.02000251596324,0.39604058861732483,0.26167500019073486,0.32452842593193054,0.2570209801197052,0.44958779215812683,0.25272926688194275,0.3939191699028015,0.580549955368042,0.3668149709701538,0.4068126380443573,0.3090929090976715,0.5842010974884033
6NcSi0HjkHbnH038uVg8OV,afrobeats,westafrica,../data/raw/audio/afrobeats/6NcSi0HjkHbnH038uVg8OV.m4a,F#,minor,0.3680652990684678,103.359375,53,0.5720146520146521,0.0164371936289636,8.651012420654297,0.0853550285100936,0.0507267341017723,-22.183650095688417,36.27251434326172,2689.0222550701783,2843.0285794828083,2.200345754623413,132.42630385487527,-221.09304809570312,70.54843139648438,39.8775749206543,22.010942459106445,4.559866428375244,8.585622787475586,-0.2790725827217102,1.3191908597946167,-6.626395225524902,0.8803144097328186,-5.276301383972168,-4.9385881423950195,-3.763236522674561,4.266666666666667,0.0279332213103771,0.016729890577857,0.5061261653900146,0.5441015362739563,0.49776843190193176,0.5552740097045898,0.6698294878005981,0.7408777475357056,0.8415617346763611,0.7055133581161499,0.8290271162986755,0.6478732824325562,0.5296393036842346,0.4826076328754425
33afUiBRLibqe53ymIdtw3,afrobeats,westafrica,../data/raw/audio/afrobeats/33afUiBRLibqe53ymIdtw3.m4a,C,major,0.896175817896197,123.046875,59,0.4976276487606537,0.0418297268629661,4.084390163421631,0.2111319601535797,0.0755057781934738,-14.72171671581852,24.164491653442383,2513.3360710984516,3039.8006067718297,1.3872098922729492,4.761904761904763,-81.70558166503906,89.08055114746094,33.018768310546875,9.58806324005127,12.499135971069336,-0.8925569653511047,-0.229395255446434,5.059195518493652,-16.066919326782227,2.1843903064727783,-2.259443521499634,0.8268916606903076,-1.9640337228775024,4.366666666666666,0.0128388479351997,0.0192897202845303,0.6586967706680298,0.3500719666481018,0.44769567251205444,0.3504455089569092,0.46344682574272156,0.3408234417438507,0.33436787128448486,0.5556350350379944,0.37207379937171936,0.46404626965522766,0.26212918758392334,0.3141721487045288
5qZxyUzCBfJnALNDKneQfH,afrobeats,westafrica,../data/raw/audio/afrobeats/5qZxyUzCBfJnALNDKneQfH.m4a,C#,minor,0.6353657164306278,95.703125,48,0.621998359627539,0.0219167450814171,8.359564781188965,0.2846050858497619,0.0933978855609893,-12.744959301735983,23.84005355834961,1693.423095838583,2269.9473135322137,1.925621032714844,292.56235827664403,-74.1048355102539,120.52140808105467,21.822044372558594,19.07125663757324,2.994842767715454,14.203727722167969,-5.1679768562316895,-2.7302560806274414,-6.880510330200195,0.0855299085378646,-3.210015296936035,5.012643337249756,-3.090625286102295,5.0,0.0082372659817337,0.020822898979082,0.44143176078796387,0.7751480340957642,0.5800983309745789,0.6408157348632812,0.6380805373191833,0.438945472240448,0.5392735600471497,0.3808431625366211,0.49578073620796204,0.280784547328949,0.292583703994751,0.38205042481422424
10FJRxGgHlM7cHQwbFNdX4,afrobeats,westafrica,../data/raw/audio/afrobeats/10FJRxGgHlM7cHQwbFNdX4.m4a,F#,minor,0.6612640769127642,107.666015625,52,0.5604659641634431,0.0268198243038081,9.23874855041504,0.1725587248802185,0.1196510791778564,-16.233394186317046,40.75172424316406,2301.8397677918506,2404.432425952789,1.859341025352478,2.9478458049886624,-120.87210845947266,89.33866119384766,6.046106338500977,25.194448471069336,8.159523010253906,8.292153358459473,-9.203409194946287,2.098432779312134,-10.339683532714844,2.1892333030700684,-5.404876708984375,-1.6229560375213623,0.8754838109016418,3.533333333333333,0.0307763461023569,0.0174369958717854,0.54660964012146,0.8362023234367371,0.7070353627204895,0.7019460797309875,0.668170690536499,0.5775869488716125,0.7898929715156555,0.5983090400695801,0.6282190084457397,0.6672608256340027,0.43281054496765137,0.4839969873428345
