track_id,title,artist,artist_id,genre,country_origin,decade,corpus,tradition,spotify_url,spotify_markets,duration_ms,popularity,release_date,itunes_id,itunes_url,itunes_genre,preview_path,preview_source,isrc,mb_genres,mb_country,spotify_artist_genres
3nAd0WfZ6L6JpSUVkSneD4,Courage,Compas Express,5PKL96WQI9AfALShuIdEp1,compas,UNK,2010s,caribbean,,https://open.spotify.com/track/3nAd0WfZ6L6JpSUVkSneD4,,514053,0,2011-03-10,427116763,https://music.apple.com/us/album/courage/427116759?i=427116763&uo=4,Worldwide,data/raw/audio/compas/3nAd0WfZ6L6JpSUVkSneD4.m4a,itunes,uscgh1181745,,,
11aYR5P0rt3S8xoTQAFnsh,Konpa Forêt Des Pins,Sweet Micky,05geNTZ09mJ7s6OguQySjc,compas,UNK,2010s,caribbean,,https://open.spotify.com/track/11aYR5P0rt3S8xoTQAFnsh,,304666,0,2018-05-26,1392654104,https://music.apple.com/us/album/for%C3%AAt-des-pins-live/1392653369?i=1392654104&uo=4,Worldwide,data/raw/audio/compas/11aYR5P0rt3S8xoTQAFnsh.m4a,itunes,TCADQ1884286,,,
2DwGRZehHXB56Vvo8XVZrE,Konpa panash,Daan Junior,1mOEe4YuD4hBTa1xyzSBfs,compas,UNK,2000s,caribbean,,https://open.spotify.com/track/2DwGRZehHXB56Vvo8XVZrE,,355666,0,2006,903488036,https://music.apple.com/us/album/konpa-panash/903488024?i=903488036&uo=4,Cajun,data/raw/audio/compas/2DwGRZehHXB56Vvo8XVZrE.m4a,itunes,FR6V82679526,,,
66MNPmfZD8UyECxytEDlok,Compas Roussi,Orchestre Tropicana,4vIte2BGdD7snRRdwABY09,compas,UNK,2010s,caribbean,,https://open.spotify.com/track/66MNPmfZD8UyECxytEDlok,,824733,0,2010-02-08,356559552,https://music.apple.com/us/album/compas-roussi/356559542?i=356559552&uo=4,Worldwide,data/raw/audio/compas/66MNPmfZD8UyECxytEDlok.m4a,itunes,uscgh1014218,,,
1HtbpdUHGB42LmP4DBvD0J,Relax,Ti Kabzy,6f1NeTjsouqhZf6SaJOQKD,compas,UNK,2010s,caribbean,,https://open.spotify.com/track/1HtbpdUHGB42LmP4DBvD0J,,410306,0,2015-11-12,1822196983,https://music.apple.com/us/album/relax/1822196981?i=1822196983&uo=4,Worldbeat,data/raw/audio/compas/1HtbpdUHGB42LmP4DBvD0J.m4a,itunes,QM7281598293,,,
6vSGww1ki10GWPwP5SbFJR,Lelene Cherie,Shoogar Combo,3QD5KF3iSiBXmlRClcuhWF,compas,UNK,2010s,caribbean,,https://open.spotify.com/track/6vSGww1ki10GWPwP5SbFJR,,647893,0,2010-01-26,968811018,https://music.apple.com/us/album/lelene-ch%C3%A9rie/968809192?i=968811018&uo=4,Worldwide,data/raw/audio/compas/6vSGww1ki10GWPwP5SbFJR.m4a,itunes,uscgh1002769,,,
0a9ccbWaagKhxLy6uDmDxz,CIA,Carimi,7sDhzCtTnUnJc3drYannat,compas,UNK,2010s,caribbean,,https://open.spotify.com/track/0a9ccbWaagKhxLy6uDmDxz,,328031,0,2013-11-01,732786245,https://music.apple.com/us/album/cia/732786186?i=732786245&uo=4,Caribbean,data/raw/audio/compas/0a9ccbWaagKhxLy6uDmDxz.m4a,itunes,FR6V82073937,,,
4dqYIcB0YWsaWamg7sy8yT,Vie Musicien,Compas Express,5PKL96WQI9AfALShuIdEp1,compas,UNK,2010s,caribbean,,https://open.spotify.com/track/4dqYIcB0YWsaWamg7sy8yT,,566613,0,2011-03-10,427116762,https://music.apple.com/us/album/vie-musicien/427116759?i=427116762&uo=4,Worldwide,data/raw/audio/compas/4dqYIcB0YWsaWamg7sy8yT.m4a,itunes,uscgh1181744,,,
28UIO1DJniieh8KdJrWu38,Compas Micky,Michel Martelly,6LGUFoTcwTAWz1G0Bs2OZ7,compas,UNK,2010s,caribbean,,https://open.spotify.com/track/28UIO1DJniieh8KdJrWu38,,818346,0,2013-02-04,666173228,https://music.apple.com/us/album/compas-micky/666173225?i=666173228&uo=4,Caribbean,data/raw/audio/compas/28UIO1DJniieh8KdJrWu38.m4a,itunes,FR6V81828833,,,
4GXkqACWesUbbksmHyy0ij,Haitian Compas Festival (Original Soundtrack),AndyBeatz,5BOPrDa0zWmREwrBHr3hs9,compas,UNK,2020s,caribbean,,https://open.spotify.com/track/4GXkqACWesUbbksmHyy0ij,,65332,0,2024-04-10,1740714090,https://music.apple.com/us/album/haitian-compas-festival-original-soundtrack/1740714089?i=1740714090&uo=4,Worldwide,data/raw/audio/compas/4GXkqACWesUbbksmHyy0ij.m4a,itunes,QZK6P2418425,,,
6amsRP2Czn4ZGNnkKlWs16,Compas national,Accolade,2QaSK5qHaivrIOiIgidzW3,compas,UNK,2000s,caribbean,,https://open.spotify.com/track/6amsRP2Czn4ZGNnkKlWs16,,304040,0,2003,812251590,https://music.apple.com/us/album/compas-national/812251291?i=812251590&uo=4,Worldwide,data/raw/audio/compas/6amsRP2Czn4ZGNnkKlWs16.m4a,itunes,FR6V82164747,,,
4OVW8eMjcitrqvN8OIjlzo,Haiti Mwen,Top Vice,1FcsN6DnlCJOoquv63WyCO,compas,US,1990s,caribbean,,https://open.spotify.com/track/4OVW8eMjcitrqvN8OIjlzo,,447466,0,1999-01-01,1686907263,https://music.apple.com/us/album/haiti-mwen/1686907249?i=1686907263&uo=4,Latin,data/raw/audio/compas/4OVW8eMjcitrqvN8OIjlzo.m4a,itunes,GBLPF6760486,,US,
3yTE6IOdcYLlV6TnCzjPA1,Fè Lapli,Mikaben,3KoKlLuiiCm6rUS9BO89Fp,compas,UNK,2020s,caribbean,,https://open.spotify.com/track/3yTE6IOdcYLlV6TnCzjPA1,,226367,0,2021-08-02,1579884581,https://music.apple.com/us/album/f%C3%A8-lapli-feat-kenny-haiti/1579884580?i=1579884581&uo=4,Worldwide,data/raw/audio/compas/3yTE6IOdcYLlV6TnCzjPA1.m4a,itunes,TCAFQ2181222,,,
0luMzwvDZz5b6qtG5PkB22,M Pap Padone'w,kdilak mesaje a,41LfzAKDgFA3WzxRTL5fEv,compas,UNK,2010s,caribbean,,https://open.spotify.com/track/0luMzwvDZz5b6qtG5PkB22,,255326,0,2019-11-02,1731209264,https://music.apple.com/us/album/m-pap-padonew/1731208975?i=1731209264&uo=4,Alternative,data/raw/audio/compas/0luMzwvDZz5b6qtG5PkB22.m4a,itunes,TCAEM1983170,,,
4blJBuVIajkXrLzWjLch2N,Message,Compas Express,5PKL96WQI9AfALShuIdEp1,compas,FR,2010s,caribbean,,https://open.spotify.com/track/4blJBuVIajkXrLzWjLch2N,,490226,0,2011-03-10,427116761,https://music.apple.com/us/album/message/427116759?i=427116761&uo=4,Worldwide,data/raw/audio/compas/4blJBuVIajkXrLzWjLch2N.m4a,itunes,uscgh1181743,,FR,
0Ar7evllh7xHH3uZveSDdo,Top BJJ se li mwen vle Official audio Haitian Compas,RubensTopBJJ,5bgjWrE9eAkiPKqJDuWpbn,compas,UNK,2020s,caribbean,,https://open.spotify.com/track/0Ar7evllh7xHH3uZveSDdo,,307919,0,2026-02-04,1875661929,https://music.apple.com/us/album/top-bjj-se-li-mwen-vle-official-audio-haitian-compas/1875661928?i=1875661929&uo=4,Singer/Songwriter,data/raw/audio/compas/0Ar7evllh7xHH3uZveSDdo.m4a,itunes,QZHNC2657069,,,
4tMDplWclTGxKxrnOGJy8J,Top BJJ by Wissy (Fèw viv) Official Audio Haitian Compas,RubensTopBJJ,5bgjWrE9eAkiPKqJDuWpbn,compas,UNK,2020s,caribbean,,https://open.spotify.com/track/4tMDplWclTGxKxrnOGJy8J,,249614,0,2026-02-05,1875790653,https://music.apple.com/us/album/top-bjj-by-wissy-f%C3%A8w-viv-official-audio-haitian-compas/1875790652?i=1875790653&uo=4,Worldwide,data/raw/audio/compas/4tMDplWclTGxKxrnOGJy8J.m4a,itunes,QZHNC2657115,,,
4569sM0HnxgbZloyPOIB70,Compass of Kompa (Kompa Gouyad),Haitianbeats,1qOlu7lbAkX5luOyVc58UC,compas,UNK,2020s,caribbean,,https://open.spotify.com/track/4569sM0HnxgbZloyPOIB70,,196600,0,2025-04-26,1811742206,https://music.apple.com/us/album/compass-of-kompa-kompa-gouyad/1811741897?i=1811742206&uo=4,Worldwide,data/raw/audio/compas/4569sM0HnxgbZloyPOIB70.m4a,itunes,USHM22537009,,,
0s25z8PjpKE196nyAvMdwL,Compas direct,Ensemble Aux Calebasses,4s5SGYoWyUoQO5Uy8eQuwB,compas,UNK,2010s,caribbean,,https://open.spotify.com/track/0s25z8PjpKE196nyAvMdwL,,205714,0,2018-04-28,464233405,https://music.apple.com/us/album/compas-direct/464233373?i=464233405&uo=4,Caribbean,data/raw/audio/compas/0s25z8PjpKE196nyAvMdwL.m4a,itunes,CA5KR1807907,,,
2LLC986CtUQiGb8xrxXpBC,Compas direct,Nemours Jean-Baptiste,7I8cyYMAtZEnUt0ms3Tpy0,compas,UNK,2020s,caribbean,,https://open.spotify.com/track/2LLC986CtUQiGb8xrxXpBC,,205008,0,2020-03-27,1502762129,https://music.apple.com/us/album/compas-direct/1502761595?i=1502762129&uo=4,Worldwide,data/raw/audio/compas/2LLC986CtUQiGb8xrxXpBC.m4a,itunes,CA5KR2022434,,,
4crPoq823VZmAnigUrjLz3,Message,Boulevard du Compas,6Ccn98SK49pVVrzxFGz6uG,compas,UNK,1990s,caribbean,,https://open.spotify.com/track/4crPoq823VZmAnigUrjLz3,,491786,0,1999-03-05,427124484,https://music.apple.com/us/album/message/427124421?i=427124484&uo=4,Worldwide,data/raw/audio/compas/4crPoq823VZmAnigUrjLz3.m4a,itunes,uscgh1181349,,,
0xIEnoTzcsczU2dT9lDncp,Haïti,Dixie Band,7yg3a0iofcQ5EO7IQvlAHs,compas,UNK,2010s,caribbean,,https://open.spotify.com/track/0xIEnoTzcsczU2dT9lDncp,,395049,0,2014-02-07,817221879,https://music.apple.com/us/album/ha%C3%AFti/817221872?i=817221879&uo=4,Worldwide,data/raw/audio/compas/0xIEnoTzcsczU2dT9lDncp.m4a,itunes,FR6V82258439,,,
14kLFobPERs6WKa2jOalp5,Chanm 22,Medjy,3uDXo8VohOPSuCt8duj90d,compas,UNK,2020s,caribbean,,https://open.spotify.com/track/14kLFobPERs6WKa2jOalp5,,263640,0,2026-04-26,6763711518,https://music.apple.com/us/album/chanm-22/1895451174?i=6763711518&uo=4,Worldwide,data/raw/audio/compas/14kLFobPERs6WKa2jOalp5.m4a,itunes,QT6632690745,,,
2DOhcFKSE5fqVwnmZGrE1x,Compas direct,Ensemble Aux Calebasses,4s5SGYoWyUoQO5Uy8eQuwB,compas,UNK,2010s,caribbean,,https://open.spotify.com/track/2DOhcFKSE5fqVwnmZGrE1x,,207653,0,2011-09-02,464233405,https://music.apple.com/us/album/compas-direct/464233373?i=464233405&uo=4,Caribbean,data/raw/audio/compas/2DOhcFKSE5fqVwnmZGrE1x.m4a,itunes,GRHR11163519,,,
7fQLUCOYcafUT9ZppkUjCj,KOUPAB,KAI,1itlzSLzUxrgP9uQtxJFef,compas,UNK,2020s,caribbean,,https://open.spotify.com/track/7fQLUCOYcafUT9ZppkUjCj,,316998,0,2021-08-31,1583292371,https://music.apple.com/us/album/koupab-feat-bedjine/1583291885?i=1583292371&uo=4,Worldwide,data/raw/audio/compas/7fQLUCOYcafUT9ZppkUjCj.m4a,itunes,QZK6P2198496,,,
00eEvIf9gSOahDmGrkRabR,Rete La,Rutshelle Guillaume,6LUu9GMlm6tW5m2Ox34pzk,compas,UNK,2020s,caribbean,,https://open.spotify.com/track/00eEvIf9gSOahDmGrkRabR,,303725,0,2021-06-18,1501533344,https://music.apple.com/us/album/rete-la/1501533093?i=1501533344&uo=4,Worldwide,data/raw/audio/compas/00eEvIf9gSOahDmGrkRabR.m4a,itunes,FR10S2092816,,,
7mMolOiriMDBnr5n0xgMRv,kompa pasión,фрози,3IIpbS5XHnLSdXTP4c1YN2,compas,UNK,2020s,caribbean,,https://open.spotify.com/track/7mMolOiriMDBnr5n0xgMRv,,147692,0,2024-04-12,1740818335,https://music.apple.com/us/album/kompa-pasi%C3%B3n/1740818333?i=1740818335&uo=4,Hip-Hop/Rap,data/raw/audio/compas/7mMolOiriMDBnr5n0xgMRv.m4a,itunes,USUS12400227,,,
2M7tsbIA4VNtWjXJaIw5c3,Spiritual Kompa (Kompa Therapy 3),Saucyn8te,1C2dal6DQJxAhzjzb95P4b,compas,UNK,2020s,caribbean,,https://open.spotify.com/track/2M7tsbIA4VNtWjXJaIw5c3,,428008,0,2024-10-06,1772551081,https://music.apple.com/us/album/spiritual-kompa-kompa-therapy-3/1772551080?i=1772551081&uo=4,R&B/Soul,data/raw/audio/compas/2M7tsbIA4VNtWjXJaIw5c3.m4a,itunes,QZWFM2467799,,,
72Hur8MTRFb0vTIPxZAvPD,Kompa,Roseline Layo,3vrK28yYXzDOifqaD3YyEI,compas,UNK,2020s,caribbean,,https://open.spotify.com/track/72Hur8MTRFb0vTIPxZAvPD,,165333,0,2026-01-30,1870587067,https://music.apple.com/us/album/kompa/1870586929?i=1870587067&uo=4,Afro-Pop,data/raw/audio/compas/72Hur8MTRFb0vTIPxZAvPD.m4a,itunes,FRZ082600009,,,
7wNcauA9rPbdrzd71yvtPR,Titanic,Hey Choppi,27GA6NMM69byd5ankSWsXw,compas,UNK,2020s,caribbean,,https://open.spotify.com/track/7wNcauA9rPbdrzd71yvtPR,,183671,0,2024-11-01,1775344039,https://music.apple.com/us/album/titanic/1775343858?i=1775344039&uo=4,Modern Dancehall,data/raw/audio/compas/7wNcauA9rPbdrzd71yvtPR.m4a,itunes,QZZ8A2490158,,,
1ZB5B5ybM3KwNkQyPBeKgA,One Wine,Shurwayne Winchester,2dqzb4OvhCxwr9ogGBEsQx,compas,UNK,2020s,caribbean,,https://open.spotify.com/track/1ZB5B5ybM3KwNkQyPBeKgA,,196292,0,2024-11-01,1775344042,https://music.apple.com/us/album/one-wine/1775343858?i=1775344042&uo=4,Modern Dancehall,data/raw/audio/compas/1ZB5B5ybM3KwNkQyPBeKgA.m4a,itunes,QZZ8A2490081,,,
4hMEtRcqIwQN236DnzSJ9D,Kompas,Gibbs,1T4HxOYolAEb5PadIVKdWZ,compas,PL,2020s,caribbean,,https://open.spotify.com/track/4hMEtRcqIwQN236DnzSJ9D,,247578,0,2021-09-30,1658175068,https://music.apple.com/us/album/kompas/1658174874?i=1658175068&uo=4,Hip-Hop/Rap,data/raw/audio/compas/4hMEtRcqIwQN236DnzSJ9D.m4a,itunes,PLV402101392,,PL,
2QJ9dLiolwZNPl5etYP2MI,Combat Baby,Metric,1rCIEwPp5OnXW0ornlSsRl,compas,CA,2000s,caribbean,,https://open.spotify.com/track/2QJ9dLiolwZNPl5etYP2MI,,209760,0,2003-09-01,906877416,https://music.apple.com/us/album/combat-baby/906877401?i=906877416&uo=4,Alternative,data/raw/audio/compas/2QJ9dLiolwZNPl5etYP2MI.m4a,itunes,USER80300604,indie rock|rock|alternative|indie,CA,
1waygSn0gHDRqvPjcm5oje,Company,Sarah Menescal,4DpQLwz0jhUU7wuT9phTlD,compas,UNK,2020s,caribbean,,https://open.spotify.com/track/1waygSn0gHDRqvPjcm5oje,,179736,0,2020-08-14,1523426149,https://music.apple.com/us/album/company/1523425830?i=1523426149&uo=4,Brazilian,data/raw/audio/compas/1waygSn0gHDRqvPjcm5oje.m4a,itunes,ARF412000152,,,
6PtvYwIwjxzdiGp75CpSEq,COMPASS,Matt Hansen,6wlhqnATSJIc0NQ64VxOVJ,compas,UNK,2020s,caribbean,,https://open.spotify.com/track/6PtvYwIwjxzdiGp75CpSEq,,166461,0,2025-12-12,1853919541,https://music.apple.com/us/album/compass/1853919539?i=1853919541&uo=4,Pop,data/raw/audio/compas/6PtvYwIwjxzdiGp75CpSEq.m4a,itunes,QM24S2506949,,,
2aFUdYM6WFHBWLskha77u0,Spiritual kompa 3,Saucyn8te,1C2dal6DQJxAhzjzb95P4b,compas,UNK,2020s,caribbean,,https://open.spotify.com/track/2aFUdYM6WFHBWLskha77u0,,233744,0,2026-04-05,1890647137,https://music.apple.com/us/album/spiritual-kompa-3/1890647136?i=1890647137&uo=4,R&B/Soul,data/raw/audio/compas/2aFUdYM6WFHBWLskha77u0.m4a,itunes,QZTB72679007,,,
0rePjvOyCeKTNRP46AOZMl,MVO,Ohshelshel,5i9H6qar3ZLNziC4XufoBN,compas,UNK,2020s,caribbean,,https://open.spotify.com/track/0rePjvOyCeKTNRP46AOZMl,,235609,0,2026-03-20,1881858877,https://music.apple.com/us/album/mvo-feat-ralph-mmg/1881858874?i=1881858877&uo=4,Afro-Beat,data/raw/audio/compas/0rePjvOyCeKTNRP46AOZMl.m4a,itunes,QZNWT2666841,,,
0iMLWtTEhvDDAGkQx9urx7,No Love Kompa,Dave Music,50JlVdPAeK7hhkbNQAIuoH,compas,UNK,2020s,caribbean,,https://open.spotify.com/track/0iMLWtTEhvDDAGkQx9urx7,,240000,0,2023-12-08,1720250673,https://music.apple.com/us/album/no-love-kompa/1720250672?i=1720250673&uo=4,Worldwide,data/raw/audio/compas/0iMLWtTEhvDDAGkQx9urx7.m4a,itunes,QZWFK2397119,,,
79MRKo4YHKkIGAsplt7TSz,Bal Zouk - konpa,Konpa Lakay,59H38jtGLfjiAELn9lLqBw,compas,UNK,2020s,caribbean,,https://open.spotify.com/track/79MRKo4YHKkIGAsplt7TSz,,323430,0,2022-01-10,1604653909,https://music.apple.com/us/album/bal-zouk-konpa/1604653901?i=1604653909&uo=4,R&B/Soul,data/raw/audio/compas/79MRKo4YHKkIGAsplt7TSz.m4a,itunes,QZ5FN2207920,,,
6ow8GAPTFe4sqwbsZe7bgd,Viens chez moi,Kompa Krèyol,5K0VC4WKpN0RI87Bo21CIV,compas,UNK,2010s,caribbean,,https://open.spotify.com/track/6ow8GAPTFe4sqwbsZe7bgd,,282026,0,2016-09-02,531832722,https://music.apple.com/us/album/viens-chez-moi/531832589?i=531832722&uo=4,Worldwide,data/raw/audio/compas/6ow8GAPTFe4sqwbsZe7bgd.m4a,itunes,QMHUY1560528,,,
70HQUSkmOiDpOmNOlrNhf0,KOMPA KOMPA,VISION,5jG0xZAkGUqlH3GzO3PPKO,compas,UNK,2020s,caribbean,,https://open.spotify.com/track/70HQUSkmOiDpOmNOlrNhf0,,82355,0,2025-11-27,1856349500,https://music.apple.com/us/album/kompa-kompa/1856349497?i=1856349500&uo=4,Dance,data/raw/audio/compas/70HQUSkmOiDpOmNOlrNhf0.m4a,itunes,GXBAV2699037,,,
0Fk2JzsQIhZvfm5AC0FRKG,Something Going On - Kompa Gouyad Extended Mix,Kaysha,2DBaDAcrh5sf17yR1qbnsy,compas,UNK,2020s,caribbean,,https://open.spotify.com/track/0Fk2JzsQIhZvfm5AC0FRKG,,308365,0,2020-10-09,1534798730,https://music.apple.com/us/album/something-going-on-feat-dj-benjimix-gellokeyzz-g-mixx/1534798438?i=1534798730&uo=4,Caribbean,data/raw/audio/compas/0Fk2JzsQIhZvfm5AC0FRKG.m4a,itunes,FRX872019105,,,
0o1aJCYLo904JH0xyA8fgz,Mortal kompa,lucas seb,16soxHmY8uUNGhiu1luYhl,compas,UNK,2020s,caribbean,,https://open.spotify.com/track/0o1aJCYLo904JH0xyA8fgz,,273835,0,2020-10-28,1848027034,https://music.apple.com/us/album/mortal-kompa-live-version-gold-2025/1848027027?i=1848027034&uo=4,Worldwide,data/raw/audio/compas/0o1aJCYLo904JH0xyA8fgz.m4a,itunes,TCAFF2009842,,,
7D3DFAxOY8tfLNbi6O0mwZ,kompa bailar,фрози,3IIpbS5XHnLSdXTP4c1YN2,compas,UNK,2020s,caribbean,,https://open.spotify.com/track/7D3DFAxOY8tfLNbi6O0mwZ,,89078,0,2026-04-03,1886240097,https://music.apple.com/us/album/kompa-bailar/1886240096?i=1886240097&uo=4,Pop,data/raw/audio/compas/7D3DFAxOY8tfLNbi6O0mwZ.m4a,itunes,USUS12600149,,,
1maQdXRvqcu58cRPJGPZDC,kompa bailar,фрози,3IIpbS5XHnLSdXTP4c1YN2,compas,UNK,2020s,caribbean,,https://open.spotify.com/track/1maQdXRvqcu58cRPJGPZDC,,89078,0,2026-04-17,1886240097,https://music.apple.com/us/album/kompa-bailar/1886240096?i=1886240097&uo=4,Pop,data/raw/audio/compas/1maQdXRvqcu58cRPJGPZDC.m4a,itunes,USUS12600149,,,
3LV4lHJfAiQeprF21jDJec,Compárame,La Arrolladora Banda El Limón De Rene Camacho,5bSfBBCxY8QAk4Pifveisz,compas,UNK,2000s,caribbean,,https://open.spotify.com/track/3LV4lHJfAiQeprF21jDJec,,225826,0,2005-01-01,1443624174,https://music.apple.com/us/album/comp%C3%A1rame/1443624166?i=1443624174&uo=4,Música Mexicana,data/raw/audio/compas/3LV4lHJfAiQeprF21jDJec.m4a,itunes,MXUM70904425,,,
5gdTDWskPEc1QlJ4mukqBd,Companion,Kanii,1S82w4yw9TYIHZ889mPPaW,compas,UNK,2020s,caribbean,,https://open.spotify.com/track/5gdTDWskPEc1QlJ4mukqBd,,90379,0,2022-06-12,1629721603,https://music.apple.com/us/album/companion-feat-bossa/1629721602?i=1629721603&uo=4,Pop,data/raw/audio/compas/5gdTDWskPEc1QlJ4mukqBd.m4a,itunes,QZK6M2257292,,,
7DtOdp6zc9DV1Z7vAiirrm,KOMPA DIRECT,SARAFINAH ORCHESTRA,75yeiuwPxlRP3nVoMr7J4W,compas,UNK,2020s,caribbean,,https://open.spotify.com/track/7DtOdp6zc9DV1Z7vAiirrm,,123920,0,2026-04-20,6765637090,https://music.apple.com/us/album/kompa-direct/6765637089?i=6765637090&uo=4,Big Band,data/raw/audio/compas/7DtOdp6zc9DV1Z7vAiirrm.m4a,itunes,QZWFK2699567,,,
0I03sESN9fvEBT2Yxkpauu,KOMPA DIRECT,SARAFINAH ORCHESTRA,75yeiuwPxlRP3nVoMr7J4W,compas,UNK,2020s,caribbean,,https://open.spotify.com/track/0I03sESN9fvEBT2Yxkpauu,,123920,0,2026-05-01,6765637090,https://music.apple.com/us/album/kompa-direct/6765637089?i=6765637090&uo=4,Big Band,data/raw/audio/compas/0I03sESN9fvEBT2Yxkpauu.m4a,itunes,QZWFV2610010,,,
2w8po8PRgHeArH9vFedgu5,kompa kontak,T-Vice,2bbAvnyKqRhU6zut6bAE9N,compas,UNK,2020s,caribbean,,https://open.spotify.com/track/2w8po8PRgHeArH9vFedgu5,,361500,0,2022-12-17,977100237,https://music.apple.com/us/album/kompa-kontak/977100231?i=977100237&uo=4,Worldwide,data/raw/audio/compas/2w8po8PRgHeArH9vFedgu5.m4a,itunes,QZTB82261305,,,
4SRYGZsbHrmH7E9xMVz4Wm,Nobody Compares,One Direction,4AK6F7OLvEQ5QYCBNiQWHq,compas,US,2010s,caribbean,,https://open.spotify.com/track/4SRYGZsbHrmH7E9xMVz4Wm,,211626,0,2012-11-12,574407100,https://music.apple.com/us/album/nobody-compares/574406654?i=574407100&uo=4,Pop,data/raw/audio/compas/4SRYGZsbHrmH7E9xMVz4Wm.m4a,itunes,GBHMU1200365,ballad|rock|teen pop|pop rock|pop,US,
15eypk00X8pfkLSz0Xiky2,Son de la loma - Directo,Compay Segundo,2wpr4ILskkRzPBGodmbMs1,compas,UNK,2010s,caribbean,,https://open.spotify.com/track/15eypk00X8pfkLSz0Xiky2,,217640,0,2013-07-02,267031236,https://music.apple.com/us/album/son-de-la-loma-directo/267026343?i=267031236&uo=4,Música tropical,data/raw/audio/compas/15eypk00X8pfkLSz0Xiky2.m4a,itunes,ES5010400324,,,
5vy8UHH3N8G7gJeKdMZhto,"Hasta siempre, Comandante - Directo RNE",Compay Segundo,2wpr4ILskkRzPBGodmbMs1,compas,UNK,2000s,caribbean,,https://open.spotify.com/track/5vy8UHH3N8G7gJeKdMZhto,,220653,0,2007-10-30,267031532,https://music.apple.com/us/album/hasta-siempre-comandante-directo-rne/267026343?i=267031532&uo=4,Música tropical,data/raw/audio/compas/5vy8UHH3N8G7gJeKdMZhto.m4a,itunes,ES5150700430,,,
3WlGJxoZLaykhlL03bA9hc,Veinte años - Directo con Omara Portuondo,Compay Segundo,2wpr4ILskkRzPBGodmbMs1,compas,UNK,2000s,caribbean,,https://open.spotify.com/track/3WlGJxoZLaykhlL03bA9hc,,226000,0,2007-10-30,267030603,https://music.apple.com/us/album/veinte-a%C3%B1os-directo-con-omara-portuondo/267026343?i=267030603&uo=4,Música tropical,data/raw/audio/compas/3WlGJxoZLaykhlL03bA9hc.m4a,itunes,ES5010400336,,,
2IH54r0aMHxytdDwgrF9AF,Veinte años - Directo con Omara Portuondo,Compay Segundo,2wpr4ILskkRzPBGodmbMs1,compas,UNK,2000s,caribbean,,https://open.spotify.com/track/2IH54r0aMHxytdDwgrF9AF,,226000,0,2003,267030603,https://music.apple.com/us/album/veinte-a%C3%B1os-directo-con-omara-portuondo/267026343?i=267030603&uo=4,Música tropical,data/raw/audio/compas/2IH54r0aMHxytdDwgrF9AF.m4a,itunes,ES5010400336,,,
0jD8tRXfyxA05jXfsLLOHg,Merci,Kompa Direct pour Christ,3zQZLd2nPQTjs6ZppnNo87,compas,UNK,2020s,caribbean,,https://open.spotify.com/track/0jD8tRXfyxA05jXfsLLOHg,,209454,0,2022-07-30,1642869562,https://music.apple.com/us/album/merci/1642869561?i=1642869562&uo=4,Christian,data/raw/audio/compas/0jD8tRXfyxA05jXfsLLOHg.m4a,itunes,QZNWU2235493,,,
4ZvUXzOIQUJu7iTPTJ3L3o,Kompavana,AlexCkj,7en2JikXLR0LLXpVStH4N6,compas,UNK,2020s,caribbean,,https://open.spotify.com/track/4ZvUXzOIQUJu7iTPTJ3L3o,,225664,0,2021-04-17,1605309098,https://music.apple.com/us/album/kompavana/1605308970?i=1605309098&uo=4,Worldwide,data/raw/audio/compas/4ZvUXzOIQUJu7iTPTJ3L3o.m4a,itunes,TCAFN2146394,,,
0e24y1WFRcSWfc1kPrALoH,Zoukoutap,Mizik Mizik,5mwMhNxf3qump0lhn7w6AA,zouk,UNK,2020s,caribbean,,https://open.spotify.com/track/0e24y1WFRcSWfc1kPrALoH,,500000,0,2020-05-15,1516228391,https://music.apple.com/us/album/zoukoutap/1516228061?i=1516228391&uo=4,Worldwide,data/raw/audio/zouk/0e24y1WFRcSWfc1kPrALoH.m4a,itunes,TCAEX2067710,,,
5ac0SAEu5Mcac0mJ2UnuDt,C ou kmi vé,Kaf Malbar,1id4EoPVo5qfzdP5gMf5U3,zouk,UNK,2010s,caribbean,,https://open.spotify.com/track/5ac0SAEu5Mcac0mJ2UnuDt,,237688,0,2014-12-16,954750270,https://music.apple.com/us/album/c-ou-kmi-v%C3%A9/954750256?i=954750270&uo=4,Modern Dancehall,data/raw/audio/zouk/5ac0SAEu5Mcac0mJ2UnuDt.m4a,itunes,FR59R1480322,,,
06Uomvsg4Y0gmpaYJvbrbP,Malonèt,Nu-Look,3GHVlKRurzupQYaoB5x9uB,zouk,UNK,2020s,caribbean,,https://open.spotify.com/track/06Uomvsg4Y0gmpaYJvbrbP,,394128,0,2023-12-01,1717233149,https://music.apple.com/us/album/malon%C3%A8t/1717233142?i=1717233149&uo=4,Worldwide,data/raw/audio/zouk/06Uomvsg4Y0gmpaYJvbrbP.m4a,itunes,TCAHP2394712,,,
1Nq9Ux7nfAl0D7YWJ0nDEp,On son tanbou,Karapat,51TyCVIjOjb44arpi7Q6R9,zouk,UNK,2010s,caribbean,,https://open.spotify.com/track/1Nq9Ux7nfAl0D7YWJ0nDEp,,262466,0,2012-04-17,521445580,https://music.apple.com/us/album/on-son-tanbou/521445421?i=521445580&uo=4,Cajun,data/raw/audio/zouk/1Nq9Ux7nfAl0D7YWJ0nDEp.m4a,itunes,FR6V80227624,,,
23lOcXkNdlXVphRhkr0mkH,An nou pwofité,Jean-Jacques Gaston,7GgshkYQKQbVZxEEu8z7be,zouk,UNK,2010s,caribbean,,https://open.spotify.com/track/23lOcXkNdlXVphRhkr0mkH,,290533,0,2012-04-17,1545287095,https://music.apple.com/us/album/an-nou-pwofit%C3%A9/1545286745?i=1545287095&uo=4,Worldwide,data/raw/audio/zouk/23lOcXkNdlXVphRhkr0mkH.m4a,itunes,FR6V80227622,,,
5TwSULBV5HGJxBiOkjd36O,Sidonie,Malavoi,0bwkyuCJ6J20GtSwChI2x6,zouk,FR,1980s,caribbean,,https://open.spotify.com/track/5TwSULBV5HGJxBiOkjd36O,,308400,0,1986,1188488517,https://music.apple.com/us/album/sidonie/1188488216?i=1188488517&uo=4,Worldwide,data/raw/audio/zouk/5TwSULBV5HGJxBiOkjd36O.m4a,itunes,FR82S1600168,,FR,
0cmtrrR2jnzH1P4hpSZy3Y,ZABOKA,Maurane Voyer,6Lm6gwG8tJd3cvUL9he351,zouk,UNK,2020s,caribbean,,https://open.spotify.com/track/0cmtrrR2jnzH1P4hpSZy3Y,,154000,0,2023-10-20,1710249269,https://music.apple.com/us/album/zaboka-feat-les-copinosss/1710249164?i=1710249269&uo=4,R&B/Soul,data/raw/audio/zouk/0cmtrrR2jnzH1P4hpSZy3Y.m4a,itunes,DGA0M2370923,,,
45VGMzti1kNFAgfhg5AiW1,Exil,Malavoi,0bwkyuCJ6J20GtSwChI2x6,zouk,FR,1990s,caribbean,,https://open.spotify.com/track/45VGMzti1kNFAgfhg5AiW1,,256440,0,1992,280525836,https://music.apple.com/us/album/exil/280525815?i=280525836&uo=4,Worldwide,data/raw/audio/zouk/45VGMzti1kNFAgfhg5AiW1.m4a,itunes,FR82S1600162,,FR,
31kvbR6SIoNPKi7G16Msxm,Lanmou pasyoné,Akoustik Zouk,2LglLbSt58fa8Sz0mqv66l,zouk,UNK,2020s,caribbean,,https://open.spotify.com/track/31kvbR6SIoNPKi7G16Msxm,,299826,0,2025-12-12,1688417532,https://music.apple.com/us/album/lanmou-pasyon%C3%A9/1688414765?i=1688417532&uo=4,Worldwide,data/raw/audio/zouk/31kvbR6SIoNPKi7G16Msxm.m4a,itunes,GBGYQ9600806,,,
6dpWXd2DECUQy1hqvEXiwr,Case à Lucie,Malavoi,0bwkyuCJ6J20GtSwChI2x6,zouk,UNK,1980s,caribbean,,https://open.spotify.com/track/6dpWXd2DECUQy1hqvEXiwr,,290493,0,1986,129144803,https://music.apple.com/us/album/case-%C3%A0-lucie/129144755?i=129144803&uo=4,Worldwide,data/raw/audio/zouk/6dpWXd2DECUQy1hqvEXiwr.m4a,itunes,FR82S1600170,,,
13JNh9ACVCyhyLPs9JvomR,Caressé Moin,Malavoi,0bwkyuCJ6J20GtSwChI2x6,zouk,UNK,2000s,caribbean,,https://open.spotify.com/track/13JNh9ACVCyhyLPs9JvomR,,335506,0,2003-01-01,129144785,https://music.apple.com/us/album/caress%C3%A9-moin/129144755?i=129144785&uo=4,Worldwide,data/raw/audio/zouk/13JNh9ACVCyhyLPs9JvomR.m4a,itunes,FR9M90102459,,,
3sYvtDJULrrECIOu1UvMNa,I ve mi less,Kaf Malbar,1id4EoPVo5qfzdP5gMf5U3,zouk,UNK,2010s,caribbean,,https://open.spotify.com/track/3sYvtDJULrrECIOu1UvMNa,,235102,0,2014-12-16,954750260,https://music.apple.com/us/album/i-ve-mi-less/954750256?i=954750260&uo=4,Modern Dancehall,data/raw/audio/zouk/3sYvtDJULrrECIOu1UvMNa.m4a,itunes,FR59R1480315,,,
6v5Z0a4b3DmjIKA4htP8vl,Zouk-la Sé Sel Médikaman Nou Ni,Kassav',3y21aFfQQ1Y9dALQLIJ4vj,zouk,UNK,2000s,caribbean,,https://open.spotify.com/track/6v5Z0a4b3DmjIKA4htP8vl,,325600,0,2006-08-18,1581842834,https://music.apple.com/us/album/zouk-la-s%C3%A9-sel-m%C3%A9dikaman-nou-ni/1581839827?i=1581842834&uo=4,Caribbean,data/raw/audio/zouk/6v5Z0a4b3DmjIKA4htP8vl.m4a,itunes,FRZ048400510,,,
3dhvMnSxMK3DVuCPZdmnuZ,Pisime zouke,Zouk Machine,7g4xlENR9dJm09i7ADhi21,zouk,FR,1980s,caribbean,,https://open.spotify.com/track/3dhvMnSxMK3DVuCPZdmnuZ,,285693,0,1989,525382458,https://music.apple.com/us/album/pisime-zouke/525382182?i=525382458&uo=4,Worldwide,data/raw/audio/zouk/3dhvMnSxMK3DVuCPZdmnuZ.m4a,itunes,FR6V80245857,,FR,
1ClNPMTFEKVSZBgTBVoweW,Zouk la sé sél médikaman nou ni,Kassav',3y21aFfQQ1Y9dALQLIJ4vj,zouk,UNK,1990s,caribbean,,https://open.spotify.com/track/1ClNPMTFEKVSZBgTBVoweW,,323626,0,1999-05-24,988399964,https://music.apple.com/us/album/zouk-la-s%C3%A9-sel-medikaman-nou-ni/988399960?i=988399964&uo=4,Worldwide,data/raw/audio/zouk/1ClNPMTFEKVSZBgTBVoweW.m4a,itunes,FR30R8400001,,,
3ioD05pNkxSjvm2WC4cNke,Zouk-La-Se Sel Medikaman Nou Ni,Kassav,2vI858Cxtz915SlqYtlais,zouk,UNK,2000s,caribbean,,https://open.spotify.com/track/3ioD05pNkxSjvm2WC4cNke,,331413,0,2009-03-16,1581842834,https://music.apple.com/us/album/zouk-la-s%C3%A9-sel-m%C3%A9dikaman-nou-ni/1581839827?i=1581842834&uo=4,Caribbean,data/raw/audio/zouk/3ioD05pNkxSjvm2WC4cNke.m4a,itunes,USVPR0713135,,,
2c8QOX0nztxqKjK2QtP9Nb,Ayiti - Bang Bang,Carimi,7sDhzCtTnUnJc3drYannat,zouk,US,2000s,caribbean,,https://open.spotify.com/track/2c8QOX0nztxqKjK2QtP9Nb,,308266,0,2001-01-01,281482816,https://music.apple.com/us/album/ayiti-bang-bang/281482774?i=281482816&uo=4,Worldwide,data/raw/audio/zouk/2c8QOX0nztxqKjK2QtP9Nb.m4a,itunes,FR6V82025527,world|traditional,US,
7MB34EgCJIVf0zCKTjYMuh,A Jamais,Dory,0cZJ5gjr184hSsTcm7PNBK,zouk,UNK,2020s,caribbean,,https://open.spotify.com/track/7MB34EgCJIVf0zCKTjYMuh,,192558,0,2024-12-13,1780767168,https://music.apple.com/us/album/a-jamais/1780767165?i=1780767168&uo=4,Worldwide,data/raw/audio/zouk/7MB34EgCJIVf0zCKTjYMuh.m4a,itunes,DGA0R2489636,,,
5U4Uq8g4I9brQ7a6xPN8lu,Dilemme,Dory,0cZJ5gjr184hSsTcm7PNBK,zouk,FR,2010s,caribbean,,https://open.spotify.com/track/5U4Uq8g4I9brQ7a6xPN8lu,,257380,0,2017-03-09,1213095538,https://music.apple.com/us/album/dilemme/1213095534?i=1213095538&uo=4,Caribbean,data/raw/audio/zouk/5U4Uq8g4I9brQ7a6xPN8lu.m4a,itunes,FR9W11704502,,FR,
32rDgKWSMTHDYRuzrQmS6e,Are You Ready,Milca,5YE3riVoIML4fFnfqJzK3L,zouk,UNK,2000s,caribbean,,https://open.spotify.com/track/32rDgKWSMTHDYRuzrQmS6e,,300535,0,2005-05-20,1762728275,https://music.apple.com/us/album/are-you-ready/1762728266?i=1762728275&uo=4,Worldwide,data/raw/audio/zouk/32rDgKWSMTHDYRuzrQmS6e.m4a,itunes,FR9W10503296,,,
3ob8O9i80KJIPHQg3PjKTu,Sexual Healing - Zouk,Zo Konpa,5ZAbRapf7rFYPjxPYuQlG5,zouk,UNK,2010s,caribbean,,https://open.spotify.com/track/3ob8O9i80KJIPHQg3PjKTu,,287973,0,2018-10-25,1680998999,https://music.apple.com/us/album/sexual-healing/1680998992?i=1680998999&uo=4,Kizomba,data/raw/audio/zouk/3ob8O9i80KJIPHQg3PjKTu.m4a,itunes,USLZJ1888784,,,
7ndQniiplmIsuyYzObW0MD,Une autre - Kompa remix,Curtis Kane,7LGeqJcTk3qJ23m7ROwIw6,zouk,UNK,2020s,caribbean,,https://open.spotify.com/track/7ndQniiplmIsuyYzObW0MD,,264000,0,2024-06-13,1751750794,https://music.apple.com/us/album/une-autre-feat-jgamalielz-dj-kaykay-kompa-remix/1751750790?i=1751750794&uo=4,R&B/Soul,data/raw/audio/zouk/7ndQniiplmIsuyYzObW0MD.m4a,itunes,FR8FB2408742,,,
6dge12ZM3vGyx8HIxF86i1,Aucune larme,Fanny J,4UDmRorEV3n7LrvphaEKkw,zouk,FR,2010s,caribbean,,https://open.spotify.com/track/6dge12ZM3vGyx8HIxF86i1,,246120,0,2014,922587354,https://music.apple.com/us/album/aucune-larme/922587104?i=922587354&uo=4,Caribbean,data/raw/audio/zouk/6dge12ZM3vGyx8HIxF86i1.m4a,itunes,FRPJ31404429,,FR,
42fPNDvFrHeGvweIgHGOjU,Inkonpatible (feat. Lycinaïs Jean),Senyss,41yZRhcJMRMFWihPbLxGkM,zouk,UNK,2020s,caribbean,,https://open.spotify.com/track/42fPNDvFrHeGvweIgHGOjU,,190573,0,2024-06-14,1749358794,https://music.apple.com/us/album/inkonpatible-feat-lycina%C3%AFs-jean/1749358542?i=1749358794&uo=4,R&B/Soul,data/raw/audio/zouk/42fPNDvFrHeGvweIgHGOjU.m4a,itunes,FR9W12428121,,,
2nuUfJDCL5np43HnWUkMov,ZISS TOI,Sebby,3PPavTr4oB6l9khrwhItPW,zouk,UNK,2020s,caribbean,,https://open.spotify.com/track/2nuUfJDCL5np43HnWUkMov,,264045,0,2023-10-10,1711332067,https://music.apple.com/us/album/ziss-toi-feat-hansmusik/1711332066?i=1711332067&uo=4,Singer/Songwriter,data/raw/audio/zouk/2nuUfJDCL5np43HnWUkMov.m4a,itunes,QZTB72312794,,,
3PNFgsZxkBaczvyBmNYzCP,Zouk Gouyad,Zo Konpa,5ZAbRapf7rFYPjxPYuQlG5,zouk,UNK,2020s,caribbean,,https://open.spotify.com/track/3PNFgsZxkBaczvyBmNYzCP,,240306,0,2022-12-09,1658521853,https://music.apple.com/us/album/zouk-gouyad/1658521066?i=1658521853&uo=4,Afro House,data/raw/audio/zouk/3PNFgsZxkBaczvyBmNYzCP.m4a,itunes,DGA082205274,,,
3IpljQE5qogygl6m6lSMvB,Map Boure (do da slam Dunk),Kreyol La,1fQmUj6gPvzlK5dawGiQSX,zouk,FR,2010s,caribbean,,https://open.spotify.com/track/3IpljQE5qogygl6m6lSMvB,,315325,0,2010-11-24,411070079,https://music.apple.com/us/album/map-boure-do-da-slam-dunk/411070075?i=411070079&uo=4,Worldwide,data/raw/audio/zouk/3IpljQE5qogygl6m6lSMvB.m4a,itunes,usx9p1021733,,FR,
0cevjpqTrLinYwcwcpC5e1,Pa fe mwen la pen,Leicka Paul,1MZ2j0NdEfT1ifILFmLsEv,zouk,UNK,2020s,caribbean,,https://open.spotify.com/track/0cevjpqTrLinYwcwcpC5e1,,316186,0,2024-11-24,1769612785,https://music.apple.com/us/album/pa-fe-mwen-la-penn-feat-t-vice/1769612784?i=1769612785&uo=4,Worldwide,data/raw/audio/zouk/0cevjpqTrLinYwcwcpC5e1.m4a,itunes,QZZ7P2438860,,,
5Dj4UJTm95qewqlGJOipxs,Só Nós 2,Yasmine,1E1m4bwOYgSMH4Q8o7DJYr,zouk,UNK,2020s,caribbean,,https://open.spotify.com/track/5Dj4UJTm95qewqlGJOipxs,,229347,0,2023-04-22,1850526730,https://music.apple.com/us/album/s%C3%B3-n%C3%B3s-2/1850526729?i=1850526730&uo=4,Afro-Pop,data/raw/audio/zouk/5Dj4UJTm95qewqlGJOipxs.m4a,itunes,ES71G2313192,,,
6dC3lFaEftWTpMIb1VMTX3,Toi (Zouk Remix),BEL,5tbFlQWLrgq2VnN8Z4oOXp,zouk,UNK,2020s,caribbean,,https://open.spotify.com/track/6dC3lFaEftWTpMIb1VMTX3,,230529,0,2024-05-22,1641344683,https://music.apple.com/us/album/toi-zouk-remix/1641344679?i=1641344683&uo=4,R&B/Soul,data/raw/audio/zouk/6dC3lFaEftWTpMIb1VMTX3.m4a,itunes,TCAIH2454136,,,
1F1RvF0vRdY70xSM34S5SZ,Zouk-moi ça (Doucement),Zoukilove,0NwPmeXIPrdd26TsCf3Bm7,zouk,UNK,2020s,caribbean,,https://open.spotify.com/track/1F1RvF0vRdY70xSM34S5SZ,,141480,0,2026-04-10,1892550958,https://music.apple.com/us/album/zouk-moi-%C3%A7a-doucement/1892550957?i=1892550958&uo=4,Alternative,data/raw/audio/zouk/1F1RvF0vRdY70xSM34S5SZ.m4a,itunes,QZTBE2605295,,,
3bLv5xvPDnSlIebugPc7sQ,Spicy,LÉA CHURROS,1wroQVdy6a6jempVrScxJC,zouk,UNK,2020s,caribbean,,https://open.spotify.com/track/3bLv5xvPDnSlIebugPc7sQ,,178636,0,2025-06-27,1820909116,https://music.apple.com/us/album/spicy/1820908902?i=1820909116&uo=4,Pop,data/raw/audio/zouk/3bLv5xvPDnSlIebugPc7sQ.m4a,itunes,QMBZ92511498,,,
3wjrkDFAMdwkeKQHxZX6Vy,Zouk Kompa Passion,DJ STYX 687,5kZRqANu6Krpr0SOOji6kp,zouk,UNK,2020s,caribbean,,https://open.spotify.com/track/3wjrkDFAMdwkeKQHxZX6Vy,,153234,0,2024-05-30,1805852076,https://music.apple.com/us/album/zouk-kompa-passion/1805851966?i=1805852076&uo=4,Afrobeats,data/raw/audio/zouk/3wjrkDFAMdwkeKQHxZX6Vy.m4a,itunes,QZNWR2422910,,,
5R6kK3ZRUlb2dkI0E3psXo,Mon Soleil,Princess' Lover,2MR0CohJ0bX97VcvgcIhsl,zouk,FR,2000s,caribbean,,https://open.spotify.com/track/5R6kK3ZRUlb2dkI0E3psXo,,257506,0,2003,256879835,https://music.apple.com/us/album/mon-soleil/256879700?i=256879835&uo=4,Worldwide,data/raw/audio/zouk/5R6kK3ZRUlb2dkI0E3psXo.m4a,itunes,fr72x0300556,latin pop|pop,FR,
6Ikk3Eu7MbelrWHMnbQhOT,Ou Lé,Kassav',3y21aFfQQ1Y9dALQLIJ4vj,zouk,UNK,2000s,caribbean,,https://open.spotify.com/track/6Ikk3Eu7MbelrWHMnbQhOT,,229146,0,2006-08-18,1676622925,https://music.apple.com/us/album/ou-l%C3%A9/1676622920?i=1676622925&uo=4,Pop,data/raw/audio/zouk/6Ikk3Eu7MbelrWHMnbQhOT.m4a,itunes,FRZ088900340,,,
1kwXET4mLoZywhrCAmoNUO,Gen Bagay,Yani Martelly,51Mb7I2woAMIK6DOiMlfuy,compas,UNK,2010s,caribbean,,https://open.spotify.com/track/1kwXET4mLoZywhrCAmoNUO,,194750,0,2019-06-14,1751773794,https://music.apple.com/us/album/gen-bagay-feat-kenny/1751773427?i=1751773794&uo=4,Worldwide,data/raw/audio/compas/1kwXET4mLoZywhrCAmoNUO.m4a,itunes,TCAEH1905339,,,
05xLOpipHWbGG0CboVVrXy,Ancrée à ton port,Fanny J,4UDmRorEV3n7LrvphaEKkw,zouk,UNK,2000s,caribbean,,https://open.spotify.com/track/05xLOpipHWbGG0CboVVrXy,,246960,0,2007-01-01,980124856,https://music.apple.com/us/album/ancr%C3%A9e-%C3%A0-ton-port/980124599?i=980124856&uo=4,Worldwide,data/raw/audio/zouk/05xLOpipHWbGG0CboVVrXy.m4a,itunes,FR72X0700134,,,
7IIsViFUZYneEz5md6Azse,Chokola,Alan Cavé,1tNzo7FgikOLSyk1xf3cR2,zouk,UNK,2000s,caribbean,,https://open.spotify.com/track/7IIsViFUZYneEz5md6Azse,,325906,0,2009-05-01,400432894,https://music.apple.com/us/album/chokola/400432892?i=400432894&uo=4,Worldwide,data/raw/audio/zouk/7IIsViFUZYneEz5md6Azse.m4a,itunes,ushm91052987,,,
3DGGcR9ZQjfJvdcl1Ecr9R,Tronpe,Enposib,6r1agdwSRKU5d5oFX4C5Mn,zouk,UNK,2020s,caribbean,,https://open.spotify.com/track/3DGGcR9ZQjfJvdcl1Ecr9R,,253254,0,2020-07-26,1522347544,https://music.apple.com/us/album/tronpe/1522347016?i=1522347544&uo=4,Worldwide,data/raw/audio/zouk/3DGGcR9ZQjfJvdcl1Ecr9R.m4a,itunes,TCAEZ2035835,,,
1Glu0D4XQZf7Vhl94LeivO,Dolly House,RajahWild,5t36kC15OK6oYHpfb3rDPI,reggae_dancehall,UNK,2020s,caribbean,,https://open.spotify.com/track/1Glu0D4XQZf7Vhl94LeivO,,177557,0,2024-02-02,1728110393,https://music.apple.com/us/album/dolly-house/1728110387?i=1728110393&uo=4,Worldwide,data/raw/audio/reggae_dancehall/1Glu0D4XQZf7Vhl94LeivO.m4a,itunes,QZPYN2461555,,,
1dJ4B430vrgOrTtBXbM04d,1Rifle,Najeeriii,2m6yzJ0whBggOhNgLskdLF,reggae_dancehall,UNK,2020s,caribbean,,https://open.spotify.com/track/1dJ4B430vrgOrTtBXbM04d,,181937,0,2024-08-28,1837563136,https://music.apple.com/us/album/1rifle-mixed/1837563026?i=1837563136&uo=4,Modern Dancehall,data/raw/audio/reggae_dancehall/1dJ4B430vrgOrTtBXbM04d.m4a,itunes,QZTPX2439903,,,
0iuvbEezJcCPASKTrQ1v76,Jamaica,Manuel Turizo,0tmwSHipWxN12fsoLcFU3B,reggae_dancehall,US,2020s,caribbean,,https://open.spotify.com/track/0iuvbEezJcCPASKTrQ1v76,,187677,0,2023-03-17,1674688987,https://music.apple.com/us/album/jamaica/1674688983?i=1674688987&uo=4,Pop Latino,data/raw/audio/reggae_dancehall/0iuvbEezJcCPASKTrQ1v76.m4a,itunes,QZDYA1800156,latin pop,US,
1NojrDCqDLh4dWRZ7F589Q,Bad Boys,Inner Circle,5os0Ltvz8Q8BvXOPOd1frx,reggae_dancehall,RU,2010s,caribbean,,https://open.spotify.com/track/1NojrDCqDLh4dWRZ7F589Q,,229374,0,2010-12-14,1718302126,https://music.apple.com/us/album/bad-boys/1718301945?i=1718302126&uo=4,Pop,data/raw/audio/reggae_dancehall/1NojrDCqDLh4dWRZ7F589Q.m4a,itunes,USA2P1004784,pop|roots reggae|dancehall|pop rock|reggae|reggae-pop,RU,
3mEuWQDngXevBTZLf48XDx,JAMAICA,Feid,2LRoIwlKmHjgvigdNGBHNo,reggae_dancehall,UNK,2020s,caribbean,,https://open.spotify.com/track/3mEuWQDngXevBTZLf48XDx,,224240,0,2020-09-11,1529523089,https://music.apple.com/us/album/jamaica/1529523067?i=1529523089&uo=4,Urbano latino,data/raw/audio/reggae_dancehall/3mEuWQDngXevBTZLf48XDx.m4a,itunes,USUM72016620,,,
1nXTM2CVdaoCySSD5kgt3J,Sweat (A La La La La Long),Inner Circle,5os0Ltvz8Q8BvXOPOd1frx,reggae_dancehall,US,1990s,caribbean,,https://open.spotify.com/track/1nXTM2CVdaoCySSD5kgt3J,,229000,0,1992-06-02,1718311595,https://music.apple.com/us/album/sweat-a-la-la-la-la-long/1718311580?i=1718311595&uo=4,Reggae,data/raw/audio/reggae_dancehall/1nXTM2CVdaoCySSD5kgt3J.m4a,itunes,USA2P2347170,pop|roots reggae|hip hop|user defined|house|reggae|misc|reggae-pop,US,
0STIV4K7EZkp2YHAyyu5em,Bad Boys,Inner Circle,5os0Ltvz8Q8BvXOPOd1frx,reggae_dancehall,RU,1990s,caribbean,,https://open.spotify.com/track/0STIV4K7EZkp2YHAyyu5em,,231266,0,1992-06-02,1718302126,https://music.apple.com/us/album/bad-boys/1718301945?i=1718302126&uo=4,Pop,data/raw/audio/reggae_dancehall/0STIV4K7EZkp2YHAyyu5em.m4a,itunes,USA2P2347174,pop|roots reggae|dancehall|pop rock|reggae|reggae-pop,RU,
1CdUusyZEdRcqBdWqZHva4,Screaming Target,Big Youth,2TdzGitZtbe3Zw3BB4SFEH,reggae_dancehall,XE,2010s,caribbean,,https://open.spotify.com/track/1CdUusyZEdRcqBdWqZHva4,,219706,0,2011-10-04,304621839,https://music.apple.com/us/album/screaming-target/304621827?i=304621839&uo=4,Reggae,data/raw/audio/reggae_dancehall/1CdUusyZEdRcqBdWqZHva4.m4a,itunes,TCABA1178920,dub|reggae|roots reggae,XE,
7KhQx2EJaZIPGsbMAjf4jg,Smile Jamaica,Chronixx,2oZcMYiKpjaA2Et5mU3RPP,reggae_dancehall,XE,2010s,caribbean,,https://open.spotify.com/track/7KhQx2EJaZIPGsbMAjf4jg,,213149,0,2017-07-07,1257233361,https://music.apple.com/us/album/smile-jamaica/1257233262?i=1257233361&uo=4,Reggae,data/raw/audio/reggae_dancehall/7KhQx2EJaZIPGsbMAjf4jg.m4a,itunes,JMA8W1700007,,XE,
2CL1Q0rQcbKavqqzu3zjQ2,Jamaican in New York,Shinehead,0AcEt9ujUBWQ50cZsaskWo,reggae_dancehall,GB,1990s,caribbean,,https://open.spotify.com/track/2CL1Q0rQcbKavqqzu3zjQ2,,268973,0,1992,1247515286,https://music.apple.com/us/album/jamaican-in-new-york/1247515140?i=1247515286&uo=4,Reggae,data/raw/audio/reggae_dancehall/2CL1Q0rQcbKavqqzu3zjQ2.m4a,itunes,USEE10183610,hip hop|dancehall|ska|reggae|ragga hip-hop,GB,
24dYJMPdnXXoHEu50MwRVN,Jamaica Farewell - Remastered,Harry Belafonte,6Tw1ktF4xMmzaLLbe98I2z,reggae_dancehall,UNK,1950s,caribbean,,https://open.spotify.com/track/24dYJMPdnXXoHEu50MwRVN,,185380,0,1956,1194767211,https://music.apple.com/us/album/jamaica-farewell-remastered/1194766465?i=1194767211&uo=4,Folk,data/raw/audio/reggae_dancehall/24dYJMPdnXXoHEu50MwRVN.m4a,itunes,USRC19205528,,,
5SQaQWvBDEAeug4EPyYEGE,Skankin' Sweet,Chronixx,2oZcMYiKpjaA2Et5mU3RPP,reggae_dancehall,XE,2010s,caribbean,,https://open.spotify.com/track/5SQaQWvBDEAeug4EPyYEGE,,252125,0,2017-07-07,1257233358,https://music.apple.com/us/album/skankin-sweet/1257233262?i=1257233358&uo=4,Reggae,data/raw/audio/reggae_dancehall/5SQaQWvBDEAeug4EPyYEGE.m4a,itunes,JMA8W1700004,,XE,
3nVveBWPxK3A65Wj6caJ1W,Kinky Reggae - Jamaican Version,Bob Marley & The Wailers,2QsynagSdAqZj3U9HgDzjD,reggae_dancehall,UNK,1970s,caribbean,,https://open.spotify.com/track/3nVveBWPxK3A65Wj6caJ1W,,222026,0,1973-04-13,1452839210,https://music.apple.com/us/album/kinky-reggae-jamaican-version/1452839186?i=1452839210&uo=4,Reggae,data/raw/audio/reggae_dancehall/3nVveBWPxK3A65Wj6caJ1W.m4a,itunes,GBAPA0100010,,,
6Hb1xmZrfC7X5IuophnshK,Jamrock - Hoodtrap Version,zndxprod,6UmWnGqov0CPKLIFY830Lj,reggae_dancehall,UNK,2020s,caribbean,,https://open.spotify.com/track/6Hb1xmZrfC7X5IuophnshK,,149688,0,2025-08-22,1836129505,https://music.apple.com/us/album/jamrock-hoodtrap-version/1836129504?i=1836129505&uo=4,Hip-Hop/Rap,data/raw/audio/reggae_dancehall/6Hb1xmZrfC7X5IuophnshK.m4a,itunes,QZZ7L2599254,,,
4lE3rkBD6Ey1SQSd19XfY7,World A Reggae Music,Anthony B,7Lij2ZLJJQOfGojVR3Wmqa,reggae_dancehall,GB,2000s,caribbean,,https://open.spotify.com/track/4lE3rkBD6Ey1SQSd19XfY7,,224840,0,2005,1656055810,https://music.apple.com/us/album/world-a-reggae-music/1656054824?i=1656055810&uo=4,Roots Reggae,data/raw/audio/reggae_dancehall/4lE3rkBD6Ey1SQSd19XfY7.m4a,itunes,GBBZV0551471,ragga|reggae|dancehall,GB,
1jqLJBQwo7yBCqYQWukLkq,Boombastic,Shaggy,5EvFsr3kj42KNv97ZEnqij,reggae_dancehall,ZA,2000s,caribbean,,https://open.spotify.com/track/1jqLJBQwo7yBCqYQWukLkq,,247173,0,2002-01-01,775997122,https://music.apple.com/us/album/boombastic/775997117?i=775997122&uo=4,Reggae,data/raw/audio/reggae_dancehall/1jqLJBQwo7yBCqYQWukLkq.m4a,itunes,GBAAA9500003,,ZA,
1XjUvJv6w3aTu8o6XszTHS,Stir It Up - Jamaican Version,Bob Marley & The Wailers,2QsynagSdAqZj3U9HgDzjD,reggae_dancehall,UNK,1970s,caribbean,,https://open.spotify.com/track/1XjUvJv6w3aTu8o6XszTHS,,217800,0,1973-04-13,1452839190,https://music.apple.com/us/album/stir-it-up-jamaican-version/1452839186?i=1452839190&uo=4,Reggae,data/raw/audio/reggae_dancehall/1XjUvJv6w3aTu8o6XszTHS.m4a,itunes,GBAPA0100005,,,
7BGDOMcT0pNbtWjWp5i7I3,Hold A Vibe,Jah Sun,6tVIXDCfxxdvRXbmPBLWQv,reggae_dancehall,UNK,2020s,caribbean,,https://open.spotify.com/track/7BGDOMcT0pNbtWjWp5i7I3,,305683,0,2020-05-29,1513108107,https://music.apple.com/us/album/hold-a-vibe/1513108105?i=1513108107&uo=4,Reggae,data/raw/audio/reggae_dancehall/7BGDOMcT0pNbtWjWp5i7I3.m4a,itunes,USA2P2019352,,,
4LH6TQajTVHlPz1283KHAw,Reggae Music,Kabaka Pyramid,10p1CDVyRIkR2ybAu7SbVH,reggae_dancehall,UNK,2010s,caribbean,,https://open.spotify.com/track/4LH6TQajTVHlPz1283KHAw,,233387,0,2018-05-25,1374750666,https://music.apple.com/us/album/reggae-music/1374750652?i=1374750666&uo=4,Reggae,data/raw/audio/reggae_dancehall/4LH6TQajTVHlPz1283KHAw.m4a,itunes,TCADP1804001,,,
1NyiB5s6uBWUjZffvWjEmo,Roots Reggae Music,Rebelution,2WjvvwAX0mdWwq3aFuUdtc,reggae_dancehall,US,2010s,caribbean,,https://open.spotify.com/track/1NyiB5s6uBWUjZffvWjEmo,,274413,0,2014-06-09,1878148492,https://music.apple.com/us/album/roots-reggae-music-feat-don-carlos/1878148263?i=1878148492&uo=4,Reggae,data/raw/audio/reggae_dancehall/1NyiB5s6uBWUjZffvWjEmo.m4a,itunes,US4CL1410011,reggae|pop rock|roots reggae|rock,US,
7yEuDcNgsZYmiNiKmUcHCG,Roots & Chalice,Chronixx,2oZcMYiKpjaA2Et5mU3RPP,reggae_dancehall,UNK,2010s,caribbean,,https://open.spotify.com/track/7yEuDcNgsZYmiNiKmUcHCG,,252014,0,2016-09-30,1153502495,https://music.apple.com/us/album/roots-chalice/1153502489?i=1153502495&uo=4,Reggae,data/raw/audio/reggae_dancehall/7yEuDcNgsZYmiNiKmUcHCG.m4a,itunes,DEZ651606656,,,
4x7sFZQYa6MKiUExmH0bZr,Roots Reality & Culture,Bounty Killer,6UuT0BJZ9vF8Y1sxXnJl2s,reggae_dancehall,UNK,2010s,caribbean,,https://open.spotify.com/track/4x7sFZQYa6MKiUExmH0bZr,,216400,0,2010-04-22,309143330,https://music.apple.com/us/album/roots-reality-culture/309143291?i=309143330&uo=4,Reggae,data/raw/audio/reggae_dancehall/4x7sFZQYa6MKiUExmH0bZr.m4a,itunes,GBBZV9402968,,,
38iIRniuMTujaBPRDRhVXn,Roots Still Strong,Vibe4Soul,1ON5MMtWXq1XNoNwUzudWw,reggae_dancehall,UNK,2020s,caribbean,,https://open.spotify.com/track/38iIRniuMTujaBPRDRhVXn,,169439,0,2025-06-25,1823041006,https://music.apple.com/us/album/roots-still-strong/1823040696?i=1823041006&uo=4,Reggae,data/raw/audio/reggae_dancehall/38iIRniuMTujaBPRDRhVXn.m4a,itunes,QZTB92570093,,,
2SuE1yHjesIRoAWzUEqDbB,Roots & Culture,Shabba Ranks,3j7Sw80qzL2FJlryUhI3wG,reggae_dancehall,UNK,1990s,caribbean,,https://open.spotify.com/track/2SuE1yHjesIRoAWzUEqDbB,,235800,0,1991-07-01,309257393,https://music.apple.com/us/album/roots-culture/309257372?i=309257393&uo=4,Reggae,data/raw/audio/reggae_dancehall/2SuE1yHjesIRoAWzUEqDbB.m4a,itunes,USVPR9100057,,,
0INtJm8gCJKtNaAYQNVlpZ,"You Don't Love Me (No, No, No) - Extended Mix",Dawn Penn,6mLXvSt7Xxy2r9uBba1O6Z,reggae_dancehall,UNK,1990s,caribbean,,https://open.spotify.com/track/0INtJm8gCJKtNaAYQNVlpZ,,277893,0,1994,79024284,https://music.apple.com/us/album/you-dont-love-me-no-no-no-extended-mix/79024415?i=79024284&uo=4,Pop,data/raw/audio/reggae_dancehall/0INtJm8gCJKtNaAYQNVlpZ.m4a,itunes,USAT20110480,,,
2u5Jzgg0h3XgXwKSv7W5NK,Me Namora,Edu Ribeiro,1fB70H0nL0avbtQEGi8pLE,reggae_dancehall,BR,2000s,caribbean,,https://open.spotify.com/track/2u5Jzgg0h3XgXwKSv7W5NK,,277199,0,2007-05-09,1525423636,https://music.apple.com/us/album/me-namora/1525423635?i=1525423636&uo=4,Roots Reggae,data/raw/audio/reggae_dancehall/2u5Jzgg0h3XgXwKSv7W5NK.m4a,itunes,BRC1M0400014,,BR,
1CAucGxna4pvSWpOzVC8Ci,Rootsman Flow,Mista Irie,1T0nKxDQdjiNJ5yCMW56zp,reggae_dancehall,UNK,2020s,caribbean,,https://open.spotify.com/track/1CAucGxna4pvSWpOzVC8Ci,,183530,0,2026-04-13,1884255724,https://music.apple.com/us/album/rootsman-flow/1884255600?i=1884255724&uo=4,Reggae,data/raw/audio/reggae_dancehall/1CAucGxna4pvSWpOzVC8Ci.m4a,itunes,QT6F32542604,,,
00q0PKp0UhdiSW0np1PVl1,Roots & Rhythms,Smoke Over Zion,4LB5onF0mnF79nMOahBEdK,reggae_dancehall,UNK,2020s,caribbean,,https://open.spotify.com/track/00q0PKp0UhdiSW0np1PVl1,,144013,0,2025-12-12,1860849856,https://music.apple.com/us/album/roots-rhythms/1860849855?i=1860849856&uo=4,Pop,data/raw/audio/reggae_dancehall/00q0PKp0UhdiSW0np1PVl1.m4a,itunes,MXA3V2460268,,,
6B8pYtoS3XHrc821hExWf6,Tudo Vai Dar Certo,Natiruts,4PhdYoQGH8s1xee81dqQOO,reggae_dancehall,BR,2020s,caribbean,,https://open.spotify.com/track/6B8pYtoS3XHrc821hExWf6,,240293,0,2020-04-23,1508006369,https://music.apple.com/us/album/tudo-vai-dar-certo/1508006365?i=1508006369&uo=4,Reggae,data/raw/audio/reggae_dancehall/6B8pYtoS3XHrc821hExWf6.m4a,itunes,BRSME2001376,,BR,
2noJ961fnUdl1OQvwAblTQ,"Roots, Rock, Reggae",Ladanybene 27,4bOjxUiZoBkVNSZuLkDmvB,reggae_dancehall,HU,1990s,caribbean,,https://open.spotify.com/track/2noJ961fnUdl1OQvwAblTQ,,262133,0,1996-11-01,406629860,https://music.apple.com/us/album/roots-rock-reggae/406629855?i=406629860&uo=4,Reggae,data/raw/audio/reggae_dancehall/2noJ961fnUdl1OQvwAblTQ.m4a,itunes,HUA253784003,,HU,
1UzKoXNMOTLmu7OFoCNokM,Rooted and Grounded,Dian Barnett,3myFeA4kRLbYRrdFbtY3a6,reggae_dancehall,UNK,2010s,caribbean,,https://open.spotify.com/track/1UzKoXNMOTLmu7OFoCNokM,,302746,0,2016-04-25,1344469677,https://music.apple.com/us/album/rooted-and-grounded/1344469669?i=1344469677&uo=4,Reggae,data/raw/audio/reggae_dancehall/1UzKoXNMOTLmu7OFoCNokM.m4a,itunes,uscgh1861185,,,
7JqtoUSEBWd7RNmi1dJayz,Roots and Culture,Vibe4Soul,1ON5MMtWXq1XNoNwUzudWw,reggae_dancehall,UNK,2020s,caribbean,,https://open.spotify.com/track/7JqtoUSEBWd7RNmi1dJayz,,147799,0,2025-06-30,1823928076,https://music.apple.com/us/album/roots-and-culture/1823928056?i=1823928076&uo=4,Reggae,data/raw/audio/reggae_dancehall/7JqtoUSEBWd7RNmi1dJayz.m4a,itunes,QZTBB2579540,,,
3ApxpM5ghkdjWKhbrQaPLk,World a Reggae (Out in the Street They Call It Murder),iNi Kamoze,1VJspRsoC6c0bvqhnSiFCs,reggae_dancehall,UNK,2000s,caribbean,,https://open.spotify.com/track/3ApxpM5ghkdjWKhbrQaPLk,,237693,0,2006-03-07,413651309,https://music.apple.com/us/album/world-a-reggae-out-in-the-street-they-call-it-murder/413651284?i=413651309&uo=4,Reggae,data/raw/audio/reggae_dancehall/3ApxpM5ghkdjWKhbrQaPLk.m4a,itunes,USNF90600002,,,
2lsiLArahNuqCbPEgHtVmC,Roots in Reverb,JahBeard,6a6LLSXRI5R2O5raowvirW,reggae_dancehall,UNK,2020s,caribbean,,https://open.spotify.com/track/2lsiLArahNuqCbPEgHtVmC,,304559,0,2026-01-09,1866488195,https://music.apple.com/us/album/roots-in-reverb/1866488191?i=1866488195&uo=4,Reggae,data/raw/audio/reggae_dancehall/2lsiLArahNuqCbPEgHtVmC.m4a,itunes,QZFZ22633423,,,
3GIFozqfhT8qC4SxB2sAJs,Rootsman Skank,Dubcreator,1Plg5hSNiFLvrlSE6wX047,reggae_dancehall,UNK,2020s,caribbean,,https://open.spotify.com/track/3GIFozqfhT8qC4SxB2sAJs,,230682,0,2024-12-07,1784654040,https://music.apple.com/us/album/hornsman-skank/1784654038?i=1784654040&uo=4,Reggae,data/raw/audio/reggae_dancehall/3GIFozqfhT8qC4SxB2sAJs.m4a,itunes,QZZ7U2414482,,,
1ATZfYmZOcm24vl5oQtPdC,"Roots, Rock, Reggae",Bob Marley & The Wailers,2QsynagSdAqZj3U9HgDzjD,reggae_dancehall,UNK,2000s,caribbean,,https://open.spotify.com/track/1ATZfYmZOcm24vl5oQtPdC,,218400,0,2001-01-01,1440858997,https://music.apple.com/us/album/roots-rock-reggae/1440858988?i=1440858997&uo=4,Roots Reggae,data/raw/audio/reggae_dancehall/1ATZfYmZOcm24vl5oQtPdC.m4a,itunes,USIR27600002,,,
4Od3CGMwkCtkQmdciGpDhv,"Roots Reggae Music - Live At Red Rocks Amphitheater, Morrison, CO / June 20, 2015",Rebelution,2WjvvwAX0mdWwq3aFuUdtc,reggae_dancehall,UNK,2010s,caribbean,,https://open.spotify.com/track/4Od3CGMwkCtkQmdciGpDhv,,219403,0,2016-10-28,1878149693,https://music.apple.com/us/album/roots-reggae-music-live-at-red-rocks-amphitheater-morrison/1878149688?i=1878149693&uo=4,Reggae,data/raw/audio/reggae_dancehall/4Od3CGMwkCtkQmdciGpDhv.m4a,itunes,US4CL1610004,,,
0cAvGrdeZ3n0yutlRUsAvR,Roots Reggae Music Dub,Rebelution,2WjvvwAX0mdWwq3aFuUdtc,reggae_dancehall,US,2020s,caribbean,,https://open.spotify.com/track/0cAvGrdeZ3n0yutlRUsAvR,,267077,0,2020-07-17,1878146739,https://music.apple.com/us/album/roots-reggae-music-dub/1878146737?i=1878146739&uo=4,Reggae,data/raw/audio/reggae_dancehall/0cAvGrdeZ3n0yutlRUsAvR.m4a,itunes,US4CL2010035,,US,
1j3ANZgokEc0jKztEDV34l,"Roots, Rock, Reggae",Bob Marley & The Wailers,2QsynagSdAqZj3U9HgDzjD,reggae_dancehall,UNK,2020s,caribbean,,https://open.spotify.com/track/1j3ANZgokEc0jKztEDV34l,,217106,0,2024-02-09,1440858997,https://music.apple.com/us/album/roots-rock-reggae/1440858988?i=1440858997&uo=4,Roots Reggae,data/raw/audio/reggae_dancehall/1j3ANZgokEc0jKztEDV34l.m4a,itunes,USIR27600002,,,
4DasYJA811ufSMV72hUxai,Roots Reggae Music (Acoustic),Rebelution,2WjvvwAX0mdWwq3aFuUdtc,reggae_dancehall,US,2010s,caribbean,,https://open.spotify.com/track/4DasYJA811ufSMV72hUxai,,260274,0,2015-09-18,1033928624,https://music.apple.com/us/album/roots-reggae-music-acoustic/1033928463?i=1033928624&uo=4,Reggae,data/raw/audio/reggae_dancehall/4DasYJA811ufSMV72hUxai.m4a,itunes,TCACH1581935,,US,
6ursmCnbc9oDRGa2yHKkoZ,Roots Bloody Roots,Sepultura,6JW8wliOEwaDZ231ZY7cf4,reggae_dancehall,CZ,1990s,caribbean,,https://open.spotify.com/track/6ursmCnbc9oDRGa2yHKkoZ,,212253,0,1996-02-20,576936082,https://music.apple.com/us/album/roots-bloody-roots/576935472?i=576936082&uo=4,Metal,data/raw/audio/reggae_dancehall/6ursmCnbc9oDRGa2yHKkoZ.m4a,itunes,NLA329513650,pop/rock|heavy metal|death metal|industrial|nu metal|thrash|electronic|metal|speed/thrash metal|modern classical|alternative metal|thrash metal|alternative rock|progressive metal|rock|ambient|pop rock|soundtrack|groove metal|goth rock|stage & screen|indie rock|score,CZ,
5O4erNlJ74PIF6kGol1ZrC,Could You Be Loved,Bob Marley & The Wailers,2QsynagSdAqZj3U9HgDzjD,reggae_dancehall,UNK,1980s,caribbean,,https://open.spotify.com/track/5O4erNlJ74PIF6kGol1ZrC,,237000,0,1980-06-10,1496696605,https://music.apple.com/us/album/could-you-be-loved/1496696597?i=1496696605&uo=4,Reggae,data/raw/audio/reggae_dancehall/5O4erNlJ74PIF6kGol1ZrC.m4a,itunes,USIR28000016,,,
2UhjeQUJoQsRE0e2l4yJjD,Roots,Bob Marley & The Wailers,2QsynagSdAqZj3U9HgDzjD,reggae_dancehall,UNK,2020s,caribbean,,https://open.spotify.com/track/2UhjeQUJoQsRE0e2l4yJjD,,225652,0,2022-06-24,1629115916,https://music.apple.com/us/album/roots/1629115571?i=1629115916&uo=4,Reggae,data/raw/audio/reggae_dancehall/2UhjeQUJoQsRE0e2l4yJjD.m4a,itunes,USIR20000398,,,
0hr9CoeDSUMmQQ7ZgTLRzh,World-a-Reggae Music,iNi Kamoze,1VJspRsoC6c0bvqhnSiFCs,reggae_dancehall,UNK,1990s,caribbean,,https://open.spotify.com/track/0hr9CoeDSUMmQQ7ZgTLRzh,,230040,0,1992-05-15,453290185,https://music.apple.com/us/album/world-a-reggae-music/453290097?i=453290185&uo=4,Reggae,data/raw/audio/reggae_dancehall/0hr9CoeDSUMmQQ7ZgTLRzh.m4a,itunes,USNF99210004,,,
7nT9lGk3bf5rvnVbzPIE3N,Love & Reggae,Collie Buddz,5Ayl2bJtN5mdCsxZoxs9n1,reggae_dancehall,UNK,2010s,caribbean,,https://open.spotify.com/track/7nT9lGk3bf5rvnVbzPIE3N,,213691,0,2019-05-24,1542413284,https://music.apple.com/us/album/love-reggae/1542413283?i=1542413284&uo=4,Reggae,data/raw/audio/reggae_dancehall/7nT9lGk3bf5rvnVbzPIE3N.m4a,itunes,TCADQ1876607,,,
4Qmbc7KFWkKvxBz5KjcA6g,Murderer,Barrington Levy,5mMuiFhh7faS7qxnTLRA6u,reggae_dancehall,US,2010s,caribbean,,https://open.spotify.com/track/4Qmbc7KFWkKvxBz5KjcA6g,,233160,0,2015-11-13,1279887843,https://music.apple.com/us/album/murderer/1279886828?i=1279887843&uo=4,Reggae,data/raw/audio/reggae_dancehall/4Qmbc7KFWkKvxBz5KjcA6g.m4a,itunes,TCACJ1561249,dub|reggae|reggae-pop|dancehall,US,
4MAo6tvIRCEjUZLOrC9Z4q,Come Over [Missing You],Busy Signal,4RfTXjK9aiiIKDaKUHpL57,reggae_dancehall,GB,2010s,caribbean,,https://open.spotify.com/track/4MAo6tvIRCEjUZLOrC9Z4q,,208666,0,2012-04-09,513675294,https://music.apple.com/us/album/come-over-missing-you/513675228?i=513675294&uo=4,Reggae,data/raw/audio/reggae_dancehall/4MAo6tvIRCEjUZLOrC9Z4q.m4a,itunes,USVPR1200026,reggae|ska|dancehall,GB,
18KzwTjTnbBaspORB0tpzM,Stay With You,Tarrus Riley,4frHO7KPcfMjhnVdIMJ98c,reggae_dancehall,US,2000s,caribbean,,https://open.spotify.com/track/18KzwTjTnbBaspORB0tpzM,,228040,0,2006-11-14,311229945,https://music.apple.com/us/album/stay-with-you/311229742?i=311229945&uo=4,Reggae,data/raw/audio/reggae_dancehall/18KzwTjTnbBaspORB0tpzM.m4a,itunes,USVPR0612816,reggae|roots reggae|dancehall,US,
5lJx5eiSahFfsqkMJVlkDN,I'm Still in Love with You (feat. Sasha),Sean Paul,3Isy6kedDrgPYoTS1dazA9,reggae_dancehall,UNK,2020s,caribbean,,https://open.spotify.com/track/5lJx5eiSahFfsqkMJVlkDN,,273360,0,2022-11-11,1652782742,https://music.apple.com/us/album/im-still-in-love-with-you-feat-sasha/1652781992?i=1652782742&uo=4,Electronic,data/raw/audio/reggae_dancehall/5lJx5eiSahFfsqkMJVlkDN.m4a,itunes,USAT20202578,,,
0b4oacCFyYkWUC6Nl4BzNe,Just the Way You Are,Tarrus Riley,4frHO7KPcfMjhnVdIMJ98c,reggae_dancehall,UNK,2010s,caribbean,,https://open.spotify.com/track/0b4oacCFyYkWUC6Nl4BzNe,,191911,0,2017-03-17,1513067135,https://music.apple.com/us/album/just-the-way-you-are/1513067130?i=1513067135&uo=4,Reggae,data/raw/audio/reggae_dancehall/0b4oacCFyYkWUC6Nl4BzNe.m4a,itunes,JMA271700633,,,
73QYhs58wfVPnEy2YnpTHR,Love Sponge,Buju Banton,4wLAjfeqAsV66AocWNcowA,reggae_dancehall,US,1990s,caribbean,,https://open.spotify.com/track/73QYhs58wfVPnEy2YnpTHR,,218066,0,1997-11-18,309138696,https://music.apple.com/us/album/love-sponge/309138677?i=309138696&uo=4,Reggae,data/raw/audio/reggae_dancehall/73QYhs58wfVPnEy2YnpTHR.m4a,itunes,USVPR9705075,ragga|dancehall|reggae|roots reggae,US,
5QQrjBMZ1AJbRH0gTDH9z6,Love Of A Lifetime,Junior Tucker,3tCGolr5rjKL6I4FLGL0p3,reggae_dancehall,GB,1990s,caribbean,,https://open.spotify.com/track/5QQrjBMZ1AJbRH0gTDH9z6,,216066,0,1993-09-07,413929810,https://music.apple.com/us/album/love-of-a-lifetime/413929773?i=413929810&uo=4,Reggae,data/raw/audio/reggae_dancehall/5QQrjBMZ1AJbRH0gTDH9z6.m4a,itunes,USVPR9300383,,GB,
4qA9pcVyLWe6jCC6VzIXgF,Rasta Got Soul,Fantan Mojah,224iUwyJmK9mbPT0aLtS5W,reggae_dancehall,DE,2010s,caribbean,,https://open.spotify.com/track/4qA9pcVyLWe6jCC6VzIXgF,,265082,0,2016-01-08,1067912410,https://music.apple.com/us/album/rasta-got-soul/1067912397?i=1067912410&uo=4,Reggae,data/raw/audio/reggae_dancehall/4qA9pcVyLWe6jCC6VzIXgF.m4a,itunes,JMC861500019,soul and reggae|reggae|conscious reggae|soul,DE,
4HjJcFdRHa3Ju3GdBCJFSu,Karma,Tarrus Riley,4frHO7KPcfMjhnVdIMJ98c,reggae_dancehall,UNK,2010s,caribbean,,https://open.spotify.com/track/4HjJcFdRHa3Ju3GdBCJFSu,,190235,0,2011-09-06,1556798719,https://music.apple.com/us/album/karma/1556798706?i=1556798719&uo=4,Modern Dancehall,data/raw/audio/reggae_dancehall/4HjJcFdRHa3Ju3GdBCJFSu.m4a,itunes,USQY51142872,,,
167MboygMqDnOiMP373hwz,Reggae Music,Isaiah Tavares,51wDMVOmR0eLsUSGocHKzQ,reggae_dancehall,UNK,2020s,caribbean,,https://open.spotify.com/track/167MboygMqDnOiMP373hwz,,229000,0,2024-12-27,1770711979,https://music.apple.com/us/album/reggae-music-feat-pohaku/1770711491?i=1770711979&uo=4,Reggae,data/raw/audio/reggae_dancehall/167MboygMqDnOiMP373hwz.m4a,itunes,QZK6L2224105,,,
0ZBrfWlKjTAihRdr3rOLRc,Reggae Music,High Watah,2DbSnI45Eg3JrxL9L307hi,reggae_dancehall,UNK,2020s,caribbean,,https://open.spotify.com/track/0ZBrfWlKjTAihRdr3rOLRc,,198250,0,2025-01-24,1744835362,https://music.apple.com/us/album/reggae-music/1744834997?i=1744835362&uo=4,Reggae,data/raw/audio/reggae_dancehall/0ZBrfWlKjTAihRdr3rOLRc.m4a,itunes,NZPB12403003,,,
2SE11vmjbi7j5QKJ885ib6,World A Music,iNi Kamoze,1VJspRsoC6c0bvqhnSiFCs,reggae_dancehall,DE,1980s,caribbean,,https://open.spotify.com/track/2SE11vmjbi7j5QKJ885ib6,,345493,0,1984,348775753,https://music.apple.com/us/album/world-a-music/348775724?i=348775753&uo=4,Reggae,data/raw/audio/reggae_dancehall/2SE11vmjbi7j5QKJ885ib6.m4a,itunes,FR5U10600673,roots reggae|ragga|dancehall|dub|electronic|reggae,DE,
55AMcB2JAUr7wmM3Z9Vgqc,Electric Avenue,Eddy Grant,6j2HWcd7z61iTLbi8eD0hA,reggae_dancehall,GB,2020s,caribbean,,https://open.spotify.com/track/55AMcB2JAUr7wmM3Z9Vgqc,,227933,0,2024-01-17,1716567638,https://music.apple.com/us/album/electric-avenue/1716567637?i=1716567638&uo=4,Pop,data/raw/audio/reggae_dancehall/55AMcB2JAUr7wmM3Z9Vgqc.m4a,itunes,UKALA2300001,pop/rock|pop|roots reggae|synth-pop|downtempo|dancehall|movie soundtrack|electro|pop rock|255|reggae|soundtrack|rock|calypso|funk|contemporary pop/rock|contemporary reggae|reggae-pop,GB,
5HuNJ0G9lMtLwlAjsXpltD,Woii,Valiant,7dvG18F378r7HRxmiHn3ti,reggae_dancehall,UNK,2020s,caribbean,,https://open.spotify.com/track/5HuNJ0G9lMtLwlAjsXpltD,,156067,0,2026-04-28,6764130649,https://music.apple.com/us/album/woii/1895653175?i=6764130649&uo=4,Modern Dancehall,data/raw/audio/reggae_dancehall/5HuNJ0G9lMtLwlAjsXpltD.m4a,itunes,QZHZ32600005,,,
5hdTluxmfnbRKwqGsj9NFL,Dancehall Ting,Vybz Kartel,2NUz5P42WqkxilbI8ocN76,reggae_dancehall,UNK,2020s,caribbean,,https://open.spotify.com/track/5hdTluxmfnbRKwqGsj9NFL,,164874,0,2026-06-05,1359365451,https://music.apple.com/us/album/dancehall-radio-edit/1359365136?i=1359365451&uo=4,Modern Dancehall,data/raw/audio/reggae_dancehall/5hdTluxmfnbRKwqGsj9NFL.m4a,itunes,QZPYN2620666,,,
4ueuseYX7lTW5kKC32GCQN,Too Real,Kerwin Du Bois,1yzePBgnaJhaFDpgt7MpxA,reggae_dancehall,TT,2010s,caribbean,,https://open.spotify.com/track/4ueuseYX7lTW5kKC32GCQN,,186000,0,2014-02-03,1863477772,https://music.apple.com/us/album/too-real/1863477763?i=1863477772&uo=4,Worldwide,data/raw/audio/reggae_dancehall/4ueuseYX7lTW5kKC32GCQN.m4a,itunes,TCABT1499869,,TT,
3T1txxCRbUMGJcII9CHJQI,Bang!!!,RDX,4GpVRyxDYccJrbQkO3KWws,reggae_dancehall,UNK,2010s,caribbean,,https://open.spotify.com/track/3T1txxCRbUMGJcII9CHJQI,,198637,0,2018-02-16,1336789977,https://music.apple.com/us/album/bang-radio-edit/1336789767?i=1336789977&uo=4,Reggae,data/raw/audio/reggae_dancehall/3T1txxCRbUMGJcII9CHJQI.m4a,itunes,QMDA61818153,,,
2vACumvzzT2ZngO2p7i3Gu,King Of The Dancehall,Beenie Man,4L3GTE04bW5N7azA9QPhjA,reggae_dancehall,CA,2000s,caribbean,,https://open.spotify.com/track/2vACumvzzT2ZngO2p7i3Gu,,217106,0,2004-01-01,723662066,https://music.apple.com/us/album/king-of-the-dancehall/723661996?i=723662066&uo=4,Reggae,data/raw/audio/reggae_dancehall/2vACumvzzT2ZngO2p7i3Gu.m4a,itunes,USVI20400229,hip hop|contemporary r&b|ragga|dancehall|dancehall reggae|soul|dub|reggae|funk,CA,
5I55hcZJTmdVtyJC4Sn7ae,Roll Deep,10Tik,6I1j34QzSTWe6u4qQWKYJe,reggae_dancehall,UNK,2020s,caribbean,,https://open.spotify.com/track/5I55hcZJTmdVtyJC4Sn7ae,,207856,0,2021-02-23,1555145025,https://music.apple.com/us/album/roll-deep/1555145024?i=1555145025&uo=4,Reggae,data/raw/audio/reggae_dancehall/5I55hcZJTmdVtyJC4Sn7ae.m4a,itunes,QZPYN2102275,,,
6LGTXFy9KNQeBjUHT9fPFh,Dancehall Queen (feat. Chevelle Franklyn),Beenie Man,4L3GTE04bW5N7azA9QPhjA,reggae_dancehall,UNK,2000s,caribbean,,https://open.spotify.com/track/6LGTXFy9KNQeBjUHT9fPFh,,204413,0,2000-12-12,351986177,https://music.apple.com/us/album/dancehall-queen-feat-chevelle-franklyn/351986077?i=351986177&uo=4,Reggae,data/raw/audio/reggae_dancehall/6LGTXFy9KNQeBjUHT9fPFh.m4a,itunes,USVPR0006943,,,
3n9KcMNRaUluDxwKzZAVA8,Panic,Vybz Kartel,2NUz5P42WqkxilbI8ocN76,reggae_dancehall,UNK,2020s,caribbean,,https://open.spotify.com/track/3n9KcMNRaUluDxwKzZAVA8,,126600,0,2026-02-20,1876099305,https://music.apple.com/us/album/panic/1876099303?i=1876099305&uo=4,Reggae,data/raw/audio/reggae_dancehall/3n9KcMNRaUluDxwKzZAVA8.m4a,itunes,QZPYN2606749,,,
5nEdwtSv0qqeE0l4o1lR4q,(When You Gonna) Give It Up to Me - Radio Version,Sean Paul,3Isy6kedDrgPYoTS1dazA9,reggae_dancehall,XE,2000s,caribbean,,https://open.spotify.com/track/5nEdwtSv0qqeE0l4o1lR4q,,243880,0,2006-09-30,202964098,https://music.apple.com/us/album/when-you-gonna-give-it-up-to-me-radio-version/202964095?i=202964098&uo=4,Hip-Hop/Rap,data/raw/audio/reggae_dancehall/5nEdwtSv0qqeE0l4o1lR4q.m4a,itunes,USAT20615165,,XE,
0QCIpQV3twfqo9kh0t8Zza,Shake It To The Max (FLY) - Remix,MOLIY,2hVWBpjLW4Q7fboYz2pVYK,reggae_dancehall,UNK,2020s,caribbean,,https://open.spotify.com/track/0QCIpQV3twfqo9kh0t8Zza,,178775,0,2025-02-21,1816962701,https://music.apple.com/us/album/shake-it-to-the-max-fly-remix/1816962700?i=1816962701&uo=4,Afrobeats,data/raw/audio/reggae_dancehall/0QCIpQV3twfqo9kh0t8Zza.m4a,itunes,QZS7J2542546,billboard hot 100 2025|billboard hot 100,,
6bOLRTULQUiXeVnxOIPZVA,Gyal You a Party Animal,Charly Black,5sK8BsvyDl4TFA6KaBf8or,reggae_dancehall,GB,2010s,caribbean,,https://open.spotify.com/track/6bOLRTULQUiXeVnxOIPZVA,,214455,0,2015,1669512808,https://music.apple.com/us/album/gyal-you-a-party-animal/1669512804?i=1669512808&uo=4,Modern Dancehall,data/raw/audio/reggae_dancehall/6bOLRTULQUiXeVnxOIPZVA.m4a,itunes,FR2T91500013,reggae,GB,
0k2GOhqsrxDTAbFFSdNJjT,Temperature,Sean Paul,3Isy6kedDrgPYoTS1dazA9,reggae_dancehall,US,2000s,caribbean,,https://open.spotify.com/track/0k2GOhqsrxDTAbFFSdNJjT,,216320,0,2005-09-27,261648942,https://music.apple.com/us/album/temperature/261648822?i=261648942&uo=4,Reggae,data/raw/audio/reggae_dancehall/0k2GOhqsrxDTAbFFSdNJjT.m4a,itunes,USAT20505520,pop|hip hop|rap|dancehall|world|euro house|club|pop rock|regueton|electronic|pop-rap|reggae|alternative rock|dance|rock|rnb/swing|dance hall|europop,US,
58dGRQrNmAJeRMFuguUbvD,Go Down Deh (feat. Sean Paul & Shaggy),Spice,0wEvWMQRqaXcgnrZv6KtyL,reggae_dancehall,UNK,2020s,caribbean,,https://open.spotify.com/track/58dGRQrNmAJeRMFuguUbvD,,154151,0,2021-08-06,1563274812,https://music.apple.com/us/album/go-down-deh-feat-sean-paul-shaggy/1563274810?i=1563274812&uo=4,Reggae,data/raw/audio/reggae_dancehall/58dGRQrNmAJeRMFuguUbvD.m4a,itunes,USVPR2100046,,,
6bK9BH9Ts8Gj5JFvnQkzak,Get Busy,Sean Paul,3Isy6kedDrgPYoTS1dazA9,reggae_dancehall,AT,2020s,caribbean,,https://open.spotify.com/track/6bK9BH9Ts8Gj5JFvnQkzak,,211666,0,2022-11-11,1652782418,https://music.apple.com/us/album/get-busy/1652781992?i=1652782418&uo=4,Electronic,data/raw/audio/reggae_dancehall/6bK9BH9Ts8Gj5JFvnQkzak.m4a,itunes,USAT20202575,pop|reggae|dancehall,AT,
0VzBKgimNRMauaqzT2rEnS,Go Down Deh (feat. Sean Paul & Shaggy),Spice,0wEvWMQRqaXcgnrZv6KtyL,reggae_dancehall,UNK,2020s,caribbean,,https://open.spotify.com/track/0VzBKgimNRMauaqzT2rEnS,,154151,0,2021-04-30,1563274812,https://music.apple.com/us/album/go-down-deh-feat-sean-paul-shaggy/1563274810?i=1563274812&uo=4,Reggae,data/raw/audio/reggae_dancehall/0VzBKgimNRMauaqzT2rEnS.m4a,itunes,USVPR2100046,,,
3j8EEMm9kbPLqByuaHmUmQ,Girls Dem Sugar,Beenie Man,4L3GTE04bW5N7azA9QPhjA,reggae_dancehall,JM,2000s,caribbean,,https://open.spotify.com/track/3j8EEMm9kbPLqByuaHmUmQ,,257893,0,2000-01-01,351986226,https://music.apple.com/us/album/girls-dem-sugar/351986077?i=351986226&uo=4,Reggae,data/raw/audio/reggae_dancehall/3j8EEMm9kbPLqByuaHmUmQ.m4a,itunes,USVI20000026,r b|reggae|roots reggae|dancehall,JM,
1HGyhNaRUFEDBiVLbvtbL6,Murder She Wrote,Chaka Demus & Pliers,6RQkaOWddQmiLLJqSgnTbm,reggae_dancehall,UNK,1990s,caribbean,,https://open.spotify.com/track/1HGyhNaRUFEDBiVLbvtbL6,,245000,0,1993-01-01,1440921938,https://music.apple.com/us/album/murder-she-wrote/1440921266?i=1440921938&uo=4,Pop,data/raw/audio/reggae_dancehall/1HGyhNaRUFEDBiVLbvtbL6.m4a,itunes,USIR19290014,,,
5cxxeJEzJnK7y60D3IPDoa,Calypso,Trinidad and Tobago Sweet Tassa,3LQ9FrxIIrjzMevIEmQMjF,calypso_soca,UNK,2010s,caribbean,,https://open.spotify.com/track/5cxxeJEzJnK7y60D3IPDoa,,231828,0,2013-11-01,808436412,https://music.apple.com/us/album/calypso/808436386?i=808436412&uo=4,Worldwide,data/raw/audio/calypso_soca/5cxxeJEzJnK7y60D3IPDoa.m4a,itunes,uscgh1434161,,,
79CQZYN1jHees6wFoMgvL7,Trinidad Sweet,Voice,61buXyJGplh38VDpEaB2ds,calypso_soca,TT,2020s,caribbean,,https://open.spotify.com/track/79CQZYN1jHees6wFoMgvL7,,209689,0,2023-11-29,1718991098,https://music.apple.com/us/album/trinidad-sweet/1718991096?i=1718991098&uo=4,Modern Dancehall,data/raw/audio/calypso_soca/79CQZYN1jHees6wFoMgvL7.m4a,itunes,QZZEB2314576,,TT,
5XrReM1qnTTG04tLjfKg7c,Cyah Behave,Voice,61buXyJGplh38VDpEaB2ds,calypso_soca,TT,2020s,caribbean,,https://open.spotify.com/track/5XrReM1qnTTG04tLjfKg7c,,161736,0,2026-01-07,1874435617,https://music.apple.com/us/album/cyah-behave/1874435616?i=1874435617&uo=4,Modern Dancehall,data/raw/audio/calypso_soca/5XrReM1qnTTG04tLjfKg7c.m4a,itunes,QZ5FN2611338,,TT,
5g3FsL8VeeCMt3rlFhEqw6,ESKIMO - Remix,Trinidad Killa,1urq8kMcszfaha2Ebjrzgx,calypso_soca,UNK,2020s,caribbean,,https://open.spotify.com/track/5g3FsL8VeeCMt3rlFhEqw6,,181153,0,2025-03-01,6774341603,https://music.apple.com/us/album/eskimo-mixed/6774341382?i=6774341603&uo=4,Soca,data/raw/audio/calypso_soca/5g3FsL8VeeCMt3rlFhEqw6.m4a,itunes,QZHN72591862,,,
4OFdzr4mlBC7YK8XwJqwIx,Come Home,Skinny Fabulous,56BHYURgbka2nQbBy8XZ3x,calypso_soca,TT,2020s,caribbean,,https://open.spotify.com/track/4OFdzr4mlBC7YK8XwJqwIx,,258864,0,2023-01-01,1662117470,https://music.apple.com/us/album/come-home/1662117469?i=1662117470&uo=4,Modern Dancehall,data/raw/audio/calypso_soca/4OFdzr4mlBC7YK8XwJqwIx.m4a,itunes,QZRUP2200304,,TT,
7v3ak3O6tw43jNDAsZxuxR,Hulk,Blaxx,5ix3RWfREDkS8yiuklSrjM,calypso_soca,TT,2010s,caribbean,,https://open.spotify.com/track/7v3ak3O6tw43jNDAsZxuxR,,187249,0,2018-02-09,1642119007,https://music.apple.com/us/album/hulk/1642118608?i=1642119007&uo=4,Modern Dancehall,data/raw/audio/calypso_soca/7v3ak3O6tw43jNDAsZxuxR.m4a,itunes,QMRTJ1800159,,TT,
5a2Bjc5Mngc8Fde1Oq32D3,Traffic Jam,Kes,7E6r9S8qCRfZVCjF1A8do6,calypso_soca,TT,2020s,caribbean,,https://open.spotify.com/track/5a2Bjc5Mngc8Fde1Oq32D3,,168065,0,2025-01-30,1792345855,https://music.apple.com/us/album/traffic-jam/1792345854?i=1792345855&uo=4,Modern Dancehall,data/raw/audio/calypso_soca/5a2Bjc5Mngc8Fde1Oq32D3.m4a,itunes,USLZJ2523152,,TT,
7Ku1rqBgaDkdOdIlsGJrvp,Last Drum,Kes,7E6r9S8qCRfZVCjF1A8do6,calypso_soca,TT,2020s,caribbean,,https://open.spotify.com/track/7Ku1rqBgaDkdOdIlsGJrvp,,207000,0,2025-02-04,1794160327,https://music.apple.com/us/album/last-drum/1794160326?i=1794160327&uo=4,Modern Dancehall,data/raw/audio/calypso_soca/7Ku1rqBgaDkdOdIlsGJrvp.m4a,itunes,USLZJ2575098,,TT,
23NyOI3LyPTddD5kZRpO9b,Fling It Up,Machel Montano,6wxP7SSzfvi21Cnl8JicdQ,calypso_soca,US,2020s,caribbean,,https://open.spotify.com/track/23NyOI3LyPTddD5kZRpO9b,,158413,0,2025-02-25,1788121127,https://music.apple.com/us/album/fling-it-up-feat-davido/1788121126?i=1788121127&uo=4,Afro-Beat,data/raw/audio/calypso_soca/23NyOI3LyPTddD5kZRpO9b.m4a,itunes,QZZEC2482298,,US,
2WUPLFsNGENJPqRLsCvSWX,Calypso,V'ghn,4vJ5CUGTaAXPBNzT8dVWCG,calypso_soca,UNK,2020s,caribbean,,https://open.spotify.com/track/2WUPLFsNGENJPqRLsCvSWX,,184470,0,2023-12-01,1715042440,https://music.apple.com/us/album/calypso/1715042438?i=1715042440&uo=4,Modern Dancehall,data/raw/audio/calypso_soca/2WUPLFsNGENJPqRLsCvSWX.m4a,itunes,QZZ8A2391795,,,
0SzkSdNdNm6b3tEWbzd9qM,Gun Man in Yuh Hole,Trinidad Killa,1urq8kMcszfaha2Ebjrzgx,calypso_soca,UNK,2020s,caribbean,,https://open.spotify.com/track/0SzkSdNdNm6b3tEWbzd9qM,,108329,0,2023-04-21,1738495841,https://music.apple.com/us/album/inna-yuh-hole-radio-edit/1738495836?i=1738495841&uo=4,Worldwide,data/raw/audio/calypso_soca/0SzkSdNdNm6b3tEWbzd9qM.m4a,itunes,TCAEN1918943,,,
3iYA7JMaAlwjSHZWZivZVD,"Trinidad, Land of Calypso",Roaring Lion,5hSF1JVkIaxGR4a3Ft5F9V,calypso_soca,UNK,2010s,caribbean,,https://open.spotify.com/track/3iYA7JMaAlwjSHZWZivZVD,,161174,0,2016-01-01,1412047979,https://music.apple.com/us/album/charming-trinidad/1412047657?i=1412047979&uo=4,Caribbean,data/raw/audio/calypso_soca/3iYA7JMaAlwjSHZWZivZVD.m4a,itunes,USCXG1600002,,,
61iRFcNPdE7dg2RmdhrdZe,Calypso Queen,Calypso Rose,56QlZ0AFfkaaHyANLVkg5h,calypso_soca,FR,2010s,caribbean,,https://open.spotify.com/track/61iRFcNPdE7dg2RmdhrdZe,,197813,0,2016-05-27,1095844936,https://music.apple.com/us/album/calypso-queen/1095844608?i=1095844936&uo=4,Worldwide,data/raw/audio/calypso_soca/61iRFcNPdE7dg2RmdhrdZe.m4a,itunes,BZA001500002,soca,FR,
2u7tDWQ6LX0Kw1LiK1jaok,Calypso,Luis Fonsi,4V8Sr092TqfHkfAA5fXXqG,calypso_soca,DZ,2010s,caribbean,,https://open.spotify.com/track/2u7tDWQ6LX0Kw1LiK1jaok,,200973,0,2019-02-01,1447401624,https://music.apple.com/us/album/calypso/1447401519?i=1447401624&uo=4,Pop Latino,data/raw/audio/calypso_soca/2u7tDWQ6LX0Kw1LiK1jaok.m4a,itunes,USUM71803779,pop,DZ,
0PAqVTHh24UnJJYlLxRGSC,Trinidad,Invasion Band Feat. Naya George,7qfUFtHsNyAxRKJxj10aqj,calypso_soca,US,2000s,caribbean,,https://open.spotify.com/track/0PAqVTHh24UnJJYlLxRGSC,,181960,0,2002-05-20,309288121,https://music.apple.com/us/album/trinidad-feat-naya-george/309288102?i=309288121&uo=4,Reggae,data/raw/audio/calypso_soca/0PAqVTHh24UnJJYlLxRGSC.m4a,itunes,USVPR0208048,,US,
1oYSSsFMMkPsgNNEzFh6M4,Runaway,Mical Teja,3hAEV7AsItFtYdftNNxSMu,calypso_soca,TT,2020s,caribbean,,https://open.spotify.com/track/1oYSSsFMMkPsgNNEzFh6M4,,226666,0,2023-12-10,1719673464,https://music.apple.com/us/album/runaway/1719673461?i=1719673464&uo=4,Worldwide,data/raw/audio/calypso_soca/1oYSSsFMMkPsgNNEzFh6M4.m4a,itunes,TTA6Y2300011,,TT,
4dwCppS8jnWDzDUSH8hYBG,Calypso Music,David Rudder,56LHUp2Q0S83IaayCWNavq,calypso_soca,TT,1990s,caribbean,,https://open.spotify.com/track/4dwCppS8jnWDzDUSH8hYBG,,433266,0,1993-01-01,654462483,https://music.apple.com/us/album/calypso-music/654462479?i=654462483&uo=4,Worldwide,data/raw/audio/calypso_soca/4dwCppS8jnWDzDUSH8hYBG.m4a,itunes,ushm21318743,,TT,
0p4MS16waVYStmqhjwUcPS,Good Good,Drastic,1Zmn7I3TJdQphZ2ivwM1dM,calypso_soca,UNK,2010s,caribbean,,https://open.spotify.com/track/0p4MS16waVYStmqhjwUcPS,,212596,0,2019-03-25,1456775625,https://music.apple.com/us/album/good-good/1456775624?i=1456775625&uo=4,Reggae,data/raw/audio/calypso_soca/0p4MS16waVYStmqhjwUcPS.m4a,itunes,QZES51990238,,,
1Cy2yw8wrzHpi1UMK8nnL2,Tic It & Tac It,BoBo,2ReU09e8cwWdv544qEDTDK,calypso_soca,UNK,2010s,caribbean,,https://open.spotify.com/track/1Cy2yw8wrzHpi1UMK8nnL2,,123500,0,2018-11-14,1469978453,https://music.apple.com/us/album/tic-it-tac-it/1469977361?i=1469978453&uo=4,Worldwide,data/raw/audio/calypso_soca/1Cy2yw8wrzHpi1UMK8nnL2.m4a,itunes,TCADY1865960,,,
75jyBlvlVkSgjXiQDTWUeS,Give It to Ya,Marzville,0EW8oVadcmlxZevZFlPm9P,calypso_soca,TT,2010s,caribbean,,https://open.spotify.com/track/75jyBlvlVkSgjXiQDTWUeS,,172253,0,2017-08-14,1275791251,https://music.apple.com/us/album/give-it-to-ya/1275791250?i=1275791251&uo=4,Worldwide,data/raw/audio/calypso_soca/75jyBlvlVkSgjXiQDTWUeS.m4a,itunes,TCADF1755574,,TT,
0IWae7Fa5cxYvwZuBB1BQA,Good Good,Drastic,1Zmn7I3TJdQphZ2ivwM1dM,calypso_soca,UNK,2010s,caribbean,,https://open.spotify.com/track/0IWae7Fa5cxYvwZuBB1BQA,,212660,0,2019-11-01,1456775625,https://music.apple.com/us/album/good-good/1456775624?i=1456775625&uo=4,Reggae,data/raw/audio/calypso_soca/0IWae7Fa5cxYvwZuBB1BQA.m4a,itunes,QZES51990238,,,
0VQCtoStmIbr3IS5lvDRiG,Banga,Kes,7E6r9S8qCRfZVCjF1A8do6,calypso_soca,TT,2020s,caribbean,,https://open.spotify.com/track/0VQCtoStmIbr3IS5lvDRiG,,177692,0,2024-03-29,1702084724,https://music.apple.com/us/album/banga/1702084723?i=1702084724&uo=4,Modern Dancehall,data/raw/audio/calypso_soca/0VQCtoStmIbr3IS5lvDRiG.m4a,itunes,QZWDD2330480,,TT,
7K8XoQXZBffc4xG2xIQHMO,Rock That Body,Black Eyed Peas,1yxSLGMDHlW21z4YXirZDS,calypso_soca,AU,2000s,caribbean,,https://open.spotify.com/track/7K8XoQXZBffc4xG2xIQHMO,,268840,0,2009-01-01,1440769123,https://music.apple.com/us/album/rock-that-body/1440768902?i=1440769123&uo=4,Pop,data/raw/audio/calypso_soca/7K8XoQXZBffc4xG2xIQHMO.m4a,itunes,USUM70967623,pop rap|club|dance-pop|conscious|dance pop|elektro|pop|hip hop|progressive house|house|electro|electronic|french electro|euro house|hip-hop|electro house|dance|rock|electropop|alternative hip hop|rap|pop rock|hip house|fergie,AU,
7EMNrqykT2djkWvTZJV17Q,Coming up the Mountain,Calypso Rose,56QlZ0AFfkaaHyANLVkg5h,calypso_soca,UNK,2010s,caribbean,,https://open.spotify.com/track/7EMNrqykT2djkWvTZJV17Q,,249800,0,2017-10-20,1799602451,https://music.apple.com/us/album/coming-up-the-mountain/1799602445?i=1799602451&uo=4,Reggae,data/raw/audio/calypso_soca/7EMNrqykT2djkWvTZJV17Q.m4a,itunes,USQY51776106,,,
0S9LmCCnFIhVTsdjfIReIY,Calypso,GBM Nutron,2Kd1y3FJiNFcJRcdMvHdhT,calypso_soca,UNK,2010s,caribbean,,https://open.spotify.com/track/0S9LmCCnFIhVTsdjfIReIY,,148800,0,2017-09-01,1642054346,https://music.apple.com/us/album/calypso/1642054342?i=1642054346&uo=4,Modern Dancehall,data/raw/audio/calypso_soca/0S9LmCCnFIhVTsdjfIReIY.m4a,itunes,QMRTJ1601034,,,
4178A5NkEjcsGc64jpBO6d,Calypso,Luis Fonsi,4V8Sr092TqfHkfAA5fXXqG,calypso_soca,DZ,2010s,caribbean,,https://open.spotify.com/track/4178A5NkEjcsGc64jpBO6d,,200346,0,2018-06-14,1447401624,https://music.apple.com/us/album/calypso/1447401519?i=1447401624&uo=4,Pop Latino,data/raw/audio/calypso_soca/4178A5NkEjcsGc64jpBO6d.m4a,itunes,USUM71803779,pop,DZ,
6e9bF3wNZ2Nl3z50W4jPVG,Leave Me Alone (feat. Manu Chao & Machel Montano) [Kubiyashi Remix],Calypso Rose,56QlZ0AFfkaaHyANLVkg5h,calypso_soca,UNK,2010s,caribbean,,https://open.spotify.com/track/6e9bF3wNZ2Nl3z50W4jPVG,,216170,0,2017-02-10,1262016672,https://music.apple.com/us/album/leave-me-alone-feat-manu-chao-machel-montano-kubiyashi/1262016585?i=1262016672&uo=4,Worldwide,data/raw/audio/calypso_soca/6e9bF3wNZ2Nl3z50W4jPVG.m4a,itunes,TTA020400817,,,
0xDX2eQsx9F4xHVMNPvVge,Calypso,Guitarricadelafuente,0oBiYchunKTMDesVICwrvL,calypso_soca,UNK,2020s,caribbean,,https://open.spotify.com/track/0xDX2eQsx9F4xHVMNPvVge,,151357,0,2026-04-24,1892351144,https://music.apple.com/us/album/calypso/1892351141?i=1892351144&uo=4,Pop Latino,data/raw/audio/calypso_soca/0xDX2eQsx9F4xHVMNPvVge.m4a,itunes,ES5022600397,,,
37U6SWpjdUNLmdbneCeVSP,Trini 2 De Bone,David Rudder,56LHUp2Q0S83IaayCWNavq,calypso_soca,UNK,2000s,caribbean,,https://open.spotify.com/track/37U6SWpjdUNLmdbneCeVSP,,295106,0,2003-02-01,649351456,https://music.apple.com/us/album/trini-2-de-bone/649351270?i=649351456&uo=4,Worldwide,data/raw/audio/calypso_soca/37U6SWpjdUNLmdbneCeVSP.m4a,itunes,ushm21307044,,,
5cJLeNdcXyxZzkAIMaXp9C,Calypso,Luis Fonsi,4V8Sr092TqfHkfAA5fXXqG,calypso_soca,UNK,2020s,caribbean,,https://open.spotify.com/track/5cJLeNdcXyxZzkAIMaXp9C,,200346,0,2026-06-05,1447401624,https://music.apple.com/us/album/calypso/1447401519?i=1447401624&uo=4,Pop Latino,data/raw/audio/calypso_soca/5cJLeNdcXyxZzkAIMaXp9C.m4a,itunes,USUM71803779,,,
2g4jtlKn4tSIzHFn4Z3IYg,CALYPSO,Bryson Tiller,2EMAnMvWE2eb56ToJVfCWs,calypso_soca,UNK,2020s,caribbean,,https://open.spotify.com/track/2g4jtlKn4tSIzHFn4Z3IYg,,188314,0,2024-04-05,1736617604,https://music.apple.com/us/album/calypso/1736617603?i=1736617604&uo=4,R&B/Soul,data/raw/audio/calypso_soca/2g4jtlKn4tSIzHFn4Z3IYg.m4a,itunes,USRC12400568,,,
3o2g4rjFVgHsRFSa2qcpgr,CALYPSO,Bryson Tiller,2EMAnMvWE2eb56ToJVfCWs,calypso_soca,UNK,2020s,caribbean,,https://open.spotify.com/track/3o2g4rjFVgHsRFSa2qcpgr,,188314,0,2024-03-19,1736617604,https://music.apple.com/us/album/calypso/1736617603?i=1736617604&uo=4,R&B/Soul,data/raw/audio/calypso_soca/3o2g4rjFVgHsRFSa2qcpgr.m4a,itunes,USRC12400568,,,
5jS8q2RrzftgogekkZqM8V,Calypso,Sail North,0Gtv3Wi6jj0lW1Po5QbIGS,calypso_soca,UNK,2020s,caribbean,,https://open.spotify.com/track/5jS8q2RrzftgogekkZqM8V,,174625,0,2025-04-11,1803215435,https://music.apple.com/us/album/calypso/1803215432?i=1803215435&uo=4,Pop,data/raw/audio/calypso_soca/5jS8q2RrzftgogekkZqM8V.m4a,itunes,QZTLA2518381,,,
0xziaVX2PIOfLC1FNNzNT9,Carry It,Bunji Garlin,6nPHDCN7qmxO86eN1grP54,calypso_soca,TT,2020s,caribbean,,https://open.spotify.com/track/0xziaVX2PIOfLC1FNNzNT9,,258000,0,2024-11-07,1778357571,https://music.apple.com/us/album/carry-it/1778357570?i=1778357571&uo=4,Modern Dancehall,data/raw/audio/calypso_soca/0xziaVX2PIOfLC1FNNzNT9.m4a,itunes,QZZ8B2449339,,TT,
2eD5bmknmcojiCxoKpvVTI,Calypso,John Denver,7EK1bQADBoqbYXnT4Cqv9w,calypso_soca,DE,1970s,caribbean,,https://open.spotify.com/track/2eD5bmknmcojiCxoKpvVTI,,217485,0,1975-09,496662022,https://music.apple.com/us/album/calypso/496661776?i=496662022&uo=4,Pop,data/raw/audio/calypso_soca/2eD5bmknmcojiCxoKpvVTI.m4a,itunes,USRC11100360,folk pop|pop|pop/rock|singer/songwriter|folk rock|country pop|classic rock|country rock|country|country folk|singer-songwriter|classic country|rock|folk|soft rock|americana|male vocal,DE,
3dPtJVvJC5KYjTqeL7w47T,Calypso,Bauchamp,5FiL7BLdXBZTjkPERfqN3y,calypso_soca,DE,2010s,caribbean,,https://open.spotify.com/track/3dPtJVvJC5KYjTqeL7w47T,,226574,0,2010-02-22,362491548,https://music.apple.com/us/album/calypso/362491508?i=362491548&uo=4,Electronic,data/raw/audio/calypso_soca/3dPtJVvJC5KYjTqeL7w47T.m4a,itunes,GB6NC1000221,,DE,
6qWG7dpOSs5dfgJ7d35am5,Calypso,Spiderbait,6P7kkhED6EPrfoZuxz20Fo,calypso_soca,AU,1990s,caribbean,,https://open.spotify.com/track/6qWG7dpOSs5dfgJ7d35am5,,111293,0,1996,1442250982,https://music.apple.com/us/album/calypso/1442250607?i=1442250982&uo=4,Rock,data/raw/audio/calypso_soca/6qWG7dpOSs5dfgJ7d35am5.m4a,itunes,AUPO09620252,electronic|indie|alternative rock|rock,AU,
32796ORTwZLzK9fMNYLZwK,Sweet Music,Voice,5DRRGfWRlQ2CIZQUHuPMEj,calypso_soca,TT,2020s,caribbean,,https://open.spotify.com/track/32796ORTwZLzK9fMNYLZwK,,208141,0,2025-09-23,1841775935,https://music.apple.com/us/album/sweet-music/1841775933?i=1841775935&uo=4,Worldwide,data/raw/audio/calypso_soca/32796ORTwZLzK9fMNYLZwK.m4a,itunes,QT65Y2556983,,TT,
0A9obIXOVkx2HXs7Lhf0Xv,Tempa Wine,Machel Montano,6wxP7SSzfvi21Cnl8JicdQ,calypso_soca,TT,2020s,caribbean,,https://open.spotify.com/track/0A9obIXOVkx2HXs7Lhf0Xv,,146000,0,2025-11-24,1855328872,https://music.apple.com/us/album/tempa-wine/1855328871?i=1855328872&uo=4,Modern Dancehall,data/raw/audio/calypso_soca/0A9obIXOVkx2HXs7Lhf0Xv.m4a,itunes,QZZ8B2599647,,TT,
0lLWVfXgKX8EDdQ04PK56u,1000 Millas Orientales,Julio Gallego,1uu3NAIdbQtAQSZuXajKem,calypso_soca,UNK,1990s,caribbean,,https://open.spotify.com/track/0lLWVfXgKX8EDdQ04PK56u,,330474,0,1995-07-10,1573611909,https://music.apple.com/us/album/1000-millas-orientales/1573610806?i=1573611909&uo=4,Traditional Folk,data/raw/audio/calypso_soca/0lLWVfXgKX8EDdQ04PK56u.m4a,itunes,UYS052100270,,,
6VjxcmDTB2UvpyEAeJurNg,Jamtown,Tano,0e4gZp0pGSUYifNYGse8U1,calypso_soca,TT,2020s,caribbean,,https://open.spotify.com/track/6VjxcmDTB2UvpyEAeJurNg,,188512,0,2025-01-06,1788915591,https://music.apple.com/us/album/jamtown/1788915282?i=1788915591&uo=4,Modern Dancehall,data/raw/audio/calypso_soca/6VjxcmDTB2UvpyEAeJurNg.m4a,itunes,QZ5FN2522001,,TT,
0YWDVOZE0phKo6ZWYJG4kn,Last Train,Mical Teja,3hAEV7AsItFtYdftNNxSMu,calypso_soca,TT,2020s,caribbean,,https://open.spotify.com/track/0YWDVOZE0phKo6ZWYJG4kn,,217777,0,2025-10-16,1845726620,https://music.apple.com/us/album/last-train/1845726619?i=1845726620&uo=4,Soca,data/raw/audio/calypso_soca/0YWDVOZE0phKo6ZWYJG4kn.m4a,itunes,TTA6Y2500006,,TT,
1gWrtyC9EphAAACpo2u6Cr,JUSTE COMME ÇA 2,RFS MyMen,03zzTddrxqq4ONkRLyy7vs,calypso_soca,UNK,2020s,caribbean,,https://open.spotify.com/track/1gWrtyC9EphAAACpo2u6Cr,,158535,0,2026-01-30,1873187568,https://music.apple.com/us/album/juste-comme-%C3%A7a-2/1873187563?i=1873187568&uo=4,Worldwide,data/raw/audio/calypso_soca/1gWrtyC9EphAAACpo2u6Cr.m4a,itunes,QT65X2667326,,,
2dyrtbI45wYoDCJ3TASuGi,The Truth,Machel Montano,6wxP7SSzfvi21Cnl8JicdQ,calypso_soca,TT,2020s,caribbean,,https://open.spotify.com/track/2dyrtbI45wYoDCJ3TASuGi,,189054,0,2025-02-25,1798848708,https://music.apple.com/us/album/the-truth/1798848700?i=1798848708&uo=4,Modern Dancehall,data/raw/audio/calypso_soca/2dyrtbI45wYoDCJ3TASuGi.m4a,itunes,QZZEB2457120,,TT,
6H7ceabcnPzo61tefRMeNz,Give Me Soca,Byron Lee & The Dragonaires,1akUOJhf77cbKJveLHgxpy,calypso_soca,UNK,2000s,caribbean,,https://open.spotify.com/track/6H7ceabcnPzo61tefRMeNz,,210453,0,2009-03-16,309138538,https://music.apple.com/us/album/give-me-soca/309138432?i=309138538&uo=4,Reggae,data/raw/audio/calypso_soca/6H7ceabcnPzo61tefRMeNz.m4a,itunes,USVPR0713139,,,
3puwX1uY5xFpsJkOv16m9y,Give Me Soca,Byron Lee & The Dragonaires,1akUOJhf77cbKJveLHgxpy,calypso_soca,UNK,2010s,caribbean,,https://open.spotify.com/track/3puwX1uY5xFpsJkOv16m9y,,209693,0,2010-02-15,309138538,https://music.apple.com/us/album/give-me-soca/309138432?i=309138538&uo=4,Reggae,data/raw/audio/calypso_soca/3puwX1uY5xFpsJkOv16m9y.m4a,itunes,USVPR0916325,,,
0HSfp7t9CTBjWXDAzMIqt3,Too Own Way,Voice,61buXyJGplh38VDpEaB2ds,calypso_soca,TT,2020s,caribbean,,https://open.spotify.com/track/0HSfp7t9CTBjWXDAzMIqt3,,201807,0,2024-11-02,1778377466,https://music.apple.com/us/album/too-own-way/1778377155?i=1778377466&uo=4,Worldwide,data/raw/audio/calypso_soca/0HSfp7t9CTBjWXDAzMIqt3.m4a,itunes,TCAIY2435655,,TT,
2HgjzDF1hWD6xBuFQD8YYH,Sweet Soca Music,Sugar Daddy,5vJ84mrPceu8afaabNNOaT,calypso_soca,BE,2000s,caribbean,,https://open.spotify.com/track/2HgjzDF1hWD6xBuFQD8YYH,,188973,0,2004,213742771,https://music.apple.com/us/album/sweet-soca-music/213742766?i=213742771&uo=4,Reggae,data/raw/audio/calypso_soca/2HgjzDF1hWD6xBuFQD8YYH.m4a,itunes,FR6V80908604,hip hop|disco|downtempo|ragga|ambient|electronic|reggae|funk,BE,
5NiRDAlFxIkFJvqQ7cnxKL,Soca Kingdom,Machel Montano,6wxP7SSzfvi21Cnl8JicdQ,calypso_soca,UNK,2010s,caribbean,,https://open.spotify.com/track/5NiRDAlFxIkFJvqQ7cnxKL,,199391,0,2018-01-19,1702079405,https://music.apple.com/us/album/soca-kingdom/1702079400?i=1702079405&uo=4,Worldwide,data/raw/audio/calypso_soca/5NiRDAlFxIkFJvqQ7cnxKL.m4a,itunes,USUYG1180175,,,
5jTcJHCjliJWvUEllPlHCk,Carnival Tabanca,Bunji Garlin,6nPHDCN7qmxO86eN1grP54,calypso_soca,US,2010s,caribbean,,https://open.spotify.com/track/5jTcJHCjliJWvUEllPlHCk,,229506,0,2014-08-12,880592206,https://music.apple.com/us/album/carnival-tabanca/880592202?i=880592206&uo=4,Reggae,data/raw/audio/calypso_soca/5jTcJHCjliJWvUEllPlHCk.m4a,itunes,USVPR1400071,reggae|dancehall,US,
2CuEoTltt7yzIT7ORP75Vy,Carnival,Machel Montano,6wxP7SSzfvi21Cnl8JicdQ,calypso_soca,TT,2000s,caribbean,,https://open.spotify.com/track/2CuEoTltt7yzIT7ORP75Vy,,227213,0,2003-02-10,1702744935,https://music.apple.com/us/album/carnival/1702744729?i=1702744935&uo=4,Reggae,data/raw/audio/calypso_soca/2CuEoTltt7yzIT7ORP75Vy.m4a,itunes,TCAAY1158461,hip hop|pop rap|dancehall|reggae|reggae-pop|?,TT,
6A5hSpa9QSlGE6eZJOC3yA,Carnival Contract,Bunji Garlin,6nPHDCN7qmxO86eN1grP54,calypso_soca,TT,2020s,caribbean,,https://open.spotify.com/track/6A5hSpa9QSlGE6eZJOC3yA,,238400,0,2024-02-09,1723089927,https://music.apple.com/us/album/carnival-contract/1723089925?i=1723089927&uo=4,Modern Dancehall,data/raw/audio/calypso_soca/6A5hSpa9QSlGE6eZJOC3yA.m4a,itunes,QZZEC2321176,,TT,
0kEsBGQkt9bP8O71Rcz1LI,Soca Demon,Kerwin Du Bois,1yzePBgnaJhaFDpgt7MpxA,calypso_soca,UNK,2010s,caribbean,,https://open.spotify.com/track/0kEsBGQkt9bP8O71Rcz1LI,,206796,0,2019-01-21,1450282877,https://music.apple.com/us/album/soca-demon/1450282862?i=1450282877&uo=4,Worldwide,data/raw/audio/calypso_soca/0kEsBGQkt9bP8O71Rcz1LI.m4a,itunes,TCAEB1934160,,,
3czX6C45yMlSQo9bFSuQK7,Carnival Friend,Kes,7E6r9S8qCRfZVCjF1A8do6,calypso_soca,TT,2020s,caribbean,,https://open.spotify.com/track/3czX6C45yMlSQo9bFSuQK7,,236217,0,2025-11-19,1853685430,https://music.apple.com/us/album/carnival-friend/1853685429?i=1853685430&uo=4,Modern Dancehall,data/raw/audio/calypso_soca/3czX6C45yMlSQo9bFSuQK7.m4a,itunes,QZZ8B2591578,,TT,
5Tw9dq5HdS70xGCpJqQtG0,Trouble in the Morning,V'ghn,4vJ5CUGTaAXPBNzT8dVWCG,calypso_soca,UNK,2010s,caribbean,,https://open.spotify.com/track/5Tw9dq5HdS70xGCpJqQtG0,,210000,0,2018-06-01,1642135175,https://music.apple.com/us/album/trouble-in-the-morning/1642134645?i=1642135175&uo=4,Modern Dancehall,data/raw/audio/calypso_soca/5Tw9dq5HdS70xGCpJqQtG0.m4a,itunes,USA2P1844284,,,
2VZlQCR2NlWD7NWEUjIQMA,Rock It,Baron,2sRsSGDTIpVs0r5UQ4OA3p,calypso_soca,US,2020s,caribbean,,https://open.spotify.com/track/2VZlQCR2NlWD7NWEUjIQMA,,164409,0,2025-12-05,1858370594,https://music.apple.com/us/album/rock-it/1858370588?i=1858370594&uo=4,Soca,data/raw/audio/calypso_soca/2VZlQCR2NlWD7NWEUjIQMA.m4a,itunes,QZSTP2500822,,US,
6rIE6JA0jPE3OyuNPGrX2C,Shots (One for Di Road),Motto,2yK06HIkW6eitM49lypo0O,calypso_soca,UNK,2010s,caribbean,,https://open.spotify.com/track/6rIE6JA0jPE3OyuNPGrX2C,,137195,0,2019-11-02,1546923728,https://music.apple.com/us/album/shots-one-for-di-road/1546923726?i=1546923728&uo=4,Worldwide,data/raw/audio/calypso_soca/6rIE6JA0jPE3OyuNPGrX2C.m4a,itunes,QMRTJ1900810,,,
2ObK7AEuXZmOv8h5WKSjj1,Big Bad Soca,Bunji Garlin,6nPHDCN7qmxO86eN1grP54,calypso_soca,US,2010s,caribbean,,https://open.spotify.com/track/2ObK7AEuXZmOv8h5WKSjj1,,160965,0,2017-09-01,1229208604,https://music.apple.com/us/album/big-bad-soca/1229207529?i=1229208604&uo=4,Reggae,data/raw/audio/calypso_soca/2ObK7AEuXZmOv8h5WKSjj1.m4a,itunes,USVPR1700112,,US,
4qZ5BoiH3zNl6A18w0GwYk,Oil Pumping,Krosfyah,3uQVuPVfmrKurJ95xoL5DA,calypso_soca,US,1990s,caribbean,,https://open.spotify.com/track/4qZ5BoiH3zNl6A18w0GwYk,,261826,0,1999,311281103,https://music.apple.com/us/album/oil-pumping/311281043?i=311281103&uo=4,Reggae,data/raw/audio/calypso_soca/4qZ5BoiH3zNl6A18w0GwYk.m4a,itunes,USVPR9906017,,US,
09sxvFydn9gjPbBLBck2If,Soca Take Over,Kes,7E6r9S8qCRfZVCjF1A8do6,calypso_soca,UNK,2020s,caribbean,,https://open.spotify.com/track/09sxvFydn9gjPbBLBck2If,,191150,0,2020-02-07,1654048144,https://music.apple.com/us/album/soca-take-over/1654048143?i=1654048144&uo=4,Modern Dancehall,data/raw/audio/calypso_soca/09sxvFydn9gjPbBLBck2If.m4a,itunes,USUYG1289651,,,
77efykPXrKPWQUVN7CTvPa,Doux Doux Darlin,Christo,0KnjqOM3FNDO3SUSKWRDLj,calypso_soca,UNK,2020s,caribbean,,https://open.spotify.com/track/77efykPXrKPWQUVN7CTvPa,,192601,0,2025-11-12,1852359234,https://music.apple.com/us/album/doux-doux-darlin/1852359233?i=1852359234&uo=4,Soca,data/raw/audio/calypso_soca/77efykPXrKPWQUVN7CTvPa.m4a,itunes,QMRTJ2501211,,,
5vInsjdXaM5ikAeRr1s1VK,Respectfully Yours,Full Blown,3zbOZ8HVaeogc99IuaBinC,calypso_soca,TT,2020s,caribbean,,https://open.spotify.com/track/5vInsjdXaM5ikAeRr1s1VK,,152727,0,2025-11-22,1852825089,https://music.apple.com/us/album/respectfully-yours/1852825088?i=1852825089&uo=4,Modern Dancehall,data/raw/audio/calypso_soca/5vInsjdXaM5ikAeRr1s1VK.m4a,itunes,QZZ8B2582668,,TT,
6ipeMkaYyO0bkdt0hNrjG4,Wedding Band,Coutain,1MdzISNKOYvAhoak5FBn2C,calypso_soca,TT,2020s,caribbean,,https://open.spotify.com/track/6ipeMkaYyO0bkdt0hNrjG4,,202086,0,2025-10-24,1848259407,https://music.apple.com/us/album/wedding-band/1848259406?i=1848259407&uo=4,Soca,data/raw/audio/calypso_soca/6ipeMkaYyO0bkdt0hNrjG4.m4a,itunes,QZZ8B2547900,,TT,
6VtkZ454trSSjvLLW9QxiU,Inch by Inch,Yung Bredda,10AVFI86WCq4tNhY31g6FL,calypso_soca,TT,2020s,caribbean,,https://open.spotify.com/track/6VtkZ454trSSjvLLW9QxiU,,189810,0,2025-11-11,1852133500,https://music.apple.com/us/album/inch-by-inch/1852133499?i=1852133500&uo=4,Soca,data/raw/audio/calypso_soca/6VtkZ454trSSjvLLW9QxiU.m4a,itunes,QZW9K2534621,,TT,
22fFQtquJgXlte3RuXYYt7,Jab Decisions,V'ghn,4vJ5CUGTaAXPBNzT8dVWCG,calypso_soca,UNK,2020s,caribbean,,https://open.spotify.com/track/22fFQtquJgXlte3RuXYYt7,,197625,0,2025-07-01,1876373706,https://music.apple.com/us/album/jab-decisions/1876373694?i=1876373706&uo=4,Soca,data/raw/audio/calypso_soca/22fFQtquJgXlte3RuXYYt7.m4a,itunes,USZXT2557259,,,
1x89dD1bENfCHL6MiZurDI,Cocoa Tea,Kes,7E6r9S8qCRfZVCjF1A8do6,calypso_soca,TT,2020s,caribbean,,https://open.spotify.com/track/1x89dD1bENfCHL6MiZurDI,,211173,0,2024-11-15,1778350176,https://music.apple.com/us/album/cocoa-tea/1778350175?i=1778350176&uo=4,Modern Dancehall,data/raw/audio/calypso_soca/1x89dD1bENfCHL6MiZurDI.m4a,itunes,QZZ8B2452397,,TT,
4Acvzz3ckf8kuJhRYGsQUC,Socadao,Filho do Piseiro,4vZcLTSiYdIBUFYtaps1uW,calypso_soca,UNK,2020s,caribbean,,https://open.spotify.com/track/4Acvzz3ckf8kuJhRYGsQUC,,164641,0,2026-02-07,6761790693,https://music.apple.com/us/album/socadao/1891504804?i=6761790693&uo=4,Forró,data/raw/audio/calypso_soca/4Acvzz3ckf8kuJhRYGsQUC.m4a,itunes,QT65Y2625568,,,
3xpnKNuV6IZxgMIIJLeLKX,Lucy,Destra,0xMFjTpcN1zaf1ZU5NaNmk,calypso_soca,UNK,2010s,caribbean,,https://open.spotify.com/track/3xpnKNuV6IZxgMIIJLeLKX,,210755,0,2015-03-17,1076927577,https://music.apple.com/us/album/lucy/1076927563?i=1076927577&uo=4,Worldwide,data/raw/audio/calypso_soca/3xpnKNuV6IZxgMIIJLeLKX.m4a,itunes,ushm81584042,,,
5eCp47PfcZy61mDNdCZz1X,The Greatest Bend Over (Take It Easy),Full Blown,3zbOZ8HVaeogc99IuaBinC,calypso_soca,UNK,2020s,caribbean,,https://open.spotify.com/track/5eCp47PfcZy61mDNdCZz1X,,170769,0,2025-05-21,1816004643,https://music.apple.com/us/album/the-greatest-bend-over-take-it-easy/1816004642?i=1816004643&uo=4,Reggae,data/raw/audio/calypso_soca/5eCp47PfcZy61mDNdCZz1X.m4a,itunes,QZZEB2457127,,,
4LeGXUArvKORbcrykE26q3,Hard Fete,Bunji Garlin,6nPHDCN7qmxO86eN1grP54,calypso_soca,TT,2020s,caribbean,,https://open.spotify.com/track/4LeGXUArvKORbcrykE26q3,,230437,0,2022-11-25,1655958108,https://music.apple.com/us/album/hard-fete/1655958107?i=1655958108&uo=4,Modern Dancehall,data/raw/audio/calypso_soca/4LeGXUArvKORbcrykE26q3.m4a,itunes,QZWDD2291723,,TT,
3q3odJCJCPaMuCxwgEqvAl,SOCA TEA,Mastaa T,4ukw97lFJErNJ3ffRo6BTf,calypso_soca,UNK,2020s,caribbean,,https://open.spotify.com/track/3q3odJCJCPaMuCxwgEqvAl,,112500,0,2026-05-03,6766867946,https://music.apple.com/us/album/soca-tea/6766867945?i=6766867946&uo=4,Singer/Songwriter,data/raw/audio/calypso_soca/3q3odJCJCPaMuCxwgEqvAl.m4a,itunes,QZWFW2699044,,,
4qybrP2eR1Ex5X8wkz7DDw,CROP HOT,Mastaa T,4ukw97lFJErNJ3ffRo6BTf,calypso_soca,UNK,2020s,caribbean,,https://open.spotify.com/track/4qybrP2eR1Ex5X8wkz7DDw,,113768,0,2026-04-26,6764612999,https://music.apple.com/us/album/crop-hot/1895849910?i=6764612999&uo=4,Singer/Songwriter,data/raw/audio/calypso_soca/4qybrP2eR1Ex5X8wkz7DDw.m4a,itunes,QZWFR2627277,,,
53DRjYdQP3nBUrwGzK15Br,Tea Tea,Mastaa T,4ukw97lFJErNJ3ffRo6BTf,calypso_soca,UNK,2020s,caribbean,,https://open.spotify.com/track/53DRjYdQP3nBUrwGzK15Br,,122181,0,2026-02-14,1877958956,https://music.apple.com/us/album/tea-tea/1877958955?i=1877958956&uo=4,Dance,data/raw/audio/calypso_soca/53DRjYdQP3nBUrwGzK15Br.m4a,itunes,QZK6K2660437,,,
1rRL1mufcX09teyeTfnARC,Good Spirits,Full Blown,3zbOZ8HVaeogc99IuaBinC,calypso_soca,TT,2020s,caribbean,,https://open.spotify.com/track/1rRL1mufcX09teyeTfnARC,,200769,0,2024-12-02,1818404766,https://music.apple.com/us/album/good-spirits/1818404763?i=1818404766&uo=4,Modern Dancehall,data/raw/audio/calypso_soca/1rRL1mufcX09teyeTfnARC.m4a,itunes,QZZEB2457128,,TT,
0rWyZb2HM9SecDZ85kIauC,Socadita,Eddy Ranks,2t1Gnw7G3YaBpbJ0qAJbSn,calypso_soca,UNK,2010s,caribbean,,https://open.spotify.com/track/0rWyZb2HM9SecDZ85kIauC,,200829,0,2013-08-24,694613603,https://music.apple.com/us/album/socadita/694613241?i=694613603&uo=4,Reggae,data/raw/audio/calypso_soca/0rWyZb2HM9SecDZ85kIauC.m4a,itunes,USJ3V1261792,,,
2SI1Wz6w8mUV46jIY5EJDW,juju,Zubi,1u58ZRn45A7jc3QmucALbY,juju,UNK,2020s,westafrican,yoruba,https://open.spotify.com/track/2SI1Wz6w8mUV46jIY5EJDW,,162680,0,2020-09-11,1756981414,https://music.apple.com/us/album/juju/1756981111?i=1756981414&uo=4,Pop,data/raw/audio/juju/2SI1Wz6w8mUV46jIY5EJDW.m4a,itunes,UKGCZ2000072,,,
7srz6fVKgQhnFc2rsZJe7z,Mundiya Loju,M.A. Jaiyesimi & His Crescent Bros Band,07zVElJ03vV7oXU7ccFmlN,juju,UNK,2010s,westafrican,yoruba,https://open.spotify.com/track/7srz6fVKgQhnFc2rsZJe7z,,183240,0,2019-03-29,1452822608,https://music.apple.com/us/album/mundiya-loju/1452821923?i=1452822608&uo=4,Worldwide,data/raw/audio/juju/7srz6fVKgQhnFc2rsZJe7z.m4a,itunes,DEG931900027,,,
3dvKQwFDsbdZ2dQuI07BlI,Enia Lasan,Chief Commander Ebenezer Obey,508KmjoFyijrHprjyRkrtv,juju,UNK,2010s,westafrican,yoruba,https://open.spotify.com/track/3dvKQwFDsbdZ2dQuI07BlI,,370320,0,2010-05-16,377030422,https://music.apple.com/us/album/enia-lasan/377030376?i=377030422&uo=4,Christian,data/raw/audio/juju/3dvKQwFDsbdZ2dQuI07BlI.m4a,itunes,USA371093104,,,
1x9jw0pdfbtYXRrdgYCc8O,Juju pt. 2 - A COLORS SHOW,Bryann,1S7tYUIXPaaRJSFhXSJn19,juju,UNK,2020s,westafrican,yoruba,https://open.spotify.com/track/1x9jw0pdfbtYXRrdgYCc8O,,196210,0,2022-07-28,1821694940,https://music.apple.com/us/album/juju-pt-2-a-colors-show/1821694939?i=1821694940&uo=4,Afro-Pop,data/raw/audio/juju/1x9jw0pdfbtYXRrdgYCc8O.m4a,itunes,DEXC82200042,,,
0PIYTzPh2aJoMUwpDFl5ia,E Ma S'eka,Bola Johnson,7CfyXrIeIEd05s0nEPvjW1,juju,UNK,2010s,westafrican,yoruba,https://open.spotify.com/track/0PIYTzPh2aJoMUwpDFl5ia,,184515,0,2011-05-09,1731866219,https://music.apple.com/us/album/e-ma-seka/1731866216?i=1731866219&uo=4,Worldwide,data/raw/audio/juju/0PIYTzPh2aJoMUwpDFl5ia.m4a,itunes,DEG931160260,,,
53Df6hdXnMoqxwuWHbYdqu,Oni Suru,Odeyemi,5K2Ub1LZoNk0XyxqvH7jES,juju,UNK,2010s,westafrican,yoruba,https://open.spotify.com/track/53Df6hdXnMoqxwuWHbYdqu,,326146,0,2019-03-29,1452821928,https://music.apple.com/us/album/oni-suru/1452821923?i=1452821928&uo=4,Worldwide,data/raw/audio/juju/53Df6hdXnMoqxwuWHbYdqu.m4a,itunes,DEG931900016,,,
2jcg6QHuL3XdwK2eIuOK94,Hossana in the Highest,Fada Alexx,19TitivcaGfKWzRAX8vrtT,juju,UNK,2020s,westafrican,yoruba,https://open.spotify.com/track/2jcg6QHuL3XdwK2eIuOK94,,302319,0,2026-06-07,6777247985,https://music.apple.com/us/album/hossana-in-the-highest/6777247973?i=6777247985&uo=4,Christian,data/raw/audio/juju/2jcg6QHuL3XdwK2eIuOK94.m4a,itunes,GBWUL2656694,,,
6IqKmZd43Xw7jHCekXY1bO,Sunny Ti De Ariya,King Sunny Ade,0eatcjNWvGuDEPNnjgPNn1,juju,GB,1980s,westafrican,yoruba,https://open.spotify.com/track/6IqKmZd43Xw7jHCekXY1bO,,226200,0,1982,1442454220,https://music.apple.com/us/album/sunny-ti-de-ariya/1442454099?i=1442454220&uo=4,African,data/raw/audio/juju/6IqKmZd43Xw7jHCekXY1bO.m4a,itunes,GBAAN0201213,afrobeat|african,GB,
6VFE6YpWM90aNqKwzuBBLg,Aye Nreti Eleya,King Sunny Ade,0eatcjNWvGuDEPNnjgPNn1,juju,UNK,1990s,westafrican,yoruba,https://open.spotify.com/track/6VFE6YpWM90aNqKwzuBBLg,,273412,0,1992-10-17,1764024430,https://music.apple.com/us/album/aye-nreti-eleya/1764024429?i=1764024430&uo=4,Worldwide,data/raw/audio/juju/6VFE6YpWM90aNqKwzuBBLg.m4a,itunes,QZTB72458038,,,
5MY2shxqQ4bFBPUeYB5azo,Suku Suku Bam Bam,King Sunny Ade,0eatcjNWvGuDEPNnjgPNn1,juju,US,2000s,westafrican,yoruba,https://open.spotify.com/track/5MY2shxqQ4bFBPUeYB5azo,,581400,0,2000-06-20,276726975,https://music.apple.com/us/album/suku-suku-bam-bam/276726859?i=276726975&uo=4,Worldwide,data/raw/audio/juju/5MY2shxqQ4bFBPUeYB5azo.m4a,itunes,USA2P0823111,,US,
7LLyEy0GVYBpziR5O06ZZv,Ja Funmi,King Sunny Ade,0eatcjNWvGuDEPNnjgPNn1,juju,GB,1980s,westafrican,yoruba,https://open.spotify.com/track/7LLyEy0GVYBpziR5O06ZZv,,428800,0,1982,1442454196,https://music.apple.com/us/album/ja-funmi/1442454099?i=1442454196&uo=4,African,data/raw/audio/juju/7LLyEy0GVYBpziR5O06ZZv.m4a,itunes,GBAAN0201216,afrobeat|african,GB,
47ZKAaOco4DebMlGRzcvUn,Ma Jaiye Oni,King Sunny Ade,0eatcjNWvGuDEPNnjgPNn1,juju,FR,1980s,westafrican,yoruba,https://open.spotify.com/track/47ZKAaOco4DebMlGRzcvUn,,307866,0,1982,1442454444,https://music.apple.com/us/album/ma-jaiye-oni/1442454099?i=1442454444&uo=4,African,data/raw/audio/juju/47ZKAaOco4DebMlGRzcvUn.m4a,itunes,GBAAN0201214,afrobeat|african,FR,
2jZQ4tNLP0tgzYXbdtwPdi,Merciful God,King Sunny Ade,0eatcjNWvGuDEPNnjgPNn1,juju,US,2000s,westafrican,yoruba,https://open.spotify.com/track/2jZQ4tNLP0tgzYXbdtwPdi,,396933,0,2000-06-20,276727102,https://music.apple.com/us/album/merciful-god/276726859?i=276727102&uo=4,Worldwide,data/raw/audio/juju/2jZQ4tNLP0tgzYXbdtwPdi.m4a,itunes,USA2P0823117,,US,
7HwvN8toW9TIikL0Jr0AfV,Love & Loyalty (feat. Mannywellz),Wale,67nwj3Y5sZQLl72VNUHEYE,juju,UNK,2010s,westafrican,yoruba,https://open.spotify.com/track/7HwvN8toW9TIikL0Jr0AfV,,190903,0,2019-10-11,1485289297,https://music.apple.com/us/album/love-loyalty-feat-mannywellz/1485288800?i=1485289297&uo=4,Hip-Hop/Rap,data/raw/audio/juju/7HwvN8toW9TIikL0Jr0AfV.m4a,itunes,USWB11902131,,,
740vfmatXFtyNO8FzsQpSN,Love & Loyalty (feat. Mannywellz),Wale,67nwj3Y5sZQLl72VNUHEYE,juju,UNK,2010s,westafrican,yoruba,https://open.spotify.com/track/740vfmatXFtyNO8FzsQpSN,,190903,0,2019-10-01,1485289297,https://music.apple.com/us/album/love-loyalty-feat-mannywellz/1485288800?i=1485289297&uo=4,Hip-Hop/Rap,data/raw/audio/juju/740vfmatXFtyNO8FzsQpSN.m4a,itunes,USWB11902131,,,
4t1QxIeSmArrQN53MevNxQ,Sunny Ade,Teelay Nines,62vJohO87pKeexQvmeROSJ,juju,UNK,2020s,westafrican,yoruba,https://open.spotify.com/track/4t1QxIeSmArrQN53MevNxQ,,195346,0,2025-06-13,1867796880,https://music.apple.com/us/album/folasade/1867796870?i=1867796880&uo=4,Worldwide,data/raw/audio/juju/4t1QxIeSmArrQN53MevNxQ.m4a,itunes,UKN492501589,,,
6EiWjlcIm0MOEmQ6xAU3zQ,O Tin Load,Tipsy Araga,6F6Ub0LQ0wsD9zVidzn0SR,juju,UNK,2020s,westafrican,yoruba,https://open.spotify.com/track/6EiWjlcIm0MOEmQ6xAU3zQ,,197642,0,2020-04-27,1563996704,https://music.apple.com/us/album/gbo-yoruba-feat-olamide/1563996702?i=1563996704&uo=4,Alternative,data/raw/audio/juju/6EiWjlcIm0MOEmQ6xAU3zQ.m4a,itunes,QZES62047287,,,
1JaQ8nuA4UCtVQCFizttu0,Adé Orí Òkin,K1 De Ultimate,4QDPgnH8H5BkicUp3nbIWT,juju,UNK,2020s,westafrican,yoruba,https://open.spotify.com/track/1JaQ8nuA4UCtVQCFizttu0,,219759,0,2020-08-21,1745327992,https://music.apple.com/us/album/ad%C3%A9-or%C3%AD-%C3%B2kin/1745327924?i=1745327992&uo=4,Fuji,data/raw/audio/juju/1JaQ8nuA4UCtVQCFizttu0.m4a,itunes,ZAA6R2000025,,,
6SyvPeEmj4yBblsKIyiGqT,Tabiji,Fujii Kaze,6bDWAcdtVR3WHz2xtiIPUi,juju,UNK,2020s,westafrican,yoruba,https://open.spotify.com/track/6SyvPeEmj4yBblsKIyiGqT,,277026,0,2022-03-23,1555177261,https://music.apple.com/us/album/tabiji/1555177249?i=1555177261&uo=4,J-Pop,data/raw/audio/juju/6SyvPeEmj4yBblsKIyiGqT.m4a,itunes,JPPO02100112,,,
0z9PmOearUomC1PrW2EBkK,Duka Hausawa,Chief Dr. Sikiru Ayinde Barrister (MFR),3MUG3UzeQWT49WgA7hZrMg,juju,UNK,1990s,westafrican,yoruba,https://open.spotify.com/track/0z9PmOearUomC1PrW2EBkK,,299828,0,1991-01-11,1612977425,https://music.apple.com/us/album/duka-hausawa/1612977424?i=1612977425&uo=4,African,data/raw/audio/juju/0z9PmOearUomC1PrW2EBkK.m4a,itunes,USV291346134,,,
3p99vSgqqsFFDPaunOUI7o,Only Yeshua - Live,David Dam,1vNw15c6UztXmCZTCwTPdc,juju,UNK,2020s,westafrican,yoruba,https://open.spotify.com/track/3p99vSgqqsFFDPaunOUI7o,,584362,0,2023-07-20,1829495654,https://music.apple.com/us/album/only-yeshua-live/1829495403?i=1829495654&uo=4,Christian,data/raw/audio/juju/3p99vSgqqsFFDPaunOUI7o.m4a,itunes,QZNWU2308708,,,
1tb5PhrN4RTkc2fS4i6Ri0,Fuji,Nedaj,56huNdCA3s7tthaMNhIXLU,juju,UNK,2020s,westafrican,yoruba,https://open.spotify.com/track/1tb5PhrN4RTkc2fS4i6Ri0,,186566,0,2021-08-12,1786961543,https://music.apple.com/us/album/fuji/1786961542?i=1786961543&uo=4,Electronic,data/raw/audio/juju/1tb5PhrN4RTkc2fS4i6Ri0.m4a,itunes,QZK6G2145404,breakcore|alternative|maryland,,
3ICibjXxX610PI6rcQZvRY,fuji,Bert,3Zi91vuWAU6SUwcKDf8zDq,juju,UNK,2020s,westafrican,yoruba,https://open.spotify.com/track/3ICibjXxX610PI6rcQZvRY,,165013,0,2021-06-25,1710110840,https://music.apple.com/us/album/fuji-feat-jhove/1710110561?i=1710110840&uo=4,Old School Rap,data/raw/audio/juju/3ICibjXxX610PI6rcQZvRY.m4a,itunes,GBKQU2168453,,,
4S0Grq19Sgac84APE6xD1x,Fuji praise,Tosin Bee,1fjiVka7H0Dydce3sPArtt,juju,UNK,2020s,westafrican,yoruba,https://open.spotify.com/track/4S0Grq19Sgac84APE6xD1x,,484250,0,2023-12-13,1718757914,https://music.apple.com/us/album/fuji-praise-feat-beezlenation/1718757906?i=1718757914&uo=4,Christian,data/raw/audio/juju/4S0Grq19Sgac84APE6xD1x.m4a,itunes,QZW9L2341875,,,
1PSd517DTBVFACNiF0nskz,Baca,Terry Apala,0lHE0lpGvHJWcbieicn5wM,juju,UNK,2010s,westafrican,yoruba,https://open.spotify.com/track/1PSd517DTBVFACNiF0nskz,,196675,0,2018-08-10,1422784422,https://music.apple.com/us/album/baca/1422783270?i=1422784422&uo=4,Hip-Hop/Rap,data/raw/audio/juju/1PSd517DTBVFACNiF0nskz.m4a,itunes,TCADS1864743,,,
1SiBHQQkkySXWZfARVr6Pz,APALA DISCO,DJ Tunez,64oW4P0vsDhlorOxZKQi6a,juju,UNK,2020s,westafrican,yoruba,https://open.spotify.com/track/1SiBHQQkkySXWZfARVr6Pz,,301950,0,2023-11-01,1713941082,https://music.apple.com/us/album/apala-disco/1713941081?i=1713941082&uo=4,Worldwide,data/raw/audio/juju/1SiBHQQkkySXWZfARVr6Pz.m4a,itunes,NLRD52253848,,,
6rSWa9ri8DDfYDhdWLaxjL,Ma Bawon Soro Eti Won Akun Egbe Bomodeoku Abeokuta Atu Romimu L'egba Captain Sunday Eweje Akanni Omo Olosede Ogun Ajobo Apapo Lafenwa,Alhaji Ayinla Omowura & His Apala Group,5NRwnhXlSI4pq9GXYOI8No,juju,UNK,2010s,westafrican,yoruba,https://open.spotify.com/track/6rSWa9ri8DDfYDhdWLaxjL,,1178693,0,2010-05-23,388454563,https://music.apple.com/us/album/ma-bawon-soro-eti-won-akun-egbe-bomodeoku-abeokuta/388454368?i=388454563&uo=4,Jazz,data/raw/audio/juju/6rSWa9ri8DDfYDhdWLaxjL.m4a,itunes,USA561040014,,,
2GcHlqRkqpQOQAMrJ6XNcj,Yoruba,Cap Kendricks,3Nc3vycu3NLmfOLxGKPXLj,juju,FR,2010s,westafrican,yoruba,https://open.spotify.com/track/2GcHlqRkqpQOQAMrJ6XNcj,,129319,0,2019-10-30,1483746047,https://music.apple.com/us/album/yoruba/1483746046?i=1483746047&uo=4,Hip-Hop/Rap,data/raw/audio/juju/2GcHlqRkqpQOQAMrJ6XNcj.m4a,itunes,FR9Z61900275,,FR,
1vdP5l03rrRobswkVke5qP,Lazarus (feat. Boj),Dave,6Ip8FS7vWT1uKkJSweANQK,juju,UNK,2020s,westafrican,yoruba,https://open.spotify.com/track/1vdP5l03rrRobswkVke5qP,,204373,0,2021-07-22,1603342871,https://music.apple.com/us/album/lazarus-mixed/1603342730?i=1603342871&uo=4,African Dancehall,data/raw/audio/juju/1vdP5l03rrRobswkVke5qP.m4a,itunes,GBUM72104340,,,
2dViR2V6fHWWRX5no1DBhm,Mirror Dance - Yoruba Soul Remix,Afefe Iku,1wyvNzqxNicz6tQP1JzOhu,juju,GB,2000s,westafrican,yoruba,https://open.spotify.com/track/2dViR2V6fHWWRX5no1DBhm,,628951,0,2008-12-08,1783936756,https://music.apple.com/us/album/mirror-dance-yoruba-soul-remix/1783936755?i=1783936756&uo=4,Dance,data/raw/audio/juju/2dViR2V6fHWWRX5no1DBhm.m4a,itunes,ITK140800045,,GB,
7nFKsfZjsCGDKvu5z0UHq7,Ghana Highlife Mashup,Nana Fofie,4VUZyzya1v8H9StAeuKYXW,highlife,UNK,2010s,westafrican,akan,https://open.spotify.com/track/7nFKsfZjsCGDKvu5z0UHq7,,231038,0,2018-12-10,1702263026,https://music.apple.com/us/album/ghana-highlife-mashup/1702263022?i=1702263026&uo=4,Pop,data/raw/audio/highlife/7nFKsfZjsCGDKvu5z0UHq7.m4a,itunes,TCADZ1818825,,,
4MSbENHi7SSa5UeBerHuSF,Powerful Highlife Medley,One Voice Choir Ghana,1pVZ25al5pptk6SLlHnTdd,highlife,UNK,2020s,westafrican,akan,https://open.spotify.com/track/4MSbENHi7SSa5UeBerHuSF,,637648,0,2021-04-25,1564390341,https://music.apple.com/us/album/powerful-highlife-medley/1564390339?i=1564390341&uo=4,Christian,data/raw/audio/highlife/4MSbENHi7SSa5UeBerHuSF.m4a,itunes,QZHN32168797,,,
3RQesWsOqRLurh96zbXe2z,Atia - Highlife,Epixode,4W5GvdMaNMlr78lbnaW2P3,highlife,UNK,2020s,westafrican,akan,https://open.spotify.com/track/3RQesWsOqRLurh96zbXe2z,,288260,0,2022-10-21,1634449025,https://music.apple.com/us/album/atia-hi-life-rendition-feat-kwabena-kwabena/1634449024?i=1634449025&uo=4,Worldwide,data/raw/audio/highlife/3RQesWsOqRLurh96zbXe2z.m4a,itunes,QZW9K2288698,,,
1YqKOA7wkzMSsTH6VR60xw,Highlife Medley,Harmonious Chorale Ghana,3OFXvQwuZ92GvUpS8AtezX,highlife,UNK,2020s,westafrican,akan,https://open.spotify.com/track/1YqKOA7wkzMSsTH6VR60xw,,810266,0,2021-12-14,1608350971,https://music.apple.com/us/album/highlife-medley/1608348293?i=1608350971&uo=4,Christian,data/raw/audio/highlife/1YqKOA7wkzMSsTH6VR60xw.m4a,itunes,TCAFX2125061,,,
0pdbYqd4uhdVwawzZkbhic,Fefeefe - Highlife,Ohemaa Mercy,0UZvkysizI1xwBTkcAPD8s,highlife,UNK,2020s,westafrican,akan,https://open.spotify.com/track/0pdbYqd4uhdVwawzZkbhic,,288026,0,2023-08-02,1700735081,https://music.apple.com/us/album/fefeefe-highlife/1700735078?i=1700735081&uo=4,Christian,data/raw/audio/highlife/0pdbYqd4uhdVwawzZkbhic.m4a,itunes,QZYFZ2334961,,,
7wBc1GgjHtROXgq9oXQvwQ,Highlife Time,George Darko,2VCsvAGppsjBLBBMZr03q9,highlife,GB,2010s,westafrican,akan,https://open.spotify.com/track/7wBc1GgjHtROXgq9oXQvwQ,,375266,0,2017-01-20,1197764555,https://music.apple.com/us/album/highlife-time/1197764218?i=1197764555&uo=4,Alternative,data/raw/audio/highlife/7wBc1GgjHtROXgq9oXQvwQ.m4a,itunes,GBCCG1600071,,GB,
3GN1GkAlZ1hd59ek8ySru7,Obi Agye Me Dofo,Vis a Vis,0zX9gAaZYmBeJwSlJSV2bm,highlife,GB,2010s,westafrican,akan,https://open.spotify.com/track/3GN1GkAlZ1hd59ek8ySru7,,590706,0,2012-01-20,1612416758,https://music.apple.com/us/album/obi-agye-me-dofo/1612416700?i=1612416758&uo=4,Worldwide,data/raw/audio/highlife/3GN1GkAlZ1hd59ek8ySru7.m4a,itunes,GBUQH0900161,traditional|african,GB,
5I9ru11ZxYNG9XqixTQKOy,You Monopolise Me,The Ogyatanaa Show Band,0AJM60aFXEl0tUmjZpSHSL,highlife,GB,2010s,westafrican,akan,https://open.spotify.com/track/5I9ru11ZxYNG9XqixTQKOy,,194426,0,2012-01-20,1612416762,https://music.apple.com/us/album/you-monopolise-me/1612416700?i=1612416762&uo=4,Worldwide,data/raw/audio/highlife/5I9ru11ZxYNG9XqixTQKOy.m4a,itunes,GBUQH0900165,traditional|african,GB,
5TI7ut89bTHEeobd9y55Ni,Ghana Freedom,E.T. Mensah,4iT5xSPkGz0b9xj528RKvH,highlife,GB,1990s,westafrican,akan,https://open.spotify.com/track/5TI7ut89bTHEeobd9y55Ni,,161400,0,1991,201599702,https://music.apple.com/us/album/ghana-freedom/201599202?i=201599702&uo=4,Worldwide,data/raw/audio/highlife/5TI7ut89bTHEeobd9y55Ni.m4a,itunes,GBBPX0610008,,GB,
1G8h2BbHv7hobEGIrq7O7G,Onfa Nkosi Hwee,Pat Thomas,6bDPzH0ZXkaMcXYlcQ2yoy,highlife,GB,2010s,westafrican,akan,https://open.spotify.com/track/1G8h2BbHv7hobEGIrq7O7G,,306085,0,2019-10-04,1473613455,https://music.apple.com/us/album/onfa-nkosi-hwee/1473613453?i=1473613455&uo=4,Worldwide,data/raw/audio/highlife/1G8h2BbHv7hobEGIrq7O7G.m4a,itunes,DEG931900034,not party|not aggressive|acoustic|highlife|not happy|sad|not relaxed|not electronic,GB,
0QjROckwixXDGcPPcYspBg,B.E.A.R,M.anifest,1DHw3LmhwuCZUaHtMhMpGX,highlife,UNK,2010s,westafrican,akan,https://open.spotify.com/track/0QjROckwixXDGcPPcYspBg,,237454,0,2016-09-08,1148918650,https://music.apple.com/us/album/b-e-a-r/1148917606?i=1148918650&uo=4,Hip-Hop/Rap,data/raw/audio/highlife/0QjROckwixXDGcPPcYspBg.m4a,itunes,TCACR1623350,,,
1N0GdFeRwgEeiDqkX0m4HB,Life,Bisa Kdei,4AN8jBgYwV1ieMsX1Ntxwc,highlife,UNK,2010s,westafrican,akan,https://open.spotify.com/track/1N0GdFeRwgEeiDqkX0m4HB,,212741,0,2018-04-15,1370520571,https://music.apple.com/us/album/life-feat-patoranking/1370518613?i=1370520571&uo=4,Worldwide,data/raw/audio/highlife/1N0GdFeRwgEeiDqkX0m4HB.m4a,itunes,TCADO1896916,,,
7wktFcp4BjvhHwpI6wbnGQ,Odofo Nnyi Ekyir Biara,Ebo Taylor,2gR0iQTVBPHDKiNn1Kq8HI,highlife,UNK,1970s,westafrican,akan,https://open.spotify.com/track/7wktFcp4BjvhHwpI6wbnGQ,,823733,0,1975,1077285792,https://music.apple.com/us/album/odofo-nnyi-ekyir-biara/1077285683?i=1077285792&uo=4,African,data/raw/audio/highlife/7wktFcp4BjvhHwpI6wbnGQ.m4a,itunes,GBCLQ1502086,,,
0nOmu10BmtJNdqY3YJzuj8,Ntsir A,Ebo Taylor,2gR0iQTVBPHDKiNn1Kq8HI,highlife,GH,1970s,westafrican,akan,https://open.spotify.com/track/0nOmu10BmtJNdqY3YJzuj8,,348853,0,1977,1755550316,https://music.apple.com/us/album/ntsir-a/1755550313?i=1755550316&uo=4,African,data/raw/audio/highlife/0nOmu10BmtJNdqY3YJzuj8.m4a,itunes,ZA56E1517700,,GH,
6EvqYkFZr168Rkxyst3ByJ,Kwame - Instrumental,Ebo Taylor,2gR0iQTVBPHDKiNn1Kq8HI,highlife,UNK,2010s,westafrican,akan,https://open.spotify.com/track/6EvqYkFZr168Rkxyst3ByJ,,222441,0,2010-10-25,391504913,https://music.apple.com/us/album/kwame-instrumental/391504410?i=391504913&uo=4,Worldwide,data/raw/audio/highlife/6EvqYkFZr168Rkxyst3ByJ.m4a,itunes,DEG931050195,,,
3xm3OnerPVFh8X5l7skbLd,Peace On Earth,Ebo Taylor,2gR0iQTVBPHDKiNn1Kq8HI,highlife,US,1970s,westafrican,akan,https://open.spotify.com/track/3xm3OnerPVFh8X5l7skbLd,,463702,0,1977,1687168467,https://music.apple.com/us/album/peace-on-earth/1687167972?i=1687168467&uo=4,Afro-Beat,data/raw/audio/highlife/3xm3OnerPVFh8X5l7skbLd.m4a,itunes,DEG931150279,afrobeat|african,US,
1XE4iQ35cADqpZeAOTmvOS,Heaven,Ebo Taylor,2gR0iQTVBPHDKiNn1Kq8HI,highlife,GH,1970s,westafrican,akan,https://open.spotify.com/track/1XE4iQ35cADqpZeAOTmvOS,,365680,0,1977,1755550319,https://music.apple.com/us/album/heaven/1755550313?i=1755550319&uo=4,African,data/raw/audio/highlife/1XE4iQ35cADqpZeAOTmvOS.m4a,itunes,ZA56E1517703,afrobeat|african,GH,
4P7wLOCCB1kcjzA9gqKt1V,Atwer Abroba,Ebo Taylor,2gR0iQTVBPHDKiNn1Kq8HI,highlife,DE,1970s,westafrican,akan,https://open.spotify.com/track/4P7wLOCCB1kcjzA9gqKt1V,,492339,0,1977,1612452350,https://music.apple.com/us/album/atwer-abroba/1612452349?i=1612452350&uo=4,Worldwide,data/raw/audio/highlife/4P7wLOCCB1kcjzA9gqKt1V.m4a,itunes,DEG931150275,afrobeat|african,DE,
68LBPBEmXttBwc5XaKEjZv,Saana,Ebo Taylor,2gR0iQTVBPHDKiNn1Kq8HI,highlife,GH,1970s,westafrican,akan,https://open.spotify.com/track/68LBPBEmXttBwc5XaKEjZv,,352226,0,1977,1755550315,https://music.apple.com/us/album/saana/1755550313?i=1755550315&uo=4,African,data/raw/audio/highlife/68LBPBEmXttBwc5XaKEjZv.m4a,itunes,ZA56E1517699,,GH,
4Kceskb09PSE3TGFMwvR8z,This is Highlife,Naana Blu,6gdTijoaCbMJnPbSF3yneo,highlife,UNK,2020s,westafrican,akan,https://open.spotify.com/track/4Kceskb09PSE3TGFMwvR8z,,237273,0,2020-10-23,1786646226,https://music.apple.com/us/album/this-is-highlife/1786646209?i=1786646226&uo=4,Afro-Beat,data/raw/audio/highlife/4Kceskb09PSE3TGFMwvR8z.m4a,itunes,GBX722000449,,,
52bv7icQDT52KyePr5JDuf,This Is Highlife,Naana Blu,6gdTijoaCbMJnPbSF3yneo,highlife,UNK,2020s,westafrican,akan,https://open.spotify.com/track/52bv7icQDT52KyePr5JDuf,,237273,0,2020-10-23,1786646226,https://music.apple.com/us/album/this-is-highlife/1786646209?i=1786646226&uo=4,Afro-Beat,data/raw/audio/highlife/52bv7icQDT52KyePr5JDuf.m4a,itunes,GBX722000449,,,
3lGukAlXCWKgZr2m4v4osa,African highlife giant,Chief Osita Steven Osadebe,1MPZZf7WfNs6IAtv7iM9Hj,highlife,UNK,2020s,westafrican,akan,https://open.spotify.com/track/3lGukAlXCWKgZr2m4v4osa,,1100253,0,2024-01-07,1724834688,https://music.apple.com/us/album/african-highlife-giant/1724834490?i=1724834688&uo=4,African,data/raw/audio/highlife/3lGukAlXCWKgZr2m4v4osa.m4a,itunes,QM4TW2410644,,,
1M50Q68VqP8RECGfAeoUMR,African Highlife,Abiana,3wm0cI0W3nrEOjKOcVSxX1,highlife,UNK,2020s,westafrican,akan,https://open.spotify.com/track/1M50Q68VqP8RECGfAeoUMR,,229536,0,2023-10-13,1758702930,https://music.apple.com/us/album/african-highlife/1758702929?i=1758702930&uo=4,Highlife,data/raw/audio/highlife/1M50Q68VqP8RECGfAeoUMR.m4a,itunes,QZTPX2381093,,,
7jAOs2vHIb2b1Qiwy7q3am,Highlife,Gyedu-Blay Ambolley,3K7G8Czqv2acbaWlxFfjbj,highlife,UNK,1980s,westafrican,akan,https://open.spotify.com/track/7jAOs2vHIb2b1Qiwy7q3am,,299713,0,1982,1456307984,https://music.apple.com/us/album/highlife/1456307983?i=1456307984&uo=4,African,data/raw/audio/highlife/7jAOs2vHIb2b1Qiwy7q3am.m4a,itunes,GBCLQ1800310,,,
4jDUAF9vcKXSuyMV0bKXlW,African Style,Bright Chimezie,1BrE2BQLz65hYIFq90pNK4,highlife,UNK,2010s,westafrican,akan,https://open.spotify.com/track/4jDUAF9vcKXSuyMV0bKXlW,,520173,0,2010-04-25,1004086341,https://music.apple.com/us/album/african-style/1004086330?i=1004086341&uo=4,Pop,data/raw/audio/highlife/4jDUAF9vcKXSuyMV0bKXlW.m4a,itunes,TCACF1556089,,,
5l55C4GlG6i8qcZbN70WL0,HighLife - Extended,HotLap,7fQllKIlkVSl9JD1aJ8XYg,highlife,UNK,2020s,westafrican,akan,https://open.spotify.com/track/5l55C4GlG6i8qcZbN70WL0,,255483,0,2022-08-12,1635320620,https://music.apple.com/us/album/highlife-feat-you-extended/1635320609?i=1635320620&uo=4,House,data/raw/audio/highlife/5l55C4GlG6i8qcZbN70WL0.m4a,itunes,DES232200391,,,
51RoP2DDdEFjbqcm4mPS92,People's Club of Nigeria,Chief Dr. Oliver De Coque,6UpKvKQMy7IPuu12HfGZV2,highlife,UNK,2010s,westafrican,akan,https://open.spotify.com/track/51RoP2DDdEFjbqcm4mPS92,,1171533,0,2011-10-16,472718905,https://music.apple.com/us/album/peoples-club-of-nigeria/472718898?i=472718905&uo=4,Worldwide,data/raw/audio/highlife/51RoP2DDdEFjbqcm4mPS92.m4a,itunes,USA371457039,,,
3nd1LksVqG40uG6w9hpZcz,Odo Ko,Dr. K. Gyasi & His Noble Kings,2XRjcWTEbD7szWZ3khOUmR,highlife,UNK,2010s,westafrican,akan,https://open.spotify.com/track/3nd1LksVqG40uG6w9hpZcz,,320391,0,2015-04-23,1734794623,https://music.apple.com/us/album/odo-ko/1734794617?i=1734794623&uo=4,Highlife,data/raw/audio/highlife/3nd1LksVqG40uG6w9hpZcz.m4a,itunes,ZA56E1503475,,,
3U9NVmsEdrTutU49F1ykvf,Gyae Su,Pat Thomas,6bDPzH0ZXkaMcXYlcQ2yoy,highlife,GB,2010s,westafrican,akan,https://open.spotify.com/track/3U9NVmsEdrTutU49F1ykvf,,252889,0,2015-06-15,367819689,https://music.apple.com/us/album/gyae-su/367819556?i=367819689&uo=4,Worldwide,data/raw/audio/highlife/3U9NVmsEdrTutU49F1ykvf.m4a,itunes,DEG931500691,,GB,
06eFoCMzPv11p97V1AScu6,Ene Nyame 'A' Mensuro,Pat Thomas,6bDPzH0ZXkaMcXYlcQ2yoy,highlife,DE,1970s,westafrican,akan,https://open.spotify.com/track/06eFoCMzPv11p97V1AScu6,,376606,0,1977,1612452356,https://music.apple.com/us/album/ene-nyame-a-mensuro/1612452349?i=1612452356&uo=4,Worldwide,data/raw/audio/highlife/06eFoCMzPv11p97V1AScu6.m4a,itunes,DEG931150281,afrobeat,DE,
64YEomh2JG8YhdmNa1RSPq,'56,Derek Gripper,6kUx0oARAtS3eKx7B6CKH2,kora,UNK,2010s,westafrican,mande,https://open.spotify.com/track/64YEomh2JG8YhdmNa1RSPq,,186613,0,2012-09-01,589212528,https://music.apple.com/us/album/56/589212404?i=589212528&uo=4,Worldwide,data/raw/audio/kora/64YEomh2JG8YhdmNa1RSPq.m4a,itunes,TCABK1275246,,,
36tR7kGlYwgi9IWpuUSbp1,Still,Mali Music,4S4kD5NBlgaq4YLBQSEMyY,kora,US,2010s,westafrican,mande,https://open.spotify.com/track/36tR7kGlYwgi9IWpuUSbp1,,290246,0,2017-06-02,1233775325,https://music.apple.com/us/album/still/1233775044?i=1233775325&uo=4,R&B/Soul,data/raw/audio/kora/36tR7kGlYwgi9IWpuUSbp1.m4a,itunes,USRC11701060,,US,
7E9ktJQOj8tBFRNMkLdUaC,Mali,Lubiana,7ojiPW0PaP28Dfl8CqfQ3Q,kora,FR,2020s,westafrican,mande,https://open.spotify.com/track/7E9ktJQOj8tBFRNMkLdUaC,,201053,0,2024-10-25,1765311017,https://music.apple.com/us/album/mali/1765310436?i=1765311017&uo=4,France,data/raw/audio/kora/7E9ktJQOj8tBFRNMkLdUaC.m4a,itunes,FR8O22400230,,FR,
1ozDI6N4dzkTmiW7XPqKow,Necesito de Ti,Inmer Benitez,1LTL0Ea9Wl43xUJK3TzrW8,kora,UNK,2000s,westafrican,mande,https://open.spotify.com/track/1ozDI6N4dzkTmiW7XPqKow,,271764,0,2006-01-01,1481280963,https://music.apple.com/us/album/necesito-de-ti/1481280961?i=1481280963&uo=4,Christian,data/raw/audio/kora/1ozDI6N4dzkTmiW7XPqKow.m4a,itunes,QZHN51990266,,,
0NpH083VqdlWHUSSsotx1Z,C'est la vie,Jomapel Yankee,4HIejdph6SK68Of7zovR9z,kora,UNK,2020s,westafrican,mande,https://open.spotify.com/track/0NpH083VqdlWHUSSsotx1Z,,146400,0,2026-05-01,1892940800,https://music.apple.com/us/album/cest-la-vie/1892940799?i=1892940800&uo=4,Afro-Beat,data/raw/audio/kora/0NpH083VqdlWHUSSsotx1Z.m4a,itunes,QZTBF2604071,,,
4oaahUdtJfsBA8HipvnbSm,M'Bemba,Salif Keita,0VVnWF3KNaa5O7ESohKhAx,kora,UNK,2000s,westafrican,mande,https://open.spotify.com/track/4oaahUdtJfsBA8HipvnbSm,,530186,0,2005,1445666289,https://music.apple.com/us/album/mbemba/1445666270?i=1445666289&uo=4,Worldwide,data/raw/audio/kora/4oaahUdtJfsBA8HipvnbSm.m4a,itunes,FRZ020580050,,,
7u1PHaYkLixo6zONYqvrHQ,Kora By Night (Instrumental),Maher Cissoko,7v8qNR5OXbOludbhQoLabP,kora,UNK,2010s,westafrican,mande,https://open.spotify.com/track/7u1PHaYkLixo6zONYqvrHQ,,225040,0,2017-06-09,1811248583,https://music.apple.com/us/album/kora-by-night-instrumental/1811248437?i=1811248583&uo=4,Worldwide,data/raw/audio/kora/7u1PHaYkLixo6zONYqvrHQ.m4a,itunes,SEXNQ1700110,,,
2YRDTr0reanrGZOTsWXdek,Zulu Screams (feat. Maleek Berry & Bibi Bourelly),GoldLink,5XenQ7XfcvQdfIbpLEFaKQ,kora,UNK,2010s,westafrican,mande,https://open.spotify.com/track/2YRDTr0reanrGZOTsWXdek,,177706,0,2019-06-12,1462111952,https://music.apple.com/us/album/zulu-screams-feat-maleek-berry-bibi-bourelly/1462111950?i=1462111952&uo=4,Hip-Hop/Rap,data/raw/audio/kora/2YRDTr0reanrGZOTsWXdek.m4a,itunes,USRC11901073,,,
3c3QcTYwyxtClqdYs8cb1H,A Donde Iras,Tomas Ocampo,40GV7NAWqDwAwuta8fMRf1,kora,UNK,2010s,westafrican,mande,https://open.spotify.com/track/3c3QcTYwyxtClqdYs8cb1H,,257227,0,2018-12-01,1451670186,https://music.apple.com/us/album/a-d%C3%B3nde-ir%C3%A1s/1451669833?i=1451670186&uo=4,Christian,data/raw/audio/kora/3c3QcTYwyxtClqdYs8cb1H.m4a,itunes,TCADZ1835392,,,
51ZaoEpokglsNDI2F0ClDN,Korobali,Toumani Diabaté,2nCACYdIndYchzX4bxLcTW,kora,UNK,1990s,westafrican,mande,https://open.spotify.com/track/51ZaoEpokglsNDI2F0ClDN,,547266,0,1999-06-22,1629189250,https://music.apple.com/us/album/korobali/1629188794?i=1629189250&uo=4,Worldwide,data/raw/audio/kora/51ZaoEpokglsNDI2F0ClDN.m4a,itunes,USRY20411318,,,
40sgwuGnpN1XQ3AbE9exPD,Manitoumani,Lamomali,7DxGG5hXfOSgepxXa7UqRF,kora,FR,2010s,westafrican,mande,https://open.spotify.com/track/40sgwuGnpN1XQ3AbE9exPD,,208400,0,2017-04-07,1759579547,https://music.apple.com/us/album/manitoumani/1759579537?i=1759579547&uo=4,French Pop,data/raw/audio/kora/40sgwuGnpN1XQ3AbE9exPD.m4a,itunes,FR11Y1600003,,FR,
4VPOximul51ghex5WKzSIb,Salaman,Toumani Diabaté,2nCACYdIndYchzX4bxLcTW,kora,UNK,1990s,westafrican,mande,https://open.spotify.com/track/4VPOximul51ghex5WKzSIb,,374466,0,1999-06-22,1629189246,https://music.apple.com/us/album/salaman/1629188794?i=1629189246&uo=4,Worldwide,data/raw/audio/kora/4VPOximul51ghex5WKzSIb.m4a,itunes,USRY20411315,,,
6zONDwWrSN3qynCci8v98d,Bi Lamban,Toumani Diabaté,2nCACYdIndYchzX4bxLcTW,kora,UNK,1990s,westafrican,mande,https://open.spotify.com/track/6zONDwWrSN3qynCci8v98d,,300466,0,1999-06-22,1629188795,https://music.apple.com/us/album/bi-lamban/1629188794?i=1629188795&uo=4,Worldwide,data/raw/audio/kora/6zONDwWrSN3qynCci8v98d.m4a,itunes,USRY29700860,,,
4nufrKWttWse1HVSwFNJSW,Dakan tigui,Sidiki Diabaté,0ShXtJGjzmboEPVOvIdbQA,kora,UNK,2010s,westafrican,mande,https://open.spotify.com/track/4nufrKWttWse1HVSwFNJSW,,322246,0,2017-04-26,1230638029,https://music.apple.com/us/album/dakan-tigui/1230637627?i=1230638029&uo=4,Worldwide,data/raw/audio/kora/4nufrKWttWse1HVSwFNJSW.m4a,itunes,FR7PE1700480,,,
37IbDeC2CfODD3OGcAO8Vd,Ruby,Ali Farka Touré,3mNygoyrEKLgo6sx0MzwOL,kora,UNK,2010s,westafrican,mande,https://open.spotify.com/track/37IbDeC2CfODD3OGcAO8Vd,,355840,0,2010-02-22,1716601799,https://music.apple.com/us/album/ruby/1716601796?i=1716601799&uo=4,Worldwide,data/raw/audio/kora/37IbDeC2CfODD3OGcAO8Vd.m4a,itunes,GBBGU0983001,,,
3JIKbZm4XjwM2BcuK5pSHw,Sabu Yerkoy,Ali Farka Touré,3mNygoyrEKLgo6sx0MzwOL,kora,UNK,2010s,westafrican,mande,https://open.spotify.com/track/3JIKbZm4XjwM2BcuK5pSHw,,248986,0,2010-02-22,1716601800,https://music.apple.com/us/album/sabu-yerkoy/1716601796?i=1716601800&uo=4,Worldwide,data/raw/audio/kora/3JIKbZm4XjwM2BcuK5pSHw.m4a,itunes,GBBGU0983002,,,
5IRO2Zveo6SikaOasAOtZN,Bel ami,Lamomali,7DxGG5hXfOSgepxXa7UqRF,kora,CA,2020s,westafrican,mande,https://open.spotify.com/track/5IRO2Zveo6SikaOasAOtZN,,228001,0,2025-04-25,1800796674,https://music.apple.com/us/album/bel-ami/1800796224?i=1800796674&uo=4,French Pop,data/raw/audio/kora/5IRO2Zveo6SikaOasAOtZN.m4a,itunes,FR11Y2500040,,CA,
0504BmZ0EdVRO4faj6q0Yc,Monsieur le Maire de Niafunké,Ali Farka Touré,3mNygoyrEKLgo6sx0MzwOL,kora,UNK,2000s,westafrican,mande,https://open.spotify.com/track/0504BmZ0EdVRO4faj6q0Yc,,238906,0,2005-06-27,1471581787,https://music.apple.com/us/album/monsieur-le-maire-de-niafunk%C3%A9/1471581781?i=1471581787&uo=4,Worldwide,data/raw/audio/kora/0504BmZ0EdVRO4faj6q0Yc.m4a,itunes,GBBGU0572004,,,
4NDFxJrczMb3FBQxanKguk,Dawal - Version Mbalax,Youssou N'Dour,77zlytAFjPFjUKda8TNIDY,kora,UNK,2010s,westafrican,mande,https://open.spotify.com/track/4NDFxJrczMb3FBQxanKguk,,211266,0,2017-08-01,1263610371,https://music.apple.com/us/album/dawal-version-mbalax/1263610230?i=1263610371&uo=4,Worldwide,data/raw/audio/kora/4NDFxJrczMb3FBQxanKguk.m4a,itunes,FRZ051700560,,,
0nfzcEx8zmGT9kUAKok6yf,Sénégal,Pape Diouf,54SeJkg1IKFUMgXde8cgaj,kora,UNK,2010s,westafrican,mande,https://open.spotify.com/track/0nfzcEx8zmGT9kUAKok6yf,,402239,0,2014-09-30,924327885,https://music.apple.com/us/album/s%C3%A9n%C3%A9gal/924325818?i=924327885&uo=4,African,data/raw/audio/kora/0nfzcEx8zmGT9kUAKok6yf.m4a,itunes,FR10S1455147,,,
2Ya1w0wO3IkiTl8GCQuEPT,Senegal,Viviane Chidid,237q6mAGCztUeAVYoQhn2Q,kora,UNK,2020s,westafrican,mande,https://open.spotify.com/track/2Ya1w0wO3IkiTl8GCQuEPT,,257124,0,2020-02-08,1498264000,https://music.apple.com/us/album/senegal/1498263709?i=1498264000&uo=4,African,data/raw/audio/kora/2Ya1w0wO3IkiTl8GCQuEPT.m4a,itunes,FR10S2014004,,,
63ILYZMqZcwMlv0TdtK7Vd,Kocc na ma jéggal,AMADEUS,4UIkM1s2GA411ufzpCn0ya,kora,UNK,2020s,westafrican,mande,https://open.spotify.com/track/63ILYZMqZcwMlv0TdtK7Vd,,173449,0,2024-11-01,1774053166,https://music.apple.com/us/album/kocc-na-ma-j%C3%A9ggal/1774052842?i=1774053166&uo=4,Afro-Pop,data/raw/audio/kora/63ILYZMqZcwMlv0TdtK7Vd.m4a,itunes,DGA0P2434612,,,
3P705vwQA045FNfUFiqjRB,Set,Cheikh Lô,6CFWXwqEBUi0UFoIIxmg9h,kora,UNK,1990s,westafrican,mande,https://open.spotify.com/track/3P705vwQA045FNfUFiqjRB,,327893,0,1996-10-28,1470997611,https://music.apple.com/us/album/set/1470997605?i=1470997611&uo=4,Worldwide,data/raw/audio/kora/3P705vwQA045FNfUFiqjRB.m4a,itunes,GBBGU9600646,,,
3TviTbf0afhiIeZKp8Qoam,Lonkotina,Mia Guisse,0S17uH3c9zczQrichFl24S,kora,UNK,2020s,westafrican,mande,https://open.spotify.com/track/3TviTbf0afhiIeZKp8Qoam,,195989,0,2023-11-24,1714733194,https://music.apple.com/us/album/lonkotina/1714733193?i=1714733194&uo=4,Afro-Pop,data/raw/audio/kora/3TviTbf0afhiIeZKp8Qoam.m4a,itunes,QZDFP2100365,,,
6wAmjWMvgWJc6PDXfz92FA,Ballago,Wally B. Seck,5SVxYNSZjum1qCdVczQScc,kora,UNK,2020s,westafrican,mande,https://open.spotify.com/track/6wAmjWMvgWJc6PDXfz92FA,,321877,0,2025-03-29,1804591766,https://music.apple.com/us/album/ballago-feat-ngaaka-blinde/1804591350?i=1804591766&uo=4,Afro-Beat,data/raw/audio/kora/6wAmjWMvgWJc6PDXfz92FA.m4a,itunes,FR96X2539510,,,
1pKPiIEuxKINF3uQI52Ihd,TEKNA CI YAW,Iss 814,5jjWuqXWea7SmWxUpEWC22,kora,UNK,2020s,westafrican,mande,https://open.spotify.com/track/1pKPiIEuxKINF3uQI52Ihd,,136359,0,2023-10-22,1712301095,https://music.apple.com/us/album/tekna-ci-yaw/1712301091?i=1712301095&uo=4,Afro-Pop,data/raw/audio/kora/1pKPiIEuxKINF3uQI52Ihd.m4a,itunes,QZTB82376328,,,
5UkxsKHHVJ96WF7UkRA78E,Mi Amoré,VJ,5MDNhC2R2lHAGrUg0ztgao,kora,UNK,2020s,westafrican,mande,https://open.spotify.com/track/5UkxsKHHVJ96WF7UkRA78E,,185742,0,2025-12-25,1864225858,https://music.apple.com/us/album/mi-amor%C3%A9/1864225850?i=1864225858&uo=4,Afro-Pop,data/raw/audio/kora/5UkxsKHHVJ96WF7UkRA78E.m4a,itunes,DGA082580361,,,
2aeoejEPxOP3Sbp5soBqR2,Ndakarou,Youssou N'Dour,77zlytAFjPFjUKda8TNIDY,kora,FR,2000s,westafrican,mande,https://open.spotify.com/track/2aeoejEPxOP3Sbp5soBqR2,,348107,0,2009-01-01,1441046274,https://music.apple.com/us/album/ndakarou/1441046133?i=1441046274&uo=4,African,data/raw/audio/kora/2aeoejEPxOP3Sbp5soBqR2.m4a,itunes,QM4TX2531277,,FR,
6ZI9EoHXoU3cJets5OdZ1Y,Ndakaru - Live,Youssou N'Dour,77zlytAFjPFjUKda8TNIDY,kora,UNK,2000s,westafrican,mande,https://open.spotify.com/track/6ZI9EoHXoU3cJets5OdZ1Y,,492460,0,2005-10-01,1803588988,https://music.apple.com/us/album/ndakaru-live/1803588604?i=1803588988&uo=4,African,data/raw/audio/kora/6ZI9EoHXoU3cJets5OdZ1Y.m4a,itunes,QM4TW2509727,,,
5LER6USZktM8Uxxy7O71rl,Wiri - wiri,Youssou N'Dour,77zlytAFjPFjUKda8TNIDY,kora,UNK,2000s,westafrican,mande,https://open.spotify.com/track/5LER6USZktM8Uxxy7O71rl,,247733,0,2002-10-07,168740122,https://music.apple.com/us/album/wiri-wiri/168740075?i=168740122&uo=4,Worldwide,data/raw/audio/kora/5LER6USZktM8Uxxy7O71rl.m4a,itunes,FRZ089904040,,,
0lk5tzmaJWVAv5GBvpm3xu,Peru,Fireboy DML,75VKfyoBlkmrJFDqo1o2VY,afrobeats,FR,2020s,westafrican,modern_afrobeats,https://open.spotify.com/track/0lk5tzmaJWVAv5GBvpm3xu,,151640,0,2021-07-21,1600604159,https://music.apple.com/us/album/peru/1600604157?i=1600604159&uo=4,Afrobeats,data/raw/audio/afrobeats/0lk5tzmaJWVAv5GBvpm3xu.m4a,itunes,USUYG1380499,,FR,
2ZFAAhOIIFuIKFWuE59UtM,Peru,Fireboy DML,75VKfyoBlkmrJFDqo1o2VY,afrobeats,FR,2020s,westafrican,modern_afrobeats,https://open.spotify.com/track/2ZFAAhOIIFuIKFWuE59UtM,,151640,0,2022-08-04,1600604159,https://music.apple.com/us/album/peru/1600604157?i=1600604159&uo=4,Afrobeats,data/raw/audio/afrobeats/2ZFAAhOIIFuIKFWuE59UtM.m4a,itunes,USUYG1380499,,FR,
0VjzaXw81JQJM61pzWwP8b,Nzaza,Asake,3a1tBryiczPAZpgoZN9Rzg,afrobeats,UNK,2020s,westafrican,modern_afrobeats,https://open.spotify.com/track/0VjzaXw81JQJM61pzWwP8b,,183829,0,2022-09-07,1636749034,https://music.apple.com/us/album/nzaza/1636748658?i=1636749034&uo=4,Afrobeats,data/raw/audio/afrobeats/0VjzaXw81JQJM61pzWwP8b.m4a,itunes,USUYG1437874,,,
6NcSi0HjkHbnH038uVg8OV,Soundgasm,Rema,46pWGuE3dSwY3bMMXGBvVS,afrobeats,AF,2020s,westafrican,modern_afrobeats,https://open.spotify.com/track/6NcSi0HjkHbnH038uVg8OV,,204755,0,2021-05-18,1591445225,https://music.apple.com/us/album/soundgasm-mixed/1591445202?i=1591445225&uo=4,Afrobeats,data/raw/audio/afrobeats/6NcSi0HjkHbnH038uVg8OV.m4a,itunes,NGA3B2114003,,AF,
3FskQrDXcY24ur2fCvz35O,Ye,Burna Boy,3wcj11K77LjEY1PkEazffa,afrobeats,AF,2010s,westafrican,modern_afrobeats,https://open.spotify.com/track/3FskQrDXcY24ur2fCvz35O,,231618,0,2018-01-26,1684656792,https://music.apple.com/us/album/ye-mixed/1684656737?i=1684656792&uo=4,Afrobeats,data/raw/audio/afrobeats/3FskQrDXcY24ur2fCvz35O.m4a,itunes,USAT21800327,,AF,
2UxfLzrOzdHlwrIzjhsHT2,2Factor,Young Jonn,4JM1zsVj1pt38Q8mhv5teI,afrobeats,UNK,2020s,westafrican,modern_afrobeats,https://open.spotify.com/track/2UxfLzrOzdHlwrIzjhsHT2,,226283,0,2025-11-28,1852785827,https://music.apple.com/us/album/2factor/1852785810?i=1852785827&uo=4,Afrobeats,data/raw/audio/afrobeats/2UxfLzrOzdHlwrIzjhsHT2.m4a,itunes,ZA34K2503079,,,
10FJRxGgHlM7cHQwbFNdX4,Energy,Runtown,6mMtnxEQkYoY5FfJIQ9Rhb,afrobeats,UNK,2010s,westafrican,modern_afrobeats,https://open.spotify.com/track/10FJRxGgHlM7cHQwbFNdX4,,197877,0,2017-11-23,1480190897,https://music.apple.com/us/album/energy/1480190896?i=1480190897&uo=4,Afro-Pop,data/raw/audio/afrobeats/10FJRxGgHlM7cHQwbFNdX4.m4a,itunes,QMEZE1749006,,,
44G2gUVQvNNZ6w3i05tR4n,Sensational (feat. Davido & Lojay),Chris Brown,7bXgB6jMjp9ATFy66eO08Z,afrobeats,UNK,2020s,westafrican,modern_afrobeats,https://open.spotify.com/track/44G2gUVQvNNZ6w3i05tR4n,,231109,0,2023-11-10,1715744552,https://music.apple.com/us/album/sensational-feat-davido-lojay/1715744549?i=1715744552&uo=4,R&B/Soul,data/raw/audio/afrobeats/44G2gUVQvNNZ6w3i05tR4n.m4a,itunes,USRC12302777,,,
5vBSmiYdx3PRYM3VynXWkj,Kilimanjaro,Tiwa Savage,1hNaHKp2Za5YdOAG0WnRbc,afrobeats,UNK,2020s,westafrican,modern_afrobeats,https://open.spotify.com/track/5vBSmiYdx3PRYM3VynXWkj,,153130,0,2024-05-09,1743876013,https://music.apple.com/us/album/kilimanjaro/1743875733?i=1743876013&uo=4,African,data/raw/audio/afrobeats/5vBSmiYdx3PRYM3VynXWkj.m4a,itunes,USUYG1546015,,,
33afUiBRLibqe53ymIdtw3,ghana jollof,Lasmid,3WDXKsCKcxJhvrvpdg5IGI,afrobeats,UNK,2020s,westafrican,modern_afrobeats,https://open.spotify.com/track/33afUiBRLibqe53ymIdtw3,,159331,0,2025-06-27,1819524592,https://music.apple.com/us/album/ghana-jollof/1819524591?i=1819524592&uo=4,Afrobeats,data/raw/audio/afrobeats/33afUiBRLibqe53ymIdtw3.m4a,itunes,USA2P2528627,,,
0AzAaHxrFAP9x0LXWDDfkp,Sor Mi Mu,Gyakie,1zO1FWFxxNUCqUuGATxZQZ,afrobeats,UNK,2020s,westafrican,modern_afrobeats,https://open.spotify.com/track/0AzAaHxrFAP9x0LXWDDfkp,,201107,0,2020-02-07,1497225144,https://music.apple.com/us/album/sor-mi-mu-feat-bisa-kdei/1497225139?i=1497225144&uo=4,Afrobeats,data/raw/audio/afrobeats/0AzAaHxrFAP9x0LXWDDfkp.m4a,itunes,QZFYZ2050558,,,
1lEhZRJ67hhF1EaBEXetYF,No Dulling (feat. Kuami Eugene),Keche,7I8VnUISFUDhcyfzdFk19E,afrobeats,UNK,2020s,westafrican,modern_afrobeats,https://open.spotify.com/track/1lEhZRJ67hhF1EaBEXetYF,,238590,0,2020-07-31,1713218572,https://music.apple.com/us/album/no-dulling-feat-kuami-eugene/1713218286?i=1713218572&uo=4,Afro-Pop,data/raw/audio/afrobeats/1lEhZRJ67hhF1EaBEXetYF.m4a,itunes,TCAEZ2056551,,,
6N9GrK3OSdZPgiFnXEnucr,Abotr3 (Patience),Amerado,4vNCRfPa5uflWbtrBxEZew,afrobeats,UNK,2020s,westafrican,modern_afrobeats,https://open.spotify.com/track/6N9GrK3OSdZPgiFnXEnucr,,178171,0,2021-10-26,1589244109,https://music.apple.com/us/album/abotr3-patience-feat-black-sherif/1589244108?i=1589244109&uo=4,Worldwide,data/raw/audio/afrobeats/6N9GrK3OSdZPgiFnXEnucr.m4a,itunes,QZNJX2134410,,,
2vK93nwA5PNJVQa3OXeg5Y,Odo,KiDi,14PimM6ohO2gYftuwTam9V,afrobeats,UNK,2010s,westafrican,modern_afrobeats,https://open.spotify.com/track/2vK93nwA5PNJVQa3OXeg5Y,,186990,0,2017-07-26,1724112577,https://music.apple.com/us/album/odo/1724112573?i=1724112577&uo=4,Worldwide,data/raw/audio/afrobeats/2vK93nwA5PNJVQa3OXeg5Y.m4a,itunes,TCADE1761891,,,
1AVVencV5yF6KzISmmjUbg,Ghana Bounce,Ajebutter22,36gl2NBJNRaQakdS4fTKGW,afrobeats,UNK,2010s,westafrican,modern_afrobeats,https://open.spotify.com/track/1AVVencV5yF6KzISmmjUbg,,225384,0,2017-11-24,1626769413,https://music.apple.com/us/album/ghana-bounce-feat-mr-eazi-eugy-mixed/1626769410?i=1626769413&uo=4,Afrobeats,data/raw/audio/afrobeats/1AVVencV5yF6KzISmmjUbg.m4a,itunes,UK43Q1704997,,,
6bqlNzdVBe9wo5zkh5yjDX,Rendezvous,Eugy Official,6BhoGzrwRr9eELLBJ55ldo,afrobeats,UNK,2010s,westafrican,modern_afrobeats,https://open.spotify.com/track/6bqlNzdVBe9wo5zkh5yjDX,,170097,0,2019-11-29,1487449738,https://music.apple.com/us/album/rendezvous/1487449737?i=1487449738&uo=4,Worldwide,data/raw/audio/afrobeats/6bqlNzdVBe9wo5zkh5yjDX.m4a,itunes,GB7TP1900223,,,
5qZxyUzCBfJnALNDKneQfH,Cease Fire,Fuse ODG,374sWpAJsbZckf98df2jJJ,afrobeats,UNK,2020s,westafrican,modern_afrobeats,https://open.spotify.com/track/5qZxyUzCBfJnALNDKneQfH,,139175,0,2025-06-20,1814954753,https://music.apple.com/us/album/cease-fire-feat-olivetheboy/1814954743?i=1814954753&uo=4,Afrobeats,data/raw/audio/afrobeats/5qZxyUzCBfJnALNDKneQfH.m4a,itunes,QM7282514748,,,
0uNZ77FulqBuacdDEysX6E,Say Cheese - Remix,KiDi,14PimM6ohO2gYftuwTam9V,afrobeats,UNK,2020s,westafrican,modern_afrobeats,https://open.spotify.com/track/0uNZ77FulqBuacdDEysX6E,,155686,0,2020-08-28,1527672564,https://music.apple.com/us/album/say-cheese-remix/1527672563?i=1527672564&uo=4,Afro-Beat,data/raw/audio/afrobeats/0uNZ77FulqBuacdDEysX6E.m4a,itunes,GBUM72004310,,,
5fC069mGvqIEewBM1vCZKy,"Kusuu (feat. Kweku Flick, Abra Cadabra & ODUMODUBLVCK) - Remix",Smallgod,4qgwPhVCW359a62QYueaVP,afrobeats,UNK,2020s,westafrican,modern_afrobeats,https://open.spotify.com/track/5fC069mGvqIEewBM1vCZKy,,206197,0,2024-03-01,1726485089,https://music.apple.com/us/album/kusuu-feat-kweku-flick-abra-cadabra-odumodublvck-remix/1726485087?i=1726485089&uo=4,Afro-Beat,data/raw/audio/afrobeats/5fC069mGvqIEewBM1vCZKy.m4a,itunes,US38Y2401282,,,
5YbPxJwPfrj7uswNwoF1pJ,Last Last,Burna Boy,3wcj11K77LjEY1PkEazffa,afrobeats,XE,2020s,westafrican,modern_afrobeats,https://open.spotify.com/track/5YbPxJwPfrj7uswNwoF1pJ,,172342,0,2022-07-07,1623677811,https://music.apple.com/us/album/last-last/1623677591?i=1623677811&uo=4,Afro-fusion,data/raw/audio/afrobeats/5YbPxJwPfrj7uswNwoF1pJ.m4a,itunes,USAT22204901,,XE,
4kCkgD1ITALBjzBwGsf6tW,wgft (feat. Burna Boy),Gunna,2hlmm7s2ICUX0LVIhVFlZQ,afrobeats,UNK,2020s,westafrican,modern_afrobeats,https://open.spotify.com/track/4kCkgD1ITALBjzBwGsf6tW,,184440,0,2025-08-07,1831834814,https://music.apple.com/us/album/wgft-feat-burna-boy/1831834622?i=1831834814&uo=4,Hip-Hop/Rap,data/raw/audio/afrobeats/4kCkgD1ITALBjzBwGsf6tW.m4a,itunes,USAT22505814,,,
57DarSfRMIVRCeDBGW0l5S,Last Last,Burna Boy,3wcj11K77LjEY1PkEazffa,afrobeats,XE,2020s,westafrican,modern_afrobeats,https://open.spotify.com/track/57DarSfRMIVRCeDBGW0l5S,,172342,0,2022-07-06,1623677811,https://music.apple.com/us/album/last-last/1623677591?i=1623677811&uo=4,Afro-fusion,data/raw/audio/afrobeats/57DarSfRMIVRCeDBGW0l5S.m4a,itunes,USAT22204901,,XE,
0WsC4ETIXyiHDMXRaPMvKe,wgft (feat. Burna Boy),Gunna,2hlmm7s2ICUX0LVIhVFlZQ,afrobeats,UNK,2020s,westafrican,modern_afrobeats,https://open.spotify.com/track/0WsC4ETIXyiHDMXRaPMvKe,,184440,0,2025-08-08,1831834814,https://music.apple.com/us/album/wgft-feat-burna-boy/1831834622?i=1831834814&uo=4,Hip-Hop/Rap,data/raw/audio/afrobeats/0WsC4ETIXyiHDMXRaPMvKe.m4a,itunes,USAT22505814,,,
6KFWubocLBhrLs31RpEdR9,Location (feat. Burna Boy),Dave,6Ip8FS7vWT1uKkJSweANQK,afrobeats,UNK,2010s,westafrican,modern_afrobeats,https://open.spotify.com/track/6KFWubocLBhrLs31RpEdR9,,241293,0,2019-03-08,1661583437,https://music.apple.com/us/album/location-feat-burna-boy-mixed/1661583192?i=1661583437&uo=4,Afrobeats,data/raw/audio/afrobeats/6KFWubocLBhrLs31RpEdR9.m4a,itunes,GBUM71900578,,,
5pAbCxt9e3f81lOmjIXwzd,Be Honest (feat. Burna Boy),Jorja Smith,1CoZyIx7UvdxT5c8UkMzHd,afrobeats,UNK,2010s,westafrican,modern_afrobeats,https://open.spotify.com/track/5pAbCxt9e3f81lOmjIXwzd,,207030,0,2019-08-16,1473505752,https://music.apple.com/us/album/be-honest-feat-burna-boy/1473505744?i=1473505752&uo=4,R&B/Soul,data/raw/audio/afrobeats/5pAbCxt9e3f81lOmjIXwzd.m4a,itunes,QM6P41954566,,,
3F5CgOj3wFlRv51JsHbxhe,Jimmy Cooks (feat. 21 Savage),Drake,3TVXtAsR1Inumwj472S9r4,afrobeats,UNK,2020s,westafrican,modern_afrobeats,https://open.spotify.com/track/3F5CgOj3wFlRv51JsHbxhe,,218364,0,2022-06-17,1630221907,https://music.apple.com/us/album/jimmy-cooks-feat-21-savage/1630221591?i=1630221907&uo=4,Dance,data/raw/audio/afrobeats/3F5CgOj3wFlRv51JsHbxhe.m4a,itunes,USUG12204897,,,
5FG7Tl93LdH117jEKYl3Cm,Essence (feat. Tems),Wizkid,3tVQdUvClmAT7URs9V3rsp,afrobeats,UNK,2020s,westafrican,modern_afrobeats,https://open.spotify.com/track/5FG7Tl93LdH117jEKYl3Cm,,249033,0,2020-10-29,1531532767,https://music.apple.com/us/album/essence-feat-tems/1531532301?i=1531532767&uo=4,Afrobeats,data/raw/audio/afrobeats/5FG7Tl93LdH117jEKYl3Cm.m4a,itunes,USRC12003059,,,
5mN3xSyvCmFy1jkdA98IfS,Fever,Wizkid,3tVQdUvClmAT7URs9V3rsp,afrobeats,UNK,2010s,westafrican,modern_afrobeats,https://open.spotify.com/track/5mN3xSyvCmFy1jkdA98IfS,,252244,0,2018-09-30,1437296092,https://music.apple.com/us/album/fever/1437295802?i=1437296092&uo=4,Afro-Pop,data/raw/audio/afrobeats/5mN3xSyvCmFy1jkdA98IfS.m4a,itunes,USRC11803307,,,
1AtBzcUzKLh4BGwXhFA9K6,Ojuelegba,Wizkid,3tVQdUvClmAT7URs9V3rsp,afrobeats,NG,2010s,westafrican,modern_afrobeats,https://open.spotify.com/track/1AtBzcUzKLh4BGwXhFA9K6,,216242,0,2014-09-17,1627800107,https://music.apple.com/us/album/ojuelegba/1627800102?i=1627800107&uo=4,Afrobeats,data/raw/audio/afrobeats/1AtBzcUzKLh4BGwXhFA9K6.m4a,itunes,USHM81492540,,NG,
1MZtr7IH5qtjIkqrXj8WOJ,Essence (feat. Justin Bieber & Tems),Wizkid,3tVQdUvClmAT7URs9V3rsp,afrobeats,UNK,2020s,westafrican,modern_afrobeats,https://open.spotify.com/track/1MZtr7IH5qtjIkqrXj8WOJ,,263288,0,2021-08-27,1581003927,https://music.apple.com/us/album/essence-feat-justin-bieber-tems/1581002994?i=1581003927&uo=4,Pop,data/raw/audio/afrobeats/1MZtr7IH5qtjIkqrXj8WOJ.m4a,itunes,USRC12102450,,,
